Date,AVGO
5/20/2025,231.68
5/19/2025,230.63
5/16/2025,228.61
5/15/2025,232.64
5/14/2025,232.12
5/13/2025,232.42
5/12/2025,221.58
5/9/2025,208.2
5/8/2025,207.77
5/7/2025,204.81
5/6/2025,200.09
5/5/2025,200.72
5/2/2025,203.64
5/1/2025,197.33
4/30/2025,192.47
4/29/2025,191.17
4/28/2025,192.47
4/25/2025,192.31
4/24/2025,188.15
4/23/2025,176.91
4/22/2025,169.58
4/21/2025,166.21
4/17/2025,170.99
4/16/2025,174.61
4/15/2025,178.95
4/14/2025,178.36
4/11/2025,181.94
4/10/2025,172.3
4/9/2025,185.15
4/8/2025,156.03
4/7/2025,154.14
4/4/2025,146.29
4/3/2025,154.01
4/2/2025,172.09
4/1/2025,168.52
3/31/2025,167.43
3/28/2025,169.12
3/27/2025,171.99
3/26/2025,179.27
3/25/2025,188.26
3/24/2025,191.25
3/21/2025,191.66
3/20/2025,190.54
3/19/2025,195.57
3/18/2025,188.67
3/17/2025,194.5
3/14/2025,195.54
3/13/2025,191.36
3/12/2025,194.23
3/11/2025,190.09
3/10/2025,184.45
3/7/2025,194.96
3/6/2025,179.45
3/5/2025,191.58
3/4/2025,187.48
3/3/2025,187.37
2/28/2025,199.43
2/27/2025,197.8
2/26/2025,212.94
2/25/2025,202.54
2/24/2025,207.93
2/21/2025,218.66
2/20/2025,226.74
2/19/2025,228.73
2/18/2025,228.53
2/14/2025,233.04
2/13/2025,235.8
2/12/2025,236.35
2/11/2025,235.04
2/10/2025,235.04
2/7/2025,224.87
2/6/2025,231.36
2/5/2025,232
2/4/2025,222.43
2/3/2025,217.73
1/31/2025,221.27
1/30/2025,215.66
1/29/2025,206.35
1/28/2025,207.36
1/27/2025,202.13
1/24/2025,244.7
1/23/2025,240.28
1/22/2025,240.91
1/21/2025,240.31
1/17/2025,237.44
1/16/2025,229.41
1/15/2025,228
1/14/2025,224.7
1/13/2025,225.29
1/10/2025,224.31
1/8/2025,229.31
1/7/2025,228.64
1/6/2025,236.41
1/3/2025,232.55
1/2/2025,231.98
12/31/2024,231.84
12/30/2024,235.58
12/27/2024,241.75
12/26/2024,245.36
12/24/2024,239.68
12/23/2024,232.35
12/20/2024,220.79
12/19/2024,218.32
12/18/2024,223.62
12/17/2024,240.23
12/16/2024,250
12/13/2024,224.8
12/12/2024,180.66
12/11/2024,183.2
12/10/2024,171.81
12/9/2024,178.94
12/6/2024,179.53
12/5/2024,170.47
12/4/2024,170.56
12/3/2024,168.15
12/2/2024,166.51
11/29/2024,162.08
11/27/2024,159.67
11/26/2024,164.74
11/25/2024,164.82
11/22/2024,164.23
11/21/2024,163.94
11/20/2024,163.25
11/19/2024,165.35
11/18/2024,165.67
11/15/2024,164.84
11/14/2024,170.38
11/13/2024,173.58
11/12/2024,176.22
11/11/2024,178.91
11/8/2024,183.64
11/7/2024,183.81
11/6/2024,179.55
11/5/2024,173.9
11/4/2024,168.55
11/1/2024,168.92
10/31/2024,169.77
10/30/2024,176.64
10/29/2024,179.24
10/28/2024,172.02
10/25/2024,173
10/24/2024,171.35
10/23/2024,173.51
10/22/2024,179.38
10/21/2024,179.99
10/18/2024,179.89
10/17/2024,181.53
10/16/2024,176.82
10/15/2024,175.98
10/14/2024,182.31
10/11/2024,181.48
10/10/2024,185.69
10/9/2024,185.95
10/8/2024,180.73
10/7/2024,175.08
10/4/2024,176.64
10/3/2024,171.89
10/2/2024,170.66
10/1/2024,167.47
9/30/2024,172.5
9/27/2024,172.69
9/26/2024,178.09
9/25/2024,175.52
9/24/2024,174.84
9/23/2024,172.94
9/20/2024,171.1
9/19/2024,167.42
9/18/2024,161.67
9/17/2024,162.47
9/16/2024,164.02
9/13/2024,167.69
9/12/2024,164.56
9/11/2024,158.27
9/10/2024,148.21
9/9/2024,140.82
9/6/2024,136.99
9/5/2024,152.82
9/4/2024,154.12
9/3/2024,152.79
8/30/2024,162.82
8/29/2024,156.93
8/28/2024,158.18
8/27/2024,161.39
8/26/2024,159.62
8/23/2024,166.36
8/22/2024,162.34
8/21/2024,165.78
8/20/2024,165.95
8/19/2024,167.71
8/16/2024,165.72
8/15/2024,166.13
8/14/2024,157.69
8/13/2024,156.16
8/12/2024,148.62
8/9/2024,148.26
8/8/2024,145.74
8/7/2024,136.27
8/6/2024,143.92
8/5/2024,142.08
8/2/2024,143.82
8/1/2024,147.02
7/31/2024,160.68
7/30/2024,143.52
7/29/2024,150.22
7/26/2024,151.63
7/25/2024,149.26
7/24/2024,151.34
7/23/2024,163.77
7/22/2024,161.06
7/19/2024,157.35
7/18/2024,160.52
7/17/2024,155.98
7/16/2024,169.38
7/15/2024,171.42
7/12/2024,170.07
7/11/2024,170.6
7/10/2024,174.47
7/9/2024,173.33
7/8/2024,174.59
7/5/2024,170.33
7/3/2024,172.92
7/2/2024,165.75
7/1/2024,164.08
6/28/2024,160.55
6/27/2024,158.67
6/26/2024,159.2
6/25/2024,158.08
6/24/2024,159.22
6/21/2024,165.86
6/20/2024,173.46
6/18/2024,180.25
6/17/2024,182.89
6/14/2024,173.5
6/13/2024,167.9
6/12/2024,149.55
6/11/2024,146.1
6/10/2024,144.05
6/7/2024,140.66
6/6/2024,140.13
6/5/2024,141.31
6/4/2024,133.08
6/3/2024,132.19
5/31/2024,132.85
5/30/2024,136.41
5/29/2024,139.07
5/28/2024,141.24
5/24/2024,140.78
5/23/2024,139.33
5/22/2024,139.22
5/21/2024,139.92
5/20/2024,141.4
5/17/2024,139.53
5/16/2024,141.21
5/15/2024,143.62
5/14/2024,138
5/13/2024,133.75
5/10/2024,133.28
5/9/2024,130.57
5/8/2024,132.54
5/7/2024,130.31
5/6/2024,131.03
5/3/2024,127.81
5/2/2024,123.86
5/1/2024,124.29
4/30/2024,130.03
4/29/2024,133.86
4/26/2024,134.41
4/25/2024,129.44
4/24/2024,125.68
4/23/2024,124.92
4/22/2024,122.45
4/19/2024,120.47
4/18/2024,125.9
4/17/2024,128.26
4/16/2024,132.91
4/15/2024,131.07
4/12/2024,134.41
4/11/2024,138.25
4/10/2024,132.24
4/9/2024,133.41
4/8/2024,133.61
4/5/2024,133.94
4/4/2024,131.75
4/3/2024,136.32
4/2/2024,133.88
4/1/2024,135.03
3/28/2024,132.54
3/27/2024,131.87
3/26/2024,133.15
3/25/2024,135.16
3/22/2024,135.35
3/21/2024,134.8
3/20/2024,127.6
3/19/2024,123.8
3/18/2024,123.72
3/15/2024,123.55
3/14/2024,126.23
3/13/2024,125.79
3/12/2024,129.19
3/11/2024,129.31
3/8/2024,130.87
3/7/2024,140.7
3/6/2024,135
3/5/2024,134.27
3/4/2024,140.23
3/1/2024,139.92
2/29/2024,130.05
2/28/2024,128.94
2/27/2024,129.62
2/26/2024,130.91
2/23/2024,129.64
2/22/2024,130.49
2/21/2024,122.75
2/20/2024,122.65
2/16/2024,124.55
2/15/2024,126.51
2/14/2024,126.22
2/13/2024,125.17
2/12/2024,126.5
2/9/2024,128.34
2/8/2024,127.48
2/7/2024,125.71
2/6/2024,122.26
2/5/2024,124.31
2/2/2024,122.43
2/1/2024,120
1/31/2024,118
1/30/2024,120.82
1/29/2024,121.78
1/26/2024,120.49
1/25/2024,123
1/24/2024,125.39
1/23/2024,122.63
1/22/2024,122.05
1/19/2024,121.12
1/18/2024,114.39
1/17/2024,110.37
1/16/2024,111.5
1/12/2024,110.77
1/11/2024,110
1/10/2024,108.06
1/9/2024,108.25
1/8/2024,107.49
1/5/2024,104.93
1/4/2024,104.9
1/3/2024,105.86
1/2/2024,108.54
12/29/2023,111.63
12/28/2023,112.24
12/27/2023,112.62
12/26/2023,113.19
12/22/2023,112.2
12/21/2023,112.73
12/20/2023,111.04
12/19/2023,113.96
12/18/2023,114.7
12/15/2023,112.97
12/14/2023,110.65
12/13/2023,108.97
12/12/2023,107.23
12/11/2023,102.92
12/8/2023,94.43
12/7/2023,92.23
12/6/2023,90.36
12/5/2023,91.31
12/4/2023,92.4
12/1/2023,93
11/30/2023,92.57
11/29/2023,94.08
11/28/2023,94.64
11/27/2023,95.02
11/24/2023,97.89
11/22/2023,97.2
11/21/2023,98.12
11/20/2023,99.57
11/17/2023,97.77
11/16/2023,95.96
11/15/2023,97.54
11/14/2023,97.3
11/13/2023,94.69
11/10/2023,95.75
11/9/2023,91.14
11/8/2023,91.11
11/7/2023,89.78
11/6/2023,88.08
11/3/2023,88.27
11/2/2023,87.13
11/1/2023,85.29
10/31/2023,84.14
10/30/2023,84.13
10/27/2023,83.84
10/26/2023,82.68
10/25/2023,84.96
10/24/2023,88.11
10/23/2023,86.22
10/20/2023,85.36
10/19/2023,86.78
10/18/2023,88.7
10/17/2023,88.44
10/16/2023,90.26
10/13/2023,88.32
10/12/2023,90.56
10/11/2023,87.46
10/10/2023,85.84
10/9/2023,85.59
10/6/2023,84.53
10/5/2023,82.39
10/4/2023,82.38
10/3/2023,81.48
10/2/2023,83.5
9/29/2023,83.06
9/28/2023,83.2
9/27/2023,81.68
9/26/2023,81.62
9/25/2023,83.39
9/22/2023,82.91
9/21/2023,80.84
9/20/2023,83.06
9/19/2023,84.92
9/18/2023,85
9/15/2023,85.17
9/14/2023,87.16
9/13/2023,85.29
9/12/2023,84.45
9/11/2023,85.91
9/8/2023,85.75
9/7/2023,85.7
9/6/2023,87.23
9/5/2023,87.22
9/1/2023,87.25
8/31/2023,92.29
8/30/2023,89.23
8/29/2023,88.99
8/28/2023,86.11
8/25/2023,85.18
8/24/2023,85.45
8/23/2023,87.66
8/22/2023,85.58
8/21/2023,86.51
8/18/2023,82.58
8/17/2023,82.71
8/16/2023,83.3
8/15/2023,84.25
8/14/2023,85.41
8/11/2023,82.98
8/10/2023,84.29
8/9/2023,85.07
8/8/2023,88.32
8/7/2023,89.71
8/4/2023,88.17
8/3/2023,88.5
8/2/2023,89.23
8/1/2023,92
7/31/2023,89.86
7/28/2023,89.98
7/27/2023,89.35
7/26/2023,89.31
7/25/2023,91.8
7/24/2023,90.16
7/21/2023,89.68
7/20/2023,88.83
7/19/2023,90.14
7/18/2023,90.34
7/17/2023,91.04
7/14/2023,88.86
7/13/2023,89.04
7/12/2023,89
7/11/2023,88.21
7/10/2023,87.77
7/7/2023,84.68
7/6/2023,84.8
7/5/2023,86.19
7/3/2023,87.64
6/30/2023,86.74
6/29/2023,86.26
6/28/2023,84.79
6/27/2023,84.84
6/26/2023,82.16
6/23/2023,82.21
6/22/2023,84.24
6/21/2023,84.77
6/20/2023,86.8
6/16/2023,86.81
6/15/2023,88.34
6/14/2023,88.62
6/13/2023,85.11
6/12/2023,85.54
6/9/2023,80.46
6/8/2023,80.42
6/7/2023,79.26
6/6/2023,79
6/5/2023,80.23
6/2/2023,81.2
6/1/2023,79
5/31/2023,80.8
5/30/2023,80.33
5/26/2023,81.27
5/25/2023,72.88
5/24/2023,67.95
5/23/2023,68.65
5/22/2023,67.84
5/19/2023,68.22
5/18/2023,67.79
5/17/2023,65.75
5/16/2023,64.14
5/15/2023,63.98
5/12/2023,63.12
5/11/2023,62.77
5/10/2023,62.63
5/9/2023,61.85
5/8/2023,62.91
5/5/2023,63.01
5/4/2023,61.02
5/3/2023,61.32
5/2/2023,61.23
5/1/2023,63.79
4/28/2023,62.65
4/27/2023,61.84
4/26/2023,61.62
4/25/2023,62.2
4/24/2023,63.45
4/21/2023,63.29
4/20/2023,63.3
4/19/2023,63.45
4/18/2023,63.23
4/17/2023,62.74
4/14/2023,61.95
4/13/2023,62.42
4/12/2023,61.67
4/11/2023,62.16
4/10/2023,62.74
4/6/2023,62.26
4/5/2023,62.9
4/4/2023,63.44
4/3/2023,64.25
3/31/2023,64.15
3/30/2023,63.38
3/29/2023,62.55
3/28/2023,62.47
3/27/2023,62.68
3/24/2023,63.62
3/23/2023,63.92
3/22/2023,63.09
3/21/2023,63.67
3/20/2023,64.37
3/17/2023,63.1
3/16/2023,63.65
3/15/2023,62.6
3/14/2023,63.25
3/13/2023,61.65
3/10/2023,61.48
3/9/2023,62.25
3/8/2023,63.23
3/7/2023,62.51
3/6/2023,63.29
3/3/2023,63.28
3/2/2023,59.87
3/1/2023,59.36
2/28/2023,59.43
2/27/2023,58.54
2/24/2023,57.78
2/23/2023,58.38
2/22/2023,57.62
2/21/2023,58.15
2/17/2023,59.56
2/16/2023,60.05
2/15/2023,60.77
2/14/2023,60.23
2/13/2023,60.11
2/10/2023,59.33
2/9/2023,59.94
2/8/2023,60.17
2/7/2023,61.44
2/6/2023,60.13
2/3/2023,59.76
2/2/2023,60.58
2/1/2023,60.28
1/31/2023,58.5
1/30/2023,58.15
1/27/2023,59.1
1/26/2023,59.86
1/25/2023,58.57
1/24/2023,58.5
1/23/2023,58.16
1/20/2023,57.08
1/19/2023,56.32
1/18/2023,57.43
1/17/2023,57.92
1/13/2023,57.9
1/12/2023,58.19
1/11/2023,57.81
1/10/2023,57.49
1/9/2023,57.69
1/6/2023,58.84
1/5/2023,55.5
1/4/2023,56.02
1/3/2023,55.35
12/30/2022,55.91
12/29/2022,55.78
12/28/2022,54.49
12/27/2022,55.35
12/23/2022,55.24
12/22/2022,55.31
12/21/2022,56.12
12/20/2022,54.4
12/19/2022,54.96
12/16/2022,55.59
12/15/2022,55.8
12/14/2022,57.44
12/13/2022,57.1
12/12/2022,55.66
12/9/2022,54.47
12/8/2022,53.11
12/7/2022,51.85
12/6/2022,52.58
12/5/2022,53.06
12/2/2022,54.08
12/1/2022,55.08
11/30/2022,55.1
11/29/2022,52.14
11/28/2022,52.22
11/25/2022,52.99
11/23/2022,53.36
11/22/2022,53.01
11/21/2022,51.74
11/18/2022,51.52
11/17/2022,51.21
11/16/2022,51.17
11/15/2022,52.44
11/14/2022,51.32
11/11/2022,51.81
11/10/2022,50.66
11/9/2022,46.95
11/8/2022,48.21
11/7/2022,47.52
11/4/2022,46.53
11/3/2022,44.41
11/2/2022,45.6
11/1/2022,46.79
10/31/2022,47.01
10/28/2022,47.29
10/27/2022,45.54
10/26/2022,46.12
10/25/2022,46.01
10/24/2022,45.65
10/21/2022,44.97
10/20/2022,43.03
10/19/2022,43.53
10/18/2022,43.48
10/17/2022,43.54
10/14/2022,42.71
10/13/2022,43.8
10/12/2022,43.06
10/11/2022,43.08
10/10/2022,43.77
10/7/2022,46.05
10/6/2022,47.95
10/5/2022,48.48
10/4/2022,47.99
10/3/2022,45.68
9/30/2022,44.4
9/29/2022,45.01
9/28/2022,46.6
9/27/2022,46.47
9/26/2022,46.23
9/23/2022,46.87
9/22/2022,47.76
9/21/2022,48.21
9/20/2022,49.31
9/19/2022,50.18
9/16/2022,50.25
9/15/2022,50.01
9/14/2022,51.08
9/13/2022,50.37
9/12/2022,52.91
9/9/2022,52.24
9/8/2022,51.19
9/7/2022,50.51
9/6/2022,49.82
9/2/2022,50.02
9/1/2022,49.2
8/31/2022,49.91
8/30/2022,50.64
8/29/2022,51.42
8/26/2022,52.09
8/25/2022,55.01
8/24/2022,53.08
8/23/2022,52.98
8/22/2022,52.88
8/19/2022,54.84
8/18/2022,55.85
8/17/2022,53.86
8/16/2022,55.17
8/15/2022,55.9
8/12/2022,55.82
8/11/2022,54.54
8/10/2022,55.04
8/9/2022,53.28
8/8/2022,54.55
8/5/2022,55.14
8/4/2022,55.28
8/3/2022,54.67
8/2/2022,53.12
8/1/2022,53.64
7/29/2022,53.55
7/28/2022,53.36
7/27/2022,52.78
7/26/2022,51.11
7/25/2022,51.31
7/22/2022,51.25
7/21/2022,51.77
7/20/2022,51.18
7/19/2022,50.9
7/18/2022,49.11
7/15/2022,49.45
7/14/2022,48.46
7/13/2022,48.17
7/12/2022,48.14
7/11/2022,48.29
7/8/2022,49.87
7/7/2022,49.85
7/6/2022,48.26
7/5/2022,47.63
7/1/2022,47.78
6/30/2022,48.58
6/29/2022,49.04
6/28/2022,49.85
6/27/2022,50.57
6/24/2022,50.91
6/23/2022,49.66
6/22/2022,49.61
6/21/2022,50.38
6/17/2022,49.87
6/16/2022,49.72
6/15/2022,52.67
6/14/2022,52.02
6/13/2022,51.76
6/10/2022,54.13
6/9/2022,55.62
6/8/2022,56.54
6/7/2022,57.3
6/6/2022,56.12
6/3/2022,56.33
6/2/2022,57.67
6/1/2022,57.36
5/31/2022,58.01
5/27/2022,58.33
5/26/2022,55.07
5/25/2022,53.16
5/24/2022,52.42
5/23/2022,52.64
5/20/2022,54.32
5/19/2022,54.62
5/18/2022,57.06
5/17/2022,60.81
5/16/2022,58.27
5/13/2022,58.82
5/12/2022,57.16
5/11/2022,56.71
5/10/2022,58.14
5/9/2022,56.29
5/6/2022,58.01
5/5/2022,58
5/4/2022,60.37
5/3/2022,58.12
5/2/2022,57.63
4/29/2022,55.44
4/28/2022,57.89
4/27/2022,55.95
4/26/2022,56.01
4/25/2022,58.79
4/22/2022,58.7
4/21/2022,59.27
4/20/2022,59.77
4/19/2022,59.76
4/18/2022,58.65
4/14/2022,57.38
4/13/2022,59.25
4/12/2022,58.51
4/11/2022,58.06
4/8/2022,58.7
4/7/2022,60.3
4/6/2022,60.2
4/5/2022,61.41
4/4/2022,63.48
4/1/2022,62.7
3/31/2022,62.97
3/30/2022,63.11
3/29/2022,64.15
3/28/2022,63.29
3/25/2022,62.89
3/24/2022,62.64
3/23/2022,59.94
3/22/2022,61.13
3/21/2022,60.13
3/18/2022,61.04
3/17/2022,60.27
3/16/2022,60.71
3/15/2022,59.28
3/14/2022,56.78
3/11/2022,57.78
3/10/2022,58.77
3/9/2022,59.7
3/8/2022,57.59
3/7/2022,57.07
3/4/2022,59.6
3/3/2022,57.86
3/2/2022,58.58
3/1/2022,57.01
2/28/2022,58.74
2/25/2022,58.8
2/24/2022,58
2/23/2022,56.52
2/22/2022,57.75
2/18/2022,58
2/17/2022,57.9
2/16/2022,59.72
2/15/2022,60.28
2/14/2022,57.86
2/11/2022,57.34
2/10/2022,59.14
2/9/2022,61.13
2/8/2022,60.02
2/7/2022,58.76
2/4/2022,59.02
2/3/2022,58.09
2/2/2022,60.34
2/1/2022,59.27
1/31/2022,58.59
1/28/2022,56.01
1/27/2022,54.23
1/26/2022,55.71
1/25/2022,53.41
1/24/2022,54.16
1/21/2022,53.32
1/20/2022,54.77
1/19/2022,56.4
1/18/2022,57.78
1/14/2022,59.64
1/13/2022,59.72
1/12/2022,62.2
1/11/2022,62.2
1/10/2022,62.12
1/7/2022,61.91
1/6/2022,63.7
1/5/2022,64.3
1/4/2022,67.09
1/3/2022,66.33
12/31/2021,66.54
12/30/2021,66.51
12/29/2021,67.26
12/28/2021,66.9
12/27/2021,67.43
12/23/2021,66.48
12/22/2021,65.52
12/21/2021,64.62
12/20/2021,64.5
12/17/2021,63.5
12/16/2021,62.07
12/15/2021,63.99
12/14/2021,61.49
12/13/2021,62.17
12/10/2021,63.17
12/9/2021,58.34
12/8/2021,58.86
12/7/2021,59.04
12/6/2021,56.5
12/3/2021,55.81
12/2/2021,55.24
12/1/2021,55.48
11/30/2021,55.37
11/29/2021,56.43
11/26/2021,54.66
11/24/2021,55.87
11/23/2021,55.51
11/22/2021,55.33
11/19/2021,56.87
11/18/2021,57.48
11/17/2021,56.96
11/16/2021,56.88
11/15/2021,56.58
11/12/2021,56.32
11/11/2021,55.54
11/10/2021,54.88
11/9/2021,55.78
11/8/2021,55.9
11/5/2021,55.89
11/4/2021,54.86
11/3/2021,54.24
11/2/2021,53.71
11/1/2021,52.8
10/29/2021,53.17
10/28/2021,52.96
10/27/2021,52.31
10/26/2021,53.39
10/25/2021,52.21
10/22/2021,51.54
10/21/2021,51.41
10/20/2021,50.94
10/19/2021,51.04
10/18/2021,50.34
10/15/2021,50.33
10/14/2021,49.76
10/13/2021,48.5
10/12/2021,48.53
10/11/2021,49.23
10/8/2021,49.28
10/7/2021,49.39
10/6/2021,48.88
10/5/2021,48.54
10/4/2021,47.59
10/1/2021,48.73
9/30/2021,48.49
9/29/2021,48.95
9/28/2021,49.1
9/27/2021,50.48
9/24/2021,50.49
9/23/2021,50.43
9/22/2021,50.06
9/21/2021,49.1
9/20/2021,49.48
9/17/2021,50.6
9/16/2021,50.73
9/15/2021,50.97
9/14/2021,50.19
9/13/2021,49.9
9/10/2021,49.81
9/9/2021,49.35
9/8/2021,49.44
9/7/2021,49.66
9/3/2021,49.77
9/2/2021,49.19
9/1/2021,49.32
8/31/2021,49.72
8/30/2021,49.89
8/27/2021,49.59
8/26/2021,48.57
8/25/2021,48.34
8/24/2021,48.14
8/23/2021,48.24
8/20/2021,47.52
8/19/2021,47.35
8/18/2021,46.9
8/17/2021,47.87
8/16/2021,48.81
8/13/2021,48.62
8/12/2021,48.43
8/11/2021,48.35
8/10/2021,48.23
8/9/2021,48.47
8/6/2021,48.54
8/5/2021,48.77
8/4/2021,48.78
8/3/2021,48.68
8/2/2021,48.47
7/30/2021,48.54
7/29/2021,48.41
7/28/2021,47.77
7/27/2021,47.54
7/26/2021,48.22
7/23/2021,48.31
7/22/2021,47.63
7/21/2021,47.9
7/20/2021,46.86
7/19/2021,46.57
7/16/2021,46.81
7/15/2021,47.73
7/14/2021,48.16
7/13/2021,48.4
7/12/2021,48.58
7/9/2021,48.02
7/8/2021,47.05
7/7/2021,46.95
7/6/2021,47.33
7/2/2021,46.82
7/1/2021,46.96
6/30/2021,47.68
6/29/2021,47.72
6/28/2021,47.28
6/25/2021,46.22
6/24/2021,47.01
6/23/2021,46.67
6/22/2021,46.45
6/21/2021,46.46
6/18/2021,46.35
6/17/2021,47.12
6/16/2021,46.58
6/15/2021,47.07
6/14/2021,47.58
6/11/2021,47.07
6/10/2021,46.87
6/9/2021,46.39
6/8/2021,46.35
6/7/2021,46.38
6/4/2021,47.5
6/3/2021,46.48
6/2/2021,47.37
6/1/2021,46.83
5/28/2021,47.23
5/27/2021,46.77
5/26/2021,46.05
5/25/2021,45.95
5/24/2021,45.92
5/21/2021,45.12
5/20/2021,45.5
5/19/2021,44.17
5/18/2021,43.37
5/17/2021,43.99
5/14/2021,44.16
5/13/2021,43.06
5/12/2021,42.24
5/11/2021,44.01
5/10/2021,43.61
5/7/2021,45.26
5/6/2021,44.86
5/5/2021,44.38
5/4/2021,44.45
5/3/2021,45.01
4/30/2021,45.62
4/29/2021,46.63
4/28/2021,45.92
4/27/2021,46.63
4/26/2021,47.19
4/23/2021,46.61
4/22/2021,45.51
4/21/2021,45.98
4/20/2021,45.73
4/19/2021,46.2
4/16/2021,47.88
4/15/2021,48
4/14/2021,47.73
4/13/2021,48.5
4/12/2021,48.37
4/9/2021,48.51
4/8/2021,48.55
4/7/2021,48.25
4/6/2021,48.39
4/5/2021,48.85
4/1/2021,47.59
3/31/2021,46.37
3/30/2021,45.62
3/29/2021,47.26
3/26/2021,48.2
3/25/2021,46.17
3/24/2021,45.73
3/23/2021,46.41
3/22/2021,47.53
3/19/2021,47.45
3/18/2021,46.41
3/17/2021,48.36
3/16/2021,47.82
3/15/2021,47.08
3/12/2021,45.12
3/11/2021,45.37
3/10/2021,43.76
3/9/2021,44.36
3/8/2021,42.12
3/5/2021,45.01
3/4/2021,44.36
3/3/2021,46.31
3/2/2021,48.05
3/1/2021,48.96
2/26/2021,46.99
2/25/2021,45.72
2/24/2021,48.09
2/23/2021,47.19
2/22/2021,47.64
2/19/2021,49
2/18/2021,48.33
2/17/2021,48.25
2/16/2021,48.91
2/12/2021,48.63
2/11/2021,47.84
2/10/2021,47.01
2/9/2021,47.46
2/8/2021,47.27
2/5/2021,46.6
2/4/2021,47.06
2/3/2021,46.52
2/2/2021,47.69
2/1/2021,46.67
1/29/2021,45.05
1/28/2021,45.17
1/27/2021,44.47
1/26/2021,46.39
1/25/2021,46.48
1/22/2021,46.5
1/21/2021,46.68
1/20/2021,46.19
1/19/2021,45.93
1/15/2021,44.59
1/14/2021,45.21
1/13/2021,45.12
1/12/2021,44.94
1/11/2021,44.58
1/8/2021,44.56
1/7/2021,44.34
1/6/2021,42.55
1/5/2021,42.81
1/4/2021,42.52
12/31/2020,43.78
12/30/2020,43.48
12/29/2020,42.9
12/28/2020,43.19
12/24/2020,43.15
12/23/2020,42.55
12/22/2020,43.31
12/21/2020,42.89
12/18/2020,43.46
12/17/2020,42.61
12/16/2020,42.49
12/15/2020,41.81
12/14/2020,41.18
12/11/2020,40.58
12/10/2020,41
12/9/2020,41.62
12/8/2020,42.34
12/7/2020,42.09
12/4/2020,41.17
12/3/2020,39.98
12/2/2020,40.37
12/1/2020,40.46
11/30/2020,40.16
11/27/2020,39.49
11/25/2020,39.08
11/24/2020,39.22
11/23/2020,38.7
11/20/2020,38.33
11/19/2020,38.43
11/18/2020,38.06
11/17/2020,38.06
11/16/2020,38.08
11/13/2020,37.35
11/12/2020,37.02
11/11/2020,37.59
11/10/2020,36.31
11/9/2020,37.55
11/6/2020,38.06
11/5/2020,38.09
11/4/2020,36.46
11/3/2020,35.38
11/2/2020,35.12
10/30/2020,34.96
10/29/2020,35.5
10/28/2020,34.72
10/27/2020,35.96
10/26/2020,36.3
10/23/2020,37.27
10/22/2020,37.34
10/21/2020,37.2
10/20/2020,37.7
10/19/2020,37.58
10/16/2020,37.87
10/15/2020,37.99
10/14/2020,38.03
10/13/2020,38.15
10/12/2020,38.24
10/9/2020,37.67
10/8/2020,37.33
10/7/2020,36.67
10/6/2020,36.4
10/5/2020,36.61
10/2/2020,35.68
10/1/2020,36.86
9/30/2020,36.43
9/29/2020,36.43
9/28/2020,36.73
9/25/2020,35.68
9/24/2020,35.25
9/23/2020,35.16
9/22/2020,36.16
9/21/2020,35.18
9/18/2020,35.97
9/17/2020,36.59
9/16/2020,36.7
9/15/2020,36.69
9/14/2020,36.22
9/11/2020,35.97
9/10/2020,35.71
9/9/2020,36
9/8/2020,35.05
9/4/2020,36.3
9/3/2020,35.21
9/2/2020,37.5
9/1/2020,35.95
8/31/2020,34.72
8/28/2020,34.48
8/27/2020,33.91
8/26/2020,33.97
8/25/2020,33.61
8/24/2020,33.4
8/21/2020,33
8/20/2020,32.88
8/19/2020,32.92
8/18/2020,32.86
8/17/2020,33.03
8/14/2020,32.78
8/13/2020,32.94
8/12/2020,33.36
8/11/2020,32.4
8/10/2020,32.74
8/7/2020,32.59
8/6/2020,32.92
8/5/2020,32.95
8/4/2020,32.84
8/3/2020,32.12
7/31/2020,31.68
7/30/2020,31.21
7/29/2020,30.89
7/28/2020,30.73
7/27/2020,31.27
7/24/2020,30.58
7/23/2020,30.97
7/22/2020,31.38
7/21/2020,31.43
7/20/2020,31.71
7/17/2020,31.27
7/16/2020,31.13
7/15/2020,31.38
7/14/2020,31.51
7/13/2020,31.13
7/10/2020,31.94
7/9/2020,32.15
7/8/2020,31.96
7/7/2020,31.31
7/6/2020,31.88
7/2/2020,31.55
7/1/2020,31.27
6/30/2020,31.56
6/29/2020,30.98
6/26/2020,30.74
6/25/2020,30.89
6/24/2020,30.7
6/23/2020,31.13
6/22/2020,31.35
6/19/2020,30.28
6/18/2020,31.87
6/17/2020,31.34
6/16/2020,31.07
6/15/2020,30.41
6/12/2020,30.02
6/11/2020,29.38
6/10/2020,31.5
6/9/2020,31.53
6/8/2020,31.75
6/5/2020,31.71
6/4/2020,30.89
6/3/2020,30.95
6/2/2020,29.81
6/1/2020,29
5/29/2020,29.13
5/28/2020,28.31
5/27/2020,28.76
5/26/2020,28.2
5/22/2020,27.66
5/21/2020,27.48
5/20/2020,27.87
5/19/2020,27.2
5/18/2020,27.35
5/15/2020,26.04
5/14/2020,26.66
5/13/2020,26.32
5/12/2020,26.84
5/11/2020,27.54
5/8/2020,27.5
5/7/2020,26.77
5/6/2020,26.42
5/5/2020,26.49
5/4/2020,26.23
5/1/2020,25.97
4/30/2020,27.16
4/29/2020,27.6
4/28/2020,26.47
4/27/2020,26.84
4/24/2020,26.48
4/23/2020,25.89
4/22/2020,26
4/21/2020,24.77
4/20/2020,25.83
4/17/2020,26.59
4/16/2020,25.83
4/15/2020,25.74
4/14/2020,26.76
4/13/2020,25.99
4/9/2020,25.43
4/8/2020,26.11
4/7/2020,25.33
4/6/2020,25.24
4/3/2020,23.43
4/2/2020,23.71
4/1/2020,22.36
3/31/2020,23.71
3/30/2020,24.01
3/27/2020,23.07
3/26/2020,24.32
3/25/2020,21.75
3/24/2020,21.28
3/23/2020,19.35
3/20/2020,19.22
3/19/2020,19.45
3/18/2020,16.79
3/17/2020,19.95
3/16/2020,18.76
3/13/2020,23.42
3/12/2020,21.88
3/11/2020,24.6
3/10/2020,26.29
3/9/2020,24.77
3/6/2020,26.95
3/5/2020,27.4
3/4/2020,28.55
3/3/2020,27.43
3/2/2020,28.5
2/28/2020,27.26
2/27/2020,27.39
2/26/2020,28.59
2/25/2020,28.27
2/24/2020,29.16
2/21/2020,30.45
2/20/2020,30.92
2/19/2020,31.57
2/18/2020,31.07
2/14/2020,31.78
2/13/2020,32.4
2/12/2020,32.47
2/11/2020,32.02
2/10/2020,31.42
2/7/2020,31.52
2/6/2020,31.97
2/5/2020,31.74
2/4/2020,31.16
2/3/2020,30.52
1/31/2020,30.52
1/30/2020,31.52
1/29/2020,31.75
1/28/2020,31.83
1/27/2020,30.9
1/24/2020,32.4
1/23/2020,31.96
1/22/2020,31.29
1/21/2020,30.81
1/17/2020,30.88
1/16/2020,30.7
1/15/2020,30.31
1/14/2020,30.82
1/13/2020,30.12
1/10/2020,29.92
1/9/2020,30.63
1/8/2020,30.87
1/7/2020,31.26
1/6/2020,31.37
1/3/2020,31.42
1/2/2020,32.24
12/31/2019,31.6
12/30/2019,31.35
12/27/2019,31.65
12/26/2019,31.8
12/24/2019,32.05
12/23/2019,31.95
12/20/2019,31.9
12/19/2019,32.41
12/18/2019,32.74
12/17/2019,32.38
12/16/2019,32.31
12/13/2019,31.54
12/12/2019,32.78
12/11/2019,31.97
12/10/2019,31.51
12/9/2019,31.44
12/6/2019,31.61
12/5/2019,31.12
12/4/2019,30.97
12/3/2019,30.65
12/2/2019,31.07
11/29/2019,31.62
11/27/2019,31.84
11/26/2019,31.63
11/25/2019,31.96
11/22/2019,31.49
11/21/2019,31.52
11/20/2019,31.17
11/19/2019,31.77
11/18/2019,31.11
11/15/2019,31.29
11/14/2019,30.9
11/13/2019,31.37
11/12/2019,31.55
11/11/2019,31.27
11/8/2019,31.34
11/7/2019,31.17
11/6/2019,31.32
11/5/2019,31.4
11/4/2019,30.5
11/1/2019,29.66
10/31/2019,29.29
10/30/2019,29.02
10/29/2019,28.82
10/28/2019,29.16
10/25/2019,28.98
10/24/2019,28.23
10/23/2019,28.03
10/22/2019,28.75
10/21/2019,28.96
10/18/2019,28.67
10/17/2019,28.94
10/16/2019,28.85
10/15/2019,29.03
10/14/2019,28.17
10/11/2019,28.09
10/10/2019,27.45
10/9/2019,27.32
10/8/2019,27.03
10/7/2019,27.61
10/4/2019,28.14
10/3/2019,27.44
10/2/2019,27.01
10/1/2019,27.48
9/30/2019,27.61
9/27/2019,27.41
9/26/2019,27.69
9/25/2019,27.58
9/24/2019,28.23
9/23/2019,28.55
9/20/2019,28.43
9/19/2019,29.06
9/18/2019,28.77
9/17/2019,28.88
9/16/2019,28.87
9/13/2019,29.03
9/12/2019,30.06
9/11/2019,29.8
9/10/2019,29.44
9/9/2019,29.26
9/6/2019,29.19
9/5/2019,29.1
9/4/2019,28.3
9/3/2019,27.41
8/30/2019,28.26
8/29/2019,28.34
8/28/2019,27.61
8/27/2019,27.56
8/26/2019,27.72
8/23/2019,27.21
8/22/2019,28.76
8/21/2019,28.75
8/20/2019,28.04
8/19/2019,27.88
8/16/2019,27.38
8/15/2019,26.86
8/14/2019,27.16
8/13/2019,28.37
8/12/2019,27.56
8/9/2019,27.57
8/8/2019,27.1
8/7/2019,27
8/6/2019,26.64
8/5/2019,26.77
8/2/2019,27.85
8/1/2019,28.53
7/31/2019,29
7/30/2019,29.96
7/29/2019,30.17
7/26/2019,30.09
7/25/2019,30.04
7/24/2019,30.38
7/23/2019,30.08
7/22/2019,29.61
7/19/2019,29
7/18/2019,28.98
7/17/2019,28.51
7/16/2019,28.41
7/15/2019,28.83
7/12/2019,28.54
7/11/2019,27.61
7/10/2019,27.45
7/9/2019,27.55
7/8/2019,27.5
7/5/2019,28.27
7/3/2019,28.49
7/2/2019,29.53
7/1/2019,30.04
6/28/2019,28.79
6/27/2019,28.57
6/26/2019,28.14
6/25/2019,27.65
6/24/2019,27.92
6/21/2019,27.4
6/20/2019,27.91
6/19/2019,27.75
6/18/2019,27.8
6/17/2019,26.6
6/14/2019,26.59
6/13/2019,28.16
6/12/2019,27.97
6/11/2019,28.35
6/10/2019,28.02
6/7/2019,27.49
6/6/2019,27.28
6/5/2019,26.57
6/4/2019,26.57
6/3/2019,25.32
5/31/2019,25.16
5/30/2019,25.66
5/29/2019,25.41
5/28/2019,25.45
5/24/2019,25.59
5/23/2019,26.01
5/22/2019,26.92
5/21/2019,27.53
5/20/2019,27.26
5/17/2019,28.99
5/16/2019,29.73
5/15/2019,30.44
5/14/2019,30.2
5/13/2019,29.34
5/10/2019,30.4
5/9/2019,30.41
5/8/2019,30.34
5/7/2019,30.73
5/6/2019,31.16
5/3/2019,31.57
5/2/2019,31.58
5/1/2019,31.89
4/30/2019,31.84
4/29/2019,31.27
4/26/2019,31.04
4/25/2019,31.18
4/24/2019,31.43
4/23/2019,31.56
4/22/2019,31.5
4/18/2019,31.86
4/17/2019,32.05
4/16/2019,31.85
4/15/2019,31.64
4/12/2019,31.7
4/11/2019,30.94
4/10/2019,30.75
4/9/2019,30.34
4/8/2019,30.45
4/5/2019,30.43
4/4/2019,30.2
4/3/2019,30.42
4/2/2019,30.3
4/1/2019,30.58
3/29/2019,30.07
3/28/2019,29.91
3/27/2019,29.6
3/26/2019,29.7
3/25/2019,29.22
3/22/2019,29.27
3/21/2019,29.68
3/20/2019,29.1
3/19/2019,29.93
3/18/2019,29.38
3/15/2019,29.03
3/14/2019,26.82
3/13/2019,27.12
3/12/2019,26.96
3/11/2019,26.91
3/8/2019,26.42
3/7/2019,26.55
3/6/2019,27.14
3/5/2019,27.7
3/4/2019,27.49
3/1/2019,27.27
2/28/2019,27.54
2/27/2019,27.15
2/26/2019,27.5
2/25/2019,27.86
2/22/2019,27.65
2/21/2019,28.09
2/20/2019,28.34
2/19/2019,28.17
2/15/2019,28.19
2/14/2019,28.15
2/13/2019,28.13
2/12/2019,27.94
2/11/2019,27.57
2/8/2019,27.41
2/7/2019,26.91
2/6/2019,27.62
2/5/2019,27
2/4/2019,27.21
2/1/2019,26.68
1/31/2019,26.82
1/30/2019,27.08
1/29/2019,26.63
1/28/2019,26.76
1/25/2019,26.79
1/24/2019,26.36
1/23/2019,25.75
1/22/2019,25.83
1/18/2019,26.08
1/17/2019,25.53
1/16/2019,25.17
1/15/2019,25.65
1/14/2019,25.09
1/11/2019,25.06
1/10/2019,24.95
1/9/2019,24.63
1/8/2019,23.61
1/7/2019,23.8
1/4/2019,23.32
1/3/2019,23.1
1/2/2019,25.35
12/31/2018,25.43
12/28/2018,25.36
12/27/2018,25.09
12/26/2018,24.81
12/24/2018,23.38
12/21/2018,24.49
12/20/2018,24.19
12/19/2018,24.39
12/18/2018,24.97
12/17/2018,25.41
12/14/2018,25.48
12/13/2018,25.83
12/12/2018,25.5
12/11/2018,24.68
12/10/2018,23.93
12/7/2018,22.86
12/6/2018,22.72
12/4/2018,23.2
12/3/2018,24.21
11/30/2018,23.74
11/29/2018,23.58
11/28/2018,23.52
11/27/2018,23.58
11/26/2018,23.53
11/23/2018,22.99
11/21/2018,23
11/20/2018,22.77
11/19/2018,22.91
11/16/2018,23.76
11/15/2018,23.63
11/14/2018,22.62
11/13/2018,22.48
11/12/2018,22.36
11/9/2018,23.9
11/8/2018,24.02
11/7/2018,23.44
11/6/2018,22.82
11/5/2018,22.01
11/2/2018,22.08
11/1/2018,22.99
10/31/2018,22.35
10/30/2018,22.1
10/29/2018,21.15
10/26/2018,21.32
10/25/2018,22.22
10/24/2018,21.87
10/23/2018,22.91
10/22/2018,22.86
10/19/2018,22.83
10/18/2018,22.8
10/17/2018,23.72
10/16/2018,23.83
10/15/2018,23.25
10/12/2018,23.3
10/11/2018,22.89
10/10/2018,23.18
10/9/2018,24.47
10/8/2018,24.14
10/5/2018,24.42
10/4/2018,24.82
10/3/2018,24.94
10/2/2018,24.81
10/1/2018,24.95
9/28/2018,24.67
9/27/2018,24.64
9/26/2018,24.54
9/25/2018,24.77
9/24/2018,24.95
9/21/2018,24.81
9/20/2018,24.49
9/19/2018,24.18
9/18/2018,23.97
9/17/2018,23.48
9/14/2018,23.63
9/13/2018,23.54
9/12/2018,22.99
9/11/2018,23.25
9/10/2018,24.06
9/7/2018,23.26
9/6/2018,21.6
9/5/2018,22.14
9/4/2018,21.94
8/31/2018,21.9
8/30/2018,21.66
8/29/2018,21.5
8/28/2018,21.44
8/27/2018,21.3
8/24/2018,20.9
8/23/2018,20.56
8/22/2018,20.75
8/21/2018,21.05
8/20/2018,20.67
8/17/2018,20.93
8/16/2018,20.87
8/15/2018,20.66
8/14/2018,20.73
8/13/2018,21.11
8/10/2018,21.22
8/9/2018,21.66
8/8/2018,21.95
8/7/2018,22.03
8/6/2018,21.7
8/3/2018,21.78
8/2/2018,21.64
8/1/2018,21.68
7/31/2018,22.18
7/30/2018,22.52
7/27/2018,22.11
7/26/2018,22.32
7/25/2018,22.6
7/24/2018,21.73
7/23/2018,21.67
7/20/2018,21.03
7/19/2018,21.04
7/18/2018,20.88
7/17/2018,20.83
7/16/2018,20.32
7/13/2018,20.25
7/12/2018,21
7/11/2018,24.34
7/10/2018,25.06
7/9/2018,24.74
7/6/2018,24.77
7/5/2018,24.54
7/3/2018,23.93
7/2/2018,24.2
6/29/2018,24.26
6/28/2018,24.49
6/27/2018,24.71
6/26/2018,25.15
6/25/2018,25.24
6/22/2018,25.97
6/21/2018,25.96
6/20/2018,26.12
6/19/2018,26.09
6/18/2018,26.45
6/15/2018,27.02
6/14/2018,26.85
6/13/2018,26.36
6/12/2018,26.14
6/11/2018,26.08
6/8/2018,25.8
6/7/2018,26.47
6/6/2018,26.35
6/5/2018,25.93
6/4/2018,25.84
6/1/2018,25.63
5/31/2018,25.21
5/30/2018,24.94
5/29/2018,24.97
5/25/2018,25
5/24/2018,24.35
5/23/2018,24.06
5/22/2018,23.85
5/21/2018,23.91
5/18/2018,23.6
5/17/2018,23.95
5/16/2018,24.05
5/15/2018,24.16
5/14/2018,24.48
5/11/2018,24.34
5/10/2018,24.35
5/9/2018,23.8
5/8/2018,23.89
5/7/2018,23.6
5/4/2018,23.05
5/3/2018,22.52
5/2/2018,22.87
5/1/2018,23.04
4/30/2018,22.94
4/27/2018,23.28
4/26/2018,23.04
4/25/2018,22.9
4/24/2018,22.84
4/23/2018,23.34
4/20/2018,23.71
4/19/2018,24.29
4/18/2018,24.96
4/17/2018,25.17
4/16/2018,24.94
4/13/2018,24.69
4/12/2018,23.94
4/11/2018,24.03
4/10/2018,23.98
4/9/2018,23.47
4/6/2018,22.89
4/5/2018,23.63
4/4/2018,23.7
4/3/2018,23.68
4/2/2018,22.77
3/29/2018,23.57
3/28/2018,23.67
3/27/2018,24.44
3/26/2018,24.77
3/23/2018,24.25
3/22/2018,24.36
3/21/2018,24.6
3/20/2018,24.24
3/19/2018,24.5
3/16/2018,25.49
3/15/2018,26.78
3/14/2018,26.06
3/13/2018,26.12
3/12/2018,26.28
3/9/2018,25.38
3/8/2018,24.7
3/7/2018,24.7
3/6/2018,25.1
3/5/2018,24.7
3/2/2018,25.09
3/1/2018,24.33
2/28/2018,24.65
2/27/2018,25.18
2/26/2018,25.3
2/23/2018,25.37
2/22/2018,24.93
2/21/2018,24.86
2/20/2018,24.96
2/16/2018,24.89
2/15/2018,25.18
2/14/2018,24.77
2/13/2018,24.59
2/12/2018,24.44
2/9/2018,23.55
2/8/2018,22.96
2/7/2018,23.74
2/6/2018,24.04
2/5/2018,22.81
2/2/2018,23.55
2/1/2018,23.88
1/31/2018,24.8
1/30/2018,24.1
1/29/2018,24.55
1/26/2018,25.08
1/25/2018,24.73
1/24/2018,25.69
1/23/2018,26.29
1/22/2018,26.21
1/19/2018,26.64
1/18/2018,26.98
1/17/2018,26.58
1/16/2018,26.32
1/12/2018,26.43
1/11/2018,26.35
1/10/2018,26.28
1/9/2018,26.85
1/8/2018,27.23
1/5/2018,27.16
1/4/2018,27
1/3/2018,26.99
1/2/2018,26.7
12/29/2017,25.69
12/28/2017,26.04
12/27/2017,25.91
12/26/2017,25.81
12/22/2017,26.23
12/21/2017,26.15
12/20/2017,26.56
12/19/2017,26.37
12/18/2017,26.44
12/15/2017,26.57
12/14/2017,25.93
12/13/2017,26.2
12/12/2017,25.87
12/11/2017,26
12/8/2017,25.99
12/7/2017,26.39
12/6/2017,26.39
12/5/2017,26.16
12/4/2017,26.36
12/1/2017,27.16
11/30/2017,27.79
11/29/2017,27.15
11/28/2017,27.74
11/27/2017,28.46
11/24/2017,28.24
11/22/2017,27.54
11/21/2017,27.66
11/20/2017,27.49
11/17/2017,27.19
11/16/2017,27.21
11/15/2017,26.56
11/14/2017,26.33
11/13/2017,26.5
11/10/2017,26.5
11/9/2017,26.56
11/8/2017,27.24
11/7/2017,27.13
11/6/2017,27.75
11/3/2017,27.36
11/2/2017,25.95
11/1/2017,25.93
10/31/2017,26.39
10/30/2017,26.12
10/27/2017,25.29
10/26/2017,24.38
10/25/2017,24.58
10/24/2017,24.77
10/23/2017,24.43
10/20/2017,24.42
10/19/2017,24.43
10/18/2017,24.4
10/17/2017,24.26
10/16/2017,24.67
10/13/2017,24.8
10/12/2017,24.87
10/11/2017,25.04
10/10/2017,24.6
10/9/2017,24.64
10/6/2017,24.57
10/5/2017,24.37
10/4/2017,24.2
10/3/2017,23.95
10/2/2017,24.05
9/29/2017,24.25
9/28/2017,24.29
9/27/2017,24.06
9/26/2017,23.73
9/25/2017,23.55
9/22/2017,23.92
9/21/2017,24.04
9/20/2017,24.29
9/19/2017,24.98
9/18/2017,24.98
9/15/2017,25.05
9/14/2017,24.7
9/13/2017,24.62
9/12/2017,24.71
9/11/2017,24.77
9/8/2017,24.41
9/7/2017,24.66
9/6/2017,24.94
9/5/2017,24.91
9/1/2017,25.27
8/31/2017,25.21
8/30/2017,24.6
8/29/2017,24.17
8/28/2017,24.32
8/25/2017,24.56
8/24/2017,25.5
8/23/2017,25.69
8/22/2017,25.52
8/21/2017,24.96
8/18/2017,24.94
8/17/2017,24.7
8/16/2017,25.34
8/15/2017,25.37
8/14/2017,25.09
8/11/2017,24.42
8/10/2017,24.07
8/9/2017,24.92
8/8/2017,25.14
8/7/2017,25.24
8/4/2017,24.92
8/3/2017,25.03
8/2/2017,25.34
8/1/2017,24.84
7/31/2017,24.67
7/28/2017,25.04
7/27/2017,25.09
7/26/2017,25.7
7/25/2017,25.43
7/24/2017,25.3
7/21/2017,25.31
7/20/2017,25.34
7/19/2017,25.44
7/18/2017,25.09
7/17/2017,24.9
7/14/2017,25.03
7/13/2017,24.73
7/12/2017,24.64
7/11/2017,24.09
7/10/2017,24.18
7/7/2017,23.96
7/6/2017,23.5
7/5/2017,23.16
7/3/2017,22.98
6/30/2017,23.3
6/29/2017,23.4
6/28/2017,24.11
6/27/2017,23.53
6/26/2017,24.27
6/23/2017,24.53
6/22/2017,24.4
6/21/2017,24.51
6/20/2017,24
6/19/2017,24.11
6/16/2017,23.62
6/15/2017,23.8
6/14/2017,24.05
6/13/2017,24.29
6/12/2017,24.27
6/9/2017,24.33
6/8/2017,25.5
6/7/2017,25.43
6/6/2017,25.39
6/5/2017,25.22
6/2/2017,25.45
6/1/2017,23.46
5/31/2017,23.95
5/30/2017,23.98
5/26/2017,24.12
5/25/2017,24.09
5/24/2017,23.96
5/23/2017,23.65
5/22/2017,23.84
5/19/2017,23.41
5/18/2017,23.77
5/17/2017,23.12
5/16/2017,24.07
5/15/2017,23.9
5/12/2017,23.6
5/11/2017,23.11
5/10/2017,23.13
5/9/2017,22.85
5/8/2017,22.51
5/5/2017,22.64
5/4/2017,22.34
5/3/2017,22.49
5/2/2017,22.55
5/1/2017,22.13
4/28/2017,22.08
4/27/2017,22.31
4/26/2017,22.17
4/25/2017,22.32
4/24/2017,22.12
4/21/2017,21.77
4/20/2017,21.82
4/19/2017,21.36
4/18/2017,21.31
4/17/2017,21.39
4/13/2017,21.13
4/12/2017,20.92
4/11/2017,21.75
4/10/2017,21.8
4/7/2017,21.82
4/6/2017,21.75
4/5/2017,21.71
4/4/2017,21.9
4/3/2017,21.88
3/31/2017,21.9
3/30/2017,22
3/29/2017,22.13
3/28/2017,22.09
3/27/2017,21.91
3/24/2017,21.9
3/23/2017,21.69
3/22/2017,21.74
3/21/2017,21.6
3/20/2017,22.12
3/17/2017,22.12
3/16/2017,22.24
3/15/2017,22.59
3/14/2017,22.43
3/13/2017,22.64
3/10/2017,22.64
3/9/2017,22.2
3/8/2017,21.96
3/7/2017,21.93
3/6/2017,21.79
3/3/2017,21.83
3/2/2017,21.73
3/1/2017,21.51
2/28/2017,21.09
2/27/2017,21.33
2/24/2017,21.04
2/23/2017,21.06
2/22/2017,21.42
2/21/2017,21.27
2/17/2017,21.04
2/16/2017,20.82
2/15/2017,20.6
2/14/2017,20.53
2/13/2017,20.67
2/10/2017,20.55
2/9/2017,20.53
2/8/2017,20.69
2/7/2017,20.59
2/6/2017,20.66
2/3/2017,20.62
2/2/2017,20.41
2/1/2017,20.37
1/31/2017,19.95
1/30/2017,20.32
1/27/2017,20.57
1/26/2017,20.42
1/25/2017,20.25
1/24/2017,19.77
1/23/2017,19.1
1/20/2017,19.11
1/19/2017,18.56
1/18/2017,18.5
1/17/2017,17.91
1/13/2017,18.05
1/12/2017,17.89
1/11/2017,17.94
1/10/2017,18.06
1/9/2017,17.7
1/6/2017,17.66
1/5/2017,17.43
1/4/2017,17.71
1/3/2017,17.83
12/30/2016,17.68
12/29/2016,17.99
12/28/2016,18.02
12/27/2016,18.23
12/23/2016,18.19
12/22/2016,18.06
12/21/2016,18.23
12/20/2016,18.21
12/19/2016,18.05
12/16/2016,17.84
12/15/2016,18
12/14/2016,17.76
12/13/2016,17.94
12/12/2016,17.82
12/9/2016,17.91
12/8/2016,17.07
12/7/2016,16.86
12/6/2016,16.48
12/5/2016,16.61
12/2/2016,16.42
12/1/2016,16.28
11/30/2016,17.05
11/29/2016,17.55
11/28/2016,17.46
11/25/2016,17.68
11/23/2016,17.71
11/22/2016,17.7
11/21/2016,17.26
11/18/2016,16.82
11/17/2016,16.7
11/16/2016,16.78
11/15/2016,16.64
11/14/2016,16.38
11/11/2016,16.75
11/10/2016,16.79
11/9/2016,17.34
11/8/2016,17.7
11/7/2016,17.7
11/4/2016,17.22
11/3/2016,17.3
11/2/2016,17.26
11/1/2016,16.88
10/31/2016,17.03
10/28/2016,16.93
10/27/2016,17.22
10/26/2016,17.3
10/25/2016,17.36
10/24/2016,17.66
10/21/2016,17.29
10/20/2016,17.34
10/19/2016,17.19
10/18/2016,17.22
10/17/2016,16.89
10/14/2016,17.01
10/13/2016,16.89
10/12/2016,17.05
10/11/2016,17.12
10/10/2016,17.48
10/7/2016,17.42
10/6/2016,17.42
10/5/2016,17.35
10/4/2016,16.91
10/3/2016,17.01
9/30/2016,17.25
9/29/2016,17.25
9/28/2016,17.07
9/27/2016,17.09
9/26/2016,16.67
9/23/2016,16.66
9/22/2016,16.88
9/21/2016,16.98
9/20/2016,16.82
9/19/2016,17.07
9/16/2016,17.12
9/15/2016,17.27
9/14/2016,16.96
9/13/2016,16.52
9/12/2016,16.45
9/9/2016,16.08
9/8/2016,16.84
9/7/2016,16.89
9/6/2016,17.11
9/2/2016,17.31
9/1/2016,17.71
8/31/2016,17.64
8/30/2016,17.7
8/29/2016,17.74
8/26/2016,17.72
8/25/2016,17.6
8/24/2016,17.53
8/23/2016,17.73
8/22/2016,17.59
8/19/2016,17.49
8/18/2016,17.39
8/17/2016,17.3
8/16/2016,17.24
8/15/2016,17.55
8/12/2016,17.25
8/11/2016,17.21
8/10/2016,17.18
8/9/2016,17.12
8/8/2016,16.84
8/5/2016,17.01
8/4/2016,16.7
8/3/2016,16.41
8/2/2016,16.29
8/1/2016,16.35
7/29/2016,16.2
7/28/2016,16.42
7/27/2016,16.57
7/26/2016,16.34
7/25/2016,15.98
7/22/2016,15.97
7/21/2016,16.04
7/20/2016,16.27
7/19/2016,16.05
7/18/2016,16.23
7/15/2016,16.12
7/14/2016,16.08
7/13/2016,15.74
7/12/2016,15.86
7/11/2016,15.74
7/8/2016,15.51
7/7/2016,15.1
7/6/2016,15.06
7/5/2016,15.08
7/1/2016,15.42
6/30/2016,15.54
6/29/2016,15.5
6/28/2016,14.98
6/27/2016,14.36
6/24/2016,14.87
6/23/2016,15.86
6/22/2016,15.51
6/21/2016,15.58
6/20/2016,15.69
6/17/2016,15.6
6/16/2016,15.86
6/15/2016,15.84
6/14/2016,15.9
6/13/2016,16
6/10/2016,16.08
6/9/2016,16.41
6/8/2016,16.37
6/7/2016,16.48
6/6/2016,16.28
6/3/2016,16.26
6/2/2016,15.49
6/1/2016,15.48
5/31/2016,15.44
5/27/2016,15.33
5/26/2016,15.3
5/25/2016,15.36
5/24/2016,15.14
5/23/2016,14.81
5/20/2016,14.67
5/19/2016,14.27
5/18/2016,14.39
5/17/2016,14.12
5/16/2016,14.27
5/13/2016,14.01
5/12/2016,14.1
5/11/2016,14.38
5/10/2016,14.46
5/9/2016,14.24
5/6/2016,14.19
5/5/2016,14.26
5/4/2016,14.21
5/3/2016,14.32
5/2/2016,14.61
4/29/2016,14.57
4/28/2016,14.8
4/27/2016,15.15
4/26/2016,15.08
4/25/2016,14.91
4/22/2016,15.03
4/21/2016,15.13
4/20/2016,15.32
4/19/2016,15.11
4/18/2016,15.59
4/15/2016,15.55
4/14/2016,15.88
4/13/2016,15.95
4/12/2016,15.54
4/11/2016,15.56
4/8/2016,15.62
4/7/2016,15.5
4/6/2016,15.75
4/5/2016,15.5
4/4/2016,15.6
4/1/2016,15.78
3/31/2016,15.45
3/30/2016,15.69
3/29/2016,15.41
3/28/2016,15.31
3/24/2016,15.3
3/23/2016,15.3
3/22/2016,15.48
3/21/2016,15.29
3/18/2016,15.25
3/17/2016,15.15
3/16/2016,14.86
3/15/2016,14.85
3/14/2016,14.81
3/11/2016,14.88
3/10/2016,14.44
3/9/2016,14.2
3/8/2016,13.96
3/7/2016,14.35
3/4/2016,14.61
3/3/2016,13.73
3/2/2016,13.7
3/1/2016,13.84
2/29/2016,13.4
2/26/2016,13.31
2/25/2016,13.25
2/24/2016,13.03
2/23/2016,12.82
2/22/2016,13.06
2/19/2016,12.87
2/18/2016,12.71
2/17/2016,13.07
2/16/2016,12.62
2/12/2016,12.17
2/11/2016,11.63
2/10/2016,11.92
2/9/2016,11.97
2/8/2016,12.19
2/5/2016,12.84
2/4/2016,13.61
2/3/2016,13.14
2/2/2016,13.32
2/1/2016,13.77
1/29/2016,13.37
1/28/2016,12.64
1/27/2016,12.23
1/26/2016,12.44
1/25/2016,12.45
1/22/2016,12.45
1/21/2016,12.45
1/20/2016,12.38
1/19/2016,12.01
1/15/2016,12
1/14/2016,12.52
1/13/2016,12.33
1/12/2016,12.99
1/11/2016,12.8
1/8/2016,12.82
1/7/2016,12.9
1/6/2016,13.33
1/5/2016,13.75
1/4/2016,14.23
12/31/2015,14.52
12/30/2015,14.74
12/29/2015,14.79
12/28/2015,14.63
12/24/2015,14.63
12/23/2015,14.65
12/22/2015,14.51
12/21/2015,14.58
12/18/2015,14.02
12/17/2015,14.05
12/16/2015,14.39
12/15/2015,14.33
12/14/2015,14.25
12/11/2015,14.44
12/10/2015,14.73
12/9/2015,14.56
12/8/2015,14.78
12/7/2015,14.88
12/4/2015,14.76
12/3/2015,14.48
12/2/2015,13.22
12/1/2015,13.29
11/30/2015,13.04
11/27/2015,13
11/25/2015,12.84
11/24/2015,12.83
11/23/2015,12.44
11/20/2015,12.64
11/19/2015,12.52
11/18/2015,12.59
11/17/2015,12.21
11/16/2015,12.15
11/13/2015,11.75
11/12/2015,11.98
11/11/2015,11.99
11/10/2015,11.99
11/9/2015,12.65
11/6/2015,12.97
11/5/2015,12.11
11/4/2015,12.41
11/3/2015,12.21
11/2/2015,12.38
10/30/2015,12.31
10/29/2015,12.01
10/28/2015,12.71
10/27/2015,12.15
10/26/2015,12.36
10/23/2015,12.96
10/22/2015,12.53
10/21/2015,12.05
10/20/2015,11.99
10/19/2015,11.9
10/16/2015,12.11
10/15/2015,12.19
10/14/2015,11.75
10/13/2015,11.34
10/12/2015,11.77
10/9/2015,11.69
10/8/2015,11.67
10/7/2015,11.86
10/6/2015,11.71
10/5/2015,12.12
10/2/2015,12.33
10/1/2015,12.21
9/30/2015,12.5
9/29/2015,11.97
9/28/2015,12.09
9/25/2015,12.67
9/24/2015,12.41
9/23/2015,12.55
9/22/2015,12.47
9/21/2015,12.73
9/18/2015,12.76
9/17/2015,13.06
9/16/2015,13.15
9/15/2015,13.44
9/14/2015,13.12
9/11/2015,13.11
9/10/2015,12.87
9/9/2015,12.72
9/8/2015,12.92
9/4/2015,12.12
9/3/2015,12.38
9/2/2015,12.4
9/1/2015,11.94
8/31/2015,12.6
8/28/2015,12.76
8/27/2015,12.63
8/26/2015,11.62
8/25/2015,10.85
8/24/2015,10.99
8/21/2015,11.14
8/20/2015,11.5
8/19/2015,12.14
8/18/2015,12.22
8/17/2015,12.55
8/14/2015,12.2
8/13/2015,12.42
8/12/2015,12.57
8/11/2015,12.42
8/10/2015,12.73
8/7/2015,12.26
8/6/2015,12.33
8/5/2015,12.47
8/4/2015,12.35
8/3/2015,12.58
7/31/2015,12.51
7/30/2015,12.77
7/29/2015,12.86
7/28/2015,12.84
7/27/2015,12.46
7/24/2015,12.85
7/23/2015,13.2
7/22/2015,12.96
7/21/2015,13.45
7/20/2015,13.46
7/17/2015,13.37
7/16/2015,13.47
7/15/2015,13.17
7/14/2015,13.23
7/13/2015,12.92
7/10/2015,12.98
7/9/2015,12.47
7/8/2015,12.8
7/7/2015,13.28
7/6/2015,13.42
7/2/2015,13.76
7/1/2015,13.55
6/30/2015,13.29
6/29/2015,13.2
6/26/2015,13.52
6/25/2015,13.92
6/24/2015,14
6/23/2015,14.16
6/22/2015,14.33
6/19/2015,14.29
6/18/2015,14.3
6/17/2015,14.07
6/16/2015,14.2
6/15/2015,14.31
6/12/2015,14.05
6/11/2015,14.2
6/10/2015,14.29
6/9/2015,14.02
6/8/2015,13.86
6/5/2015,14.38
6/4/2015,14.12
6/3/2015,14.31
6/2/2015,14.42
6/1/2015,14.66
5/29/2015,14.81
5/28/2015,14.24
5/27/2015,14.15
5/26/2015,13.13
5/22/2015,13.26
5/21/2015,12.96
5/20/2015,12.91
5/19/2015,12.95
5/18/2015,13.02
5/15/2015,12.79
5/14/2015,12.69
5/13/2015,12.31
5/12/2015,12.29
5/11/2015,12.28
5/8/2015,12.33
5/7/2015,12.25
5/6/2015,11.68
5/5/2015,11.68
5/4/2015,12.12
5/1/2015,12.28
4/30/2015,11.69
4/29/2015,11.7
4/28/2015,11.74
4/27/2015,12.02
4/24/2015,11.95
4/23/2015,12.41
4/22/2015,12.79
4/21/2015,12.31
4/20/2015,12.3
4/17/2015,12.19
4/16/2015,12.53
4/15/2015,12.59
4/14/2015,12.4
4/13/2015,12.53
4/10/2015,12.68
4/9/2015,12.72
4/8/2015,12.68
4/7/2015,12.56
4/6/2015,12.58
4/2/2015,12.5
4/1/2015,12.56
3/31/2015,12.7
3/30/2015,13.05
3/27/2015,12.82
3/26/2015,12.47
3/25/2015,12.44
3/24/2015,13.31
3/23/2015,13.44
3/20/2015,13.33
3/19/2015,13.2
3/18/2015,13.04
3/17/2015,12.91
3/16/2015,12.99
3/13/2015,12.5
3/12/2015,12.61
3/11/2015,12.47
3/10/2015,12.51
3/9/2015,12.71
3/6/2015,12.79
3/5/2015,13.06
3/4/2015,12.94
3/3/2015,12.82
3/2/2015,12.9
2/27/2015,12.76
2/26/2015,12.93
2/25/2015,11.27
2/24/2015,11.32
2/23/2015,11.29
2/20/2015,11.21
2/19/2015,11.09
2/18/2015,11
2/17/2015,11.09
2/13/2015,11.02
2/12/2015,10.97
2/11/2015,10.79
2/10/2015,10.7
2/9/2015,10.22
2/6/2015,10.47
2/5/2015,10.62
2/4/2015,10.48
2/3/2015,10.32
2/2/2015,10.24
1/30/2015,10.29
1/29/2015,10.65
1/28/2015,10.5
1/27/2015,10.48
1/26/2015,10.67
1/23/2015,10.7
1/22/2015,10.52
1/21/2015,10.54
1/20/2015,10.49
1/16/2015,10.38
1/15/2015,10.13
1/14/2015,10.34
1/13/2015,10.26
1/12/2015,10.32
1/9/2015,10.49
1/8/2015,10.38
1/7/2015,9.88
1/6/2015,9.62
1/5/2015,9.85
1/2/2015,10.01
12/31/2014,10.06
12/30/2014,10.09
12/29/2014,10.13
12/26/2014,10.06
12/24/2014,10.07
12/23/2014,10.08
12/22/2014,10.14
12/19/2014,10.02
12/18/2014,10.16
12/17/2014,9.9
12/16/2014,9.73
12/15/2014,9.82
12/12/2014,9.92
12/11/2014,10.05
12/10/2014,9.93
12/9/2014,10.26
12/8/2014,10.07
12/5/2014,10.4
12/4/2014,10.31
12/3/2014,9.51
12/2/2014,9.22
12/1/2014,9.1
11/28/2014,9.34
11/26/2014,9.38
11/25/2014,9.12
11/24/2014,9.11
11/21/2014,9.02
11/20/2014,8.99
11/19/2014,8.93
11/18/2014,9.14
11/17/2014,8.85
11/14/2014,8.9
11/13/2014,8.74
11/12/2014,8.71
11/11/2014,8.62
11/10/2014,8.59
11/7/2014,8.5
11/6/2014,8.76
11/5/2014,8.67
11/4/2014,8.54
11/3/2014,8.63
10/31/2014,8.62
10/30/2014,8.24
10/29/2014,8.49
10/28/2014,8.42
10/27/2014,8.16
10/24/2014,8.19
10/23/2014,8.14
10/22/2014,8.09
10/21/2014,8.24
10/20/2014,7.8
10/17/2014,7.71
10/16/2014,7.56
10/15/2014,7.25
10/14/2014,7.2
10/13/2014,6.9
10/10/2014,7.14
10/9/2014,8.06
10/8/2014,8.33
10/7/2014,8.1
10/6/2014,8.29
10/3/2014,8.35
10/2/2014,8.32
10/1/2014,8.55
9/30/2014,8.7
9/29/2014,8.71
9/26/2014,8.75
9/25/2014,8.65
9/24/2014,8.9
9/23/2014,8.76
9/22/2014,8.72
9/19/2014,8.91
9/18/2014,8.95
9/17/2014,8.77
9/16/2014,8.79
9/15/2014,8.67
9/12/2014,8.79
9/11/2014,8.91
9/10/2014,8.9
9/9/2014,8.84
9/8/2014,8.82
9/5/2014,8.79
9/4/2014,8.61
9/3/2014,8.54
9/2/2014,8.5
8/29/2014,8.21
8/28/2014,7.64
8/27/2014,7.62
8/26/2014,7.6
8/25/2014,7.58
8/22/2014,7.62
8/21/2014,7.63
8/20/2014,7.64
8/19/2014,7.56
8/18/2014,7.54
8/15/2014,7.48
8/14/2014,7.38
8/13/2014,7.2
8/12/2014,7.12
8/11/2014,7.08
8/8/2014,7.04
8/7/2014,6.96
8/6/2014,7.03
8/5/2014,7.01
8/4/2014,7.13
8/1/2014,7.04
7/31/2014,6.94
7/30/2014,7.05
7/29/2014,6.99
7/28/2014,7.05
7/25/2014,6.99
7/24/2014,7.25
7/23/2014,7.36
7/22/2014,7.54
7/21/2014,7.54
7/18/2014,7.5
7/17/2014,7.19
7/16/2014,7.37
7/15/2014,7.34
7/14/2014,7.4
7/11/2014,7.32
7/10/2014,7.32
7/9/2014,7.42
7/8/2014,7.34
7/7/2014,7.45
7/3/2014,7.52
7/2/2014,7.43
7/1/2014,7.4
6/30/2014,7.21
6/27/2014,7.09
6/26/2014,7.1
6/25/2014,7.16
6/24/2014,7.07
6/23/2014,7.12
6/20/2014,7.16
6/19/2014,7.09
6/18/2014,7.12
6/17/2014,7.15
6/16/2014,7.09
6/13/2014,7.14
6/12/2014,7.18
6/11/2014,7.17
6/10/2014,7.19
6/9/2014,7.18
6/6/2014,7.16
6/5/2014,7.19
6/4/2014,7.16
6/3/2014,7.14
6/2/2014,7.16
5/30/2014,7.07
5/29/2014,7.08
5/28/2014,7.01
5/27/2014,7.09
5/23/2014,7.05
5/22/2014,6.87
5/21/2014,6.84
5/20/2014,6.75
5/19/2014,6.83
5/16/2014,6.85
5/15/2014,6.79
5/14/2014,6.85
5/13/2014,6.88
5/12/2014,6.91
5/9/2014,6.74
5/8/2014,6.79
5/7/2014,6.68
5/6/2014,6.73
5/5/2014,6.42
5/2/2014,6.43
5/1/2014,6.35
4/30/2014,6.35
4/29/2014,6.09
4/28/2014,6.08
4/25/2014,6.23
4/24/2014,6.54
4/23/2014,6.46
4/22/2014,6.34
4/21/2014,6.19
4/17/2014,6.09
4/16/2014,5.93
4/15/2014,5.89
4/14/2014,5.88
4/11/2014,5.85
4/10/2014,5.99
4/9/2014,6.25
4/8/2014,6.02
4/7/2014,6.04
4/4/2014,6.18
4/3/2014,6.39
4/2/2014,6.46
4/1/2014,6.5
3/31/2014,6.44
3/28/2014,6.41
3/27/2014,6.28
3/26/2014,6.28
3/25/2014,6.4
3/24/2014,6.32
3/21/2014,6.39
3/20/2014,6.53
3/19/2014,6.44
3/18/2014,6.38
3/17/2014,6.34
3/14/2014,6.27
3/13/2014,6.27
3/12/2014,6.32
3/11/2014,6.2
3/10/2014,6.28
3/7/2014,6.28
3/6/2014,6.36
3/5/2014,6.31
3/4/2014,6.33
3/3/2014,6.17
2/28/2014,6.17
2/27/2014,6.14
2/26/2014,6.19
2/25/2014,5.9
2/24/2014,5.96
2/21/2014,5.86
2/20/2014,5.9
2/19/2014,5.77
2/18/2014,5.84
2/14/2014,5.81
2/13/2014,5.91
2/12/2014,5.89
2/11/2014,5.81
2/10/2014,5.63
2/7/2014,5.66
2/6/2014,5.52
2/5/2014,5.4
2/4/2014,5.4
2/3/2014,5.33
1/31/2014,5.46
1/30/2014,5.5
1/29/2014,5.41
1/28/2014,5.47
1/27/2014,5.45
1/24/2014,5.45
1/23/2014,5.61
1/22/2014,5.71
1/21/2014,5.61
1/17/2014,5.61
1/16/2014,5.54
1/15/2014,5.7
1/14/2014,5.53
1/13/2014,5.26
1/10/2014,5.33
1/9/2014,5.32
1/8/2014,5.38
1/7/2014,5.3
1/6/2014,5.25
1/3/2014,5.29
1/2/2014,5.26
12/31/2013,5.29
12/30/2013,5.27
12/27/2013,5.28
12/26/2013,5.27
12/24/2013,5.26
12/23/2013,5.21
12/20/2013,5.17
12/19/2013,5.14
12/18/2013,5.32
12/17/2013,5.36
12/16/2013,5.01
12/13/2013,4.57
12/12/2013,4.58
12/11/2013,4.61
12/10/2013,4.66
12/9/2013,4.74
12/6/2013,4.7
12/5/2013,4.76
12/4/2013,4.45
12/3/2013,4.48
12/2/2013,4.5
11/29/2013,4.47
11/27/2013,4.47
11/26/2013,4.47
11/25/2013,4.37
11/22/2013,4.33
11/21/2013,4.3
11/20/2013,4.27
11/19/2013,4.29
11/18/2013,4.4
11/15/2013,4.46
11/14/2013,4.29
11/13/2013,4.54
11/12/2013,4.51
11/11/2013,4.42
11/8/2013,4.43
11/7/2013,4.37
11/6/2013,4.54
11/5/2013,4.5
11/4/2013,4.5
11/1/2013,4.47
10/31/2013,4.54
10/30/2013,4.49
10/29/2013,4.58
10/28/2013,4.55
10/25/2013,4.56
10/24/2013,4.55
10/23/2013,4.54
10/22/2013,4.69
10/21/2013,4.71
10/18/2013,4.61
10/17/2013,4.51
10/16/2013,4.45
10/15/2013,4.37
10/14/2013,4.42
10/11/2013,4.33
10/10/2013,4.35
10/9/2013,4.22
10/8/2013,4.26
10/7/2013,4.3
10/4/2013,4.35
10/3/2013,4.33
10/2/2013,4.34
10/1/2013,4.34
9/30/2013,4.31
9/27/2013,4.27
9/26/2013,4.23
9/25/2013,4.22
9/24/2013,4.24
9/23/2013,4.19
9/20/2013,4.16
9/19/2013,4.08
9/18/2013,4.07
9/17/2013,4.01
9/16/2013,3.93
9/13/2013,3.9
9/12/2013,3.9
9/11/2013,3.92
9/10/2013,3.97
9/9/2013,3.88
9/6/2013,3.86
9/5/2013,3.88
9/4/2013,3.9
9/3/2013,3.83
8/30/2013,3.85
8/29/2013,3.9
8/28/2013,3.83
8/27/2013,3.66
8/26/2013,3.75
8/23/2013,3.67
8/22/2013,3.66
8/21/2013,3.66
8/20/2013,3.68
8/19/2013,3.62
8/16/2013,3.62
8/15/2013,3.6
8/14/2013,3.72
8/13/2013,3.8
8/12/2013,3.77
8/9/2013,3.68
8/8/2013,3.73
8/7/2013,3.73
8/6/2013,3.69
8/5/2013,3.7
8/2/2013,3.75
8/1/2013,3.74
7/31/2013,3.67
7/30/2013,3.69
7/29/2013,3.66
7/26/2013,3.68
7/25/2013,3.69
7/24/2013,3.69
7/23/2013,3.76
7/22/2013,3.78
7/19/2013,3.79
7/18/2013,3.76
7/17/2013,3.89
7/16/2013,3.89
7/15/2013,3.8
7/12/2013,3.9
7/11/2013,3.86
7/10/2013,3.83
7/9/2013,3.76
7/8/2013,3.73
7/5/2013,3.88
7/3/2013,3.86
7/2/2013,3.85
7/1/2013,3.76
6/28/2013,3.74
6/27/2013,3.73
6/26/2013,3.73
6/25/2013,3.71
6/24/2013,3.67
6/21/2013,3.74
6/20/2013,3.71
6/19/2013,3.81
6/18/2013,3.88
6/17/2013,3.81
6/14/2013,3.76
6/13/2013,3.71
6/12/2013,3.6
6/11/2013,3.63
6/10/2013,3.68
6/7/2013,3.73
6/6/2013,3.67
6/5/2013,3.7
6/4/2013,3.78
6/3/2013,3.73
5/31/2013,3.77
5/30/2013,3.78
5/29/2013,3.44
5/28/2013,3.44
5/24/2013,3.41
5/23/2013,3.4
5/22/2013,3.46
5/21/2013,3.51
5/20/2013,3.44
5/17/2013,3.44
5/16/2013,3.42
5/15/2013,3.42
5/14/2013,3.37
5/13/2013,3.36
5/10/2013,3.41
5/9/2013,3.39
5/8/2013,3.35
5/7/2013,3.25
5/6/2013,3.28
5/3/2013,3.19
5/2/2013,3.21
5/1/2013,3.13
4/30/2013,3.2
4/29/2013,3.25
4/26/2013,3.21
4/25/2013,3.26
4/24/2013,3.26
4/23/2013,3.24
4/22/2013,3.16
4/19/2013,3.13
4/18/2013,3.14
4/17/2013,3.24
4/16/2013,3.46
4/15/2013,3.38
4/12/2013,3.49
4/11/2013,3.56
4/10/2013,3.54
4/9/2013,3.48
4/8/2013,3.47
4/5/2013,3.43
4/4/2013,3.46
4/3/2013,3.43
4/2/2013,3.49
4/1/2013,3.53
3/28/2013,3.59
3/27/2013,3.56
3/26/2013,3.58
3/25/2013,3.55
3/22/2013,3.58
3/21/2013,3.56
3/20/2013,3.59
3/19/2013,3.53
3/18/2013,3.53
3/15/2013,3.6
3/14/2013,3.67
3/13/2013,3.6
3/12/2013,3.54
3/11/2013,3.53
3/8/2013,3.53
3/7/2013,3.5
3/6/2013,3.47
3/5/2013,3.43
3/4/2013,3.35
3/1/2013,3.37
2/28/2013,3.42
2/27/2013,3.37
2/26/2013,3.31
2/25/2013,3.29
2/22/2013,3.41
2/21/2013,3.37
2/20/2013,3.47
2/19/2013,3.55
2/15/2013,3.51
2/14/2013,3.56
2/13/2013,3.52
2/12/2013,3.51
2/11/2013,3.54
2/8/2013,3.53
2/7/2013,3.5
2/6/2013,3.56
2/5/2013,3.54
2/4/2013,3.52
2/1/2013,3.63
1/31/2013,3.58
1/30/2013,3.5
1/29/2013,3.46
1/28/2013,3.45
1/25/2013,3.42
1/24/2013,3.39
1/23/2013,3.44
1/22/2013,3.44
1/18/2013,3.44
1/17/2013,3.48
1/16/2013,3.46
1/15/2013,3.39
1/14/2013,3.46
1/11/2013,3.43
1/10/2013,3.35
1/9/2013,3.28
1/8/2013,3.21
1/7/2013,3.23
1/4/2013,3.25
1/3/2013,3.27
1/2/2013,3.25
12/31/2012,3.17
12/28/2012,3.12
12/27/2012,3.14
12/26/2012,3.09
12/24/2012,3.12
12/21/2012,3.14
12/20/2012,3.19
12/19/2012,3.2
12/18/2012,3.23
12/17/2012,3.2
12/14/2012,3.11
12/13/2012,3.37
12/12/2012,3.46
12/11/2012,3.46
12/10/2012,3.44
12/7/2012,3.42
12/6/2012,3.51
12/5/2012,3.45
12/4/2012,3.49
12/3/2012,3.48
11/30/2012,3.51
11/29/2012,3.51
11/28/2012,3.46
11/27/2012,3.41
11/26/2012,3.4
11/23/2012,3.35
11/21/2012,3.28
11/20/2012,3.28
11/19/2012,3.27
11/16/2012,3.19
11/15/2012,3.23
11/14/2012,3.3
11/13/2012,3.33
11/12/2012,3.36
11/9/2012,3.35
11/8/2012,3.38
11/7/2012,3.4
11/6/2012,3.53
11/5/2012,3.43
11/2/2012,3.4
11/1/2012,3.45
10/31/2012,3.3
10/26/2012,3.38
10/25/2012,3.37
10/24/2012,3.27
10/23/2012,3.32
10/22/2012,3.34
10/19/2012,3.32
10/18/2012,3.4
10/17/2012,3.41
10/16/2012,3.44
10/15/2012,3.32
10/12/2012,3.3
10/11/2012,3.29
10/10/2012,3.26
10/9/2012,3.36
10/8/2012,3.39
10/5/2012,3.44
10/4/2012,3.44
10/3/2012,3.46
10/2/2012,3.44
10/1/2012,3.47
9/28/2012,3.49
9/27/2012,3.49
9/26/2012,3.35
9/25/2012,3.3
9/24/2012,3.46
9/21/2012,3.55
9/20/2012,3.38
9/19/2012,3.5
9/18/2012,3.52
9/17/2012,3.53
9/14/2012,3.51
9/13/2012,3.51
9/12/2012,3.52
9/11/2012,3.5
9/10/2012,3.5
9/7/2012,3.62
9/6/2012,3.66
9/5/2012,3.52
9/4/2012,3.59
8/31/2012,3.66
8/30/2012,3.6
8/29/2012,3.66
8/28/2012,3.63
8/27/2012,3.58
8/24/2012,3.6
8/23/2012,3.6
8/22/2012,3.65
8/21/2012,3.64
8/20/2012,3.6
8/17/2012,3.68
8/16/2012,3.69
8/15/2012,3.66
8/14/2012,3.62
8/13/2012,3.63
8/10/2012,3.71
8/9/2012,3.73
8/8/2012,3.75
8/7/2012,3.74
8/6/2012,3.71
8/3/2012,3.71
8/2/2012,3.65
8/1/2012,3.67
7/31/2012,3.69
7/30/2012,3.6
7/27/2012,3.61
7/26/2012,3.54
7/25/2012,3.42
7/24/2012,3.42
7/23/2012,3.45
7/20/2012,3.53
7/19/2012,3.6
7/18/2012,3.38
7/17/2012,3.3
7/16/2012,3.27
7/13/2012,3.31
7/12/2012,3.26
7/11/2012,3.31
7/10/2012,3.34
7/9/2012,3.33
7/6/2012,3.45
7/5/2012,3.56
7/3/2012,3.57
7/2/2012,3.55
6/29/2012,3.59
6/28/2012,3.43
6/27/2012,3.49
6/26/2012,3.44
6/25/2012,3.42
6/22/2012,3.48
6/21/2012,3.45
6/20/2012,3.53
6/19/2012,3.47
6/18/2012,3.48
6/15/2012,3.41
6/14/2012,3.33
6/13/2012,3.4
6/12/2012,3.39
6/11/2012,3.32
6/8/2012,3.38
6/7/2012,3.29
6/6/2012,3.3
6/5/2012,3.14
6/4/2012,3.05
6/1/2012,3.1
5/31/2012,3.31
5/30/2012,3.31
5/29/2012,3.44
5/25/2012,3.31
5/24/2012,3.25
5/23/2012,3.35
5/22/2012,3.13
5/21/2012,3.09
5/18/2012,3
5/17/2012,3.01
5/16/2012,3.08
5/15/2012,3.1
5/14/2012,3.11
5/11/2012,3.09
5/10/2012,3.09
5/9/2012,3.11
5/8/2012,3.15
5/7/2012,3.13
5/4/2012,3.16
5/3/2012,3.34
5/2/2012,3.48
5/1/2012,3.45
4/30/2012,3.45
4/27/2012,3.46
4/26/2012,3.51
4/25/2012,3.5
4/24/2012,3.27
4/23/2012,3.32
4/20/2012,3.43
4/19/2012,3.57
4/18/2012,3.75
4/17/2012,3.77
4/16/2012,3.71
4/13/2012,3.73
4/12/2012,3.81
4/11/2012,3.75
4/10/2012,3.68
4/9/2012,3.76
4/5/2012,3.76
4/4/2012,3.74
4/3/2012,3.84
4/2/2012,3.87
3/30/2012,3.9
3/29/2012,3.83
3/28/2012,3.8
3/27/2012,3.88
3/26/2012,3.88
3/23/2012,3.81
3/22/2012,3.79
3/21/2012,3.84
3/20/2012,3.8
3/19/2012,3.81
3/16/2012,3.79
3/15/2012,3.78
3/14/2012,3.71
3/13/2012,3.76
3/12/2012,3.66
3/9/2012,3.68
3/8/2012,3.64
3/7/2012,3.58
3/6/2012,3.53
3/5/2012,3.54
3/2/2012,3.66
3/1/2012,3.73
2/29/2012,3.76
2/28/2012,3.7
2/27/2012,3.7
2/24/2012,3.63
2/23/2012,3.72
2/22/2012,3.59
2/21/2012,3.55
2/17/2012,3.52
2/16/2012,3.59
2/15/2012,3.5
2/14/2012,3.45
2/13/2012,3.48
2/10/2012,3.45
2/9/2012,3.51
2/8/2012,3.49
2/7/2012,3.46
2/6/2012,3.43
2/3/2012,3.51
2/2/2012,3.5
2/1/2012,3.46
1/31/2012,3.39
1/30/2012,3.37
1/27/2012,3.4
1/26/2012,3.41
1/25/2012,3.4
1/24/2012,3.39
1/23/2012,3.37
1/20/2012,3.38
1/19/2012,3.36
1/18/2012,3.39
1/17/2012,3.17
1/13/2012,3.16
1/12/2012,3.17
1/11/2012,3.12
1/10/2012,3.06
1/9/2012,3.02
1/6/2012,2.83
1/5/2012,2.85
1/4/2012,2.85
1/3/2012,2.89
12/30/2011,2.89
12/29/2011,2.91
12/28/2011,2.87
12/27/2011,2.93
12/23/2011,2.94
12/22/2011,2.9
12/21/2011,2.79
12/20/2011,2.88
12/19/2011,2.75
12/16/2011,2.88
12/15/2011,2.86
12/14/2011,2.87
12/13/2011,2.92
12/12/2011,2.95
12/9/2011,3.06
12/8/2011,3.07
12/7/2011,3.12
12/6/2011,3.08
12/5/2011,3.1
12/2/2011,3.12
12/1/2011,2.99
11/30/2011,2.99
11/29/2011,2.89
11/28/2011,2.86
11/25/2011,2.84
11/23/2011,2.9
11/22/2011,2.94
11/21/2011,2.94
11/18/2011,2.99
11/17/2011,3.12
11/16/2011,3.21
11/15/2011,3.3
11/14/2011,3.31
11/11/2011,3.43
11/10/2011,3.31
11/9/2011,3.32
11/8/2011,3.47
11/7/2011,3.46
11/4/2011,3.44
11/3/2011,3.43
11/2/2011,3.26
11/1/2011,3.3
10/31/2011,3.38
10/28/2011,3.36
10/27/2011,3.38
10/26/2011,3.38
10/25/2011,3.44
10/24/2011,3.54
10/21/2011,3.38
10/20/2011,3.4
10/19/2011,3.46
10/18/2011,3.58
10/17/2011,3.51
10/14/2011,3.57
10/13/2011,3.41
10/12/2011,3.37
10/11/2011,3.33
10/10/2011,3.37
10/7/2011,3.29
10/6/2011,3.29
10/5/2011,3.26
10/4/2011,3.23
10/3/2011,3.19
9/30/2011,3.28
9/29/2011,3.32
9/28/2011,3.3
9/27/2011,3.45
9/26/2011,3.41
9/23/2011,3.48
9/22/2011,3.4
9/21/2011,3.6
9/20/2011,3.63
9/19/2011,3.73
9/16/2011,3.65
9/15/2011,3.67
9/14/2011,3.66
9/13/2011,3.43
9/12/2011,3.35
9/9/2011,3.23
9/8/2011,3.31
9/7/2011,3.27
9/6/2011,3.15
9/2/2011,3.11
9/1/2011,3.16
8/31/2011,3.31
8/30/2011,3.31
8/29/2011,3.29
8/26/2011,3.15
8/25/2011,3.09
8/24/2011,3.23
8/23/2011,2.93
8/22/2011,2.76
8/19/2011,2.83
8/18/2011,2.86
8/17/2011,3.07
8/16/2011,3.1
8/15/2011,3.16
8/12/2011,3.1
8/11/2011,3.07
8/10/2011,2.92
8/9/2011,2.96
8/8/2011,2.72
8/5/2011,2.93
8/4/2011,3.09
8/3/2011,3.28
8/2/2011,3.21
8/1/2011,3.32
7/29/2011,3.36
7/28/2011,3.46
7/27/2011,3.36
7/26/2011,3.67
7/25/2011,3.61
7/22/2011,3.71
7/21/2011,3.68
7/20/2011,3.61
7/19/2011,3.62
7/18/2011,3.5
7/15/2011,3.55
7/14/2011,3.52
7/13/2011,3.54
7/12/2011,3.54
7/11/2011,3.74
7/8/2011,3.8
7/7/2011,3.87
7/6/2011,3.91
7/5/2011,3.9
7/1/2011,3.87
6/30/2011,3.8
6/29/2011,3.77
6/28/2011,3.69
6/27/2011,3.54
6/24/2011,3.55
6/23/2011,3.58
6/22/2011,3.6
6/21/2011,3.41
6/20/2011,3.27
6/17/2011,3.25
6/16/2011,3.34
6/15/2011,3.36
6/14/2011,3.42
6/13/2011,3.35
6/10/2011,3.38
6/9/2011,3.42
6/8/2011,3.34
6/7/2011,3.4
6/6/2011,3.33
6/3/2011,3.39
6/2/2011,3.35
6/1/2011,3.38
5/31/2011,3.38
5/27/2011,3.5
5/26/2011,3.47
5/25/2011,3.45
5/24/2011,3.17
5/23/2011,3.2
5/20/2011,3.44
5/19/2011,3.48
5/18/2011,3.46
5/17/2011,3.43
5/16/2011,3.43
5/13/2011,3.49
5/12/2011,3.51
5/11/2011,3.59
5/10/2011,3.58
5/9/2011,3.55
5/6/2011,3.49
5/5/2011,3.32
5/4/2011,3.25
5/3/2011,3.22
5/2/2011,3.31
4/29/2011,3.35
4/28/2011,3.29
4/27/2011,3.34
4/26/2011,3.23
4/25/2011,3.22
4/21/2011,3.26
4/20/2011,3.26
4/19/2011,3.18
4/18/2011,3.16
4/15/2011,3.17
4/14/2011,3.11
4/13/2011,3.18
4/12/2011,3.14
4/11/2011,3.22
4/8/2011,3.26
4/7/2011,3.25
4/6/2011,3.28
4/5/2011,3.17
4/4/2011,3.06
4/1/2011,3.15
3/31/2011,3.11
3/30/2011,3.15
3/29/2011,3.1
3/28/2011,3.1
3/25/2011,3.08
3/24/2011,3.11
3/23/2011,3.1
3/22/2011,3.07
3/21/2011,3.1
3/18/2011,3.03
3/17/2011,2.93
3/16/2011,2.96
3/15/2011,3.11
3/14/2011,3.1
3/11/2011,3.12
3/10/2011,3.1
3/9/2011,3.1
3/8/2011,3.24
3/7/2011,3.2
3/4/2011,3.28
3/3/2011,3.3
3/2/2011,3.25
3/1/2011,3.21
2/28/2011,3.4
2/25/2011,3.44
2/24/2011,3.4
2/23/2011,3.13
2/22/2011,3.26
2/18/2011,3.38
2/17/2011,3.36
2/16/2011,3.44
2/15/2011,3.37
2/14/2011,3.4
2/11/2011,3.33
2/10/2011,3.25
2/9/2011,3.28
2/8/2011,3.19
2/7/2011,3.08
2/4/2011,3.12
2/3/2011,2.94
2/2/2011,2.88
2/1/2011,2.91
1/31/2011,2.87
1/28/2011,2.81
1/27/2011,2.92
1/26/2011,2.83
1/25/2011,2.8
1/24/2011,2.81
1/21/2011,2.78
1/20/2011,2.77
1/19/2011,2.78
1/18/2011,2.77
1/14/2011,2.9
1/13/2011,2.83
1/12/2011,2.82
1/11/2011,2.92
1/10/2011,2.89
1/7/2011,2.83
1/6/2011,2.85
1/5/2011,2.8
1/4/2011,2.8
1/3/2011,2.78
12/31/2010,2.84
12/30/2010,2.89
12/29/2010,2.86
12/28/2010,2.83
12/27/2010,2.88
12/23/2010,2.81
12/22/2010,2.81
12/21/2010,2.79
12/20/2010,2.78
12/17/2010,2.82
12/16/2010,2.76
12/15/2010,2.64
12/14/2010,2.63
12/13/2010,2.66
12/10/2010,2.64
12/9/2010,2.64
12/8/2010,2.54
12/7/2010,2.49
12/6/2010,2.69
12/3/2010,2.65
12/2/2010,2.84
12/1/2010,2.69
11/30/2010,2.61
11/29/2010,2.69
11/26/2010,2.7
11/24/2010,2.63
11/23/2010,2.6
11/22/2010,2.6
11/19/2010,2.53
11/18/2010,2.51
11/17/2010,2.46
11/16/2010,2.49
11/15/2010,2.52
11/12/2010,2.57
11/11/2010,2.48
11/10/2010,2.46
11/9/2010,2.48
11/8/2010,2.52
11/5/2010,2.54
11/4/2010,2.53
11/3/2010,2.47
11/2/2010,2.41
11/1/2010,2.38
10/29/2010,2.47
10/28/2010,2.34
10/27/2010,2.37
10/26/2010,2.34
10/25/2010,2.29
10/22/2010,2.25
10/21/2010,2.19
10/20/2010,2.21
10/19/2010,2.24
10/18/2010,2.27
10/15/2010,2.27
10/14/2010,2.24
10/13/2010,2.2
10/12/2010,2.2
10/11/2010,2.23
10/8/2010,2.22
10/7/2010,2.29
10/6/2010,2.23
10/5/2010,2.25
10/4/2010,2.23
10/1/2010,2.26
9/30/2010,2.25
9/29/2010,2.23
9/28/2010,2.23
9/27/2010,2.19
9/24/2010,2.16
9/23/2010,2.13
9/22/2010,2.08
9/21/2010,2.08
9/20/2010,2.06
9/17/2010,2
9/16/2010,1.93
9/15/2010,1.91
9/14/2010,1.99
9/13/2010,1.9
9/10/2010,1.86
9/9/2010,1.97
9/8/2010,2.01
9/7/2010,2.06
9/3/2010,2.1
9/2/2010,2.1
9/1/2010,2.1
8/31/2010,2.02
8/30/2010,2
8/27/2010,2.03
8/26/2010,2.06
8/25/2010,2.03
8/24/2010,2.02
8/23/2010,2.04
8/20/2010,2.04
8/19/2010,2.05
8/18/2010,2.08
8/17/2010,2.04
8/16/2010,2.03
8/13/2010,2
8/12/2010,2.04
8/11/2010,2.02
8/10/2010,2.23
8/9/2010,2.29
8/6/2010,2.26
8/5/2010,2.27
8/4/2010,2.23
8/3/2010,2.16
8/2/2010,2.18
7/30/2010,2.18
7/29/2010,2.18
7/28/2010,2.18
7/27/2010,2.24
7/26/2010,2.28
7/23/2010,2.29
7/22/2010,2.29
7/21/2010,2.18
7/20/2010,2.2
7/19/2010,2.23
7/16/2010,2.2
7/15/2010,2.29
7/14/2010,2.23
7/13/2010,2.25
7/12/2010,2.21
7/9/2010,2.2
7/8/2010,2.18
7/7/2010,2.17
7/6/2010,2.09
7/2/2010,2.16
7/1/2010,2.14
6/30/2010,2.11
6/29/2010,2.1
6/28/2010,2.17
6/25/2010,2.15
6/24/2010,2.12
6/23/2010,2.25
6/22/2010,2.23
6/21/2010,2.3
6/18/2010,2.3
6/17/2010,2.33
6/16/2010,2.29
6/15/2010,2.23
6/14/2010,2.15
6/11/2010,2.19
6/10/2010,2.18
6/9/2010,2.11
6/8/2010,2.11
6/7/2010,2.08
6/4/2010,2.08
6/3/2010,2.17
6/2/2010,2.11
6/1/2010,2.04
5/28/2010,2.06
5/27/2010,2.13
5/26/2010,2
5/25/2010,1.92
5/24/2010,1.94
5/21/2010,1.98
5/20/2010,2.01
5/19/2010,2
5/18/2010,2.01
5/17/2010,2.05
5/14/2010,2.02
5/13/2010,2.05
5/12/2010,2.07
5/11/2010,2.07
5/10/2010,2.07
5/7/2010,1.93
5/6/2010,1.92
5/5/2010,1.96
5/4/2010,2
5/3/2010,2.11
4/30/2010,2.05
4/29/2010,2.14
4/28/2010,2.1
4/27/2010,2.1
4/26/2010,2.18
4/23/2010,2.15
4/22/2010,2.15
4/21/2010,2.18
4/20/2010,2.24
4/19/2010,2.19
4/16/2010,2.19
4/15/2010,2.2
4/14/2010,2.15
4/13/2010,2.02
4/12/2010,2
4/9/2010,2
4/8/2010,2.01
4/7/2010,2.05
4/6/2010,2.07
4/5/2010,2.03
4/1/2010,2.05
3/31/2010,2.06
3/30/2010,2.04
3/29/2010,2.02
3/26/2010,1.99
3/25/2010,1.97
3/24/2010,1.96
3/23/2010,2.02
3/22/2010,1.99
3/19/2010,2.01
3/18/2010,2
3/17/2010,1.99
3/16/2010,1.95
3/15/2010,1.94
3/12/2010,1.97
3/11/2010,1.99
3/10/2010,1.97
3/9/2010,1.94
3/8/2010,1.93
3/5/2010,1.94
3/4/2010,1.91
3/3/2010,1.89
3/2/2010,1.87
3/1/2010,1.83
2/26/2010,1.81
2/25/2010,1.81
2/24/2010,1.77
2/23/2010,1.74
2/22/2010,1.74
2/19/2010,1.75
2/18/2010,1.75
2/17/2010,1.74
2/16/2010,1.75
2/12/2010,1.74
2/11/2010,1.71
2/10/2010,1.68
2/9/2010,1.7
2/8/2010,1.7
2/5/2010,1.72
2/4/2010,1.72
2/3/2010,1.76
2/2/2010,1.77
2/1/2010,1.75
1/29/2010,1.74
1/28/2010,1.77
1/27/2010,1.74
1/26/2010,1.78
1/25/2010,1.76
1/22/2010,1.76
1/21/2010,1.8
1/20/2010,1.8
1/19/2010,1.78
1/15/2010,1.82
1/14/2010,1.84
1/13/2010,1.84
1/12/2010,1.9
1/11/2010,1.93
1/8/2010,1.92
1/7/2010,1.9
1/6/2010,1.92
1/5/2010,1.9
1/4/2010,1.89
12/31/2009,1.83
12/30/2009,1.77
12/29/2009,1.75
12/28/2009,1.74
12/24/2009,1.68
12/23/2009,1.68
12/22/2009,1.67
12/21/2009,1.65
12/18/2009,1.64
12/17/2009,1.63
12/16/2009,1.7
12/15/2009,1.67
12/14/2009,1.69
12/11/2009,1.66
12/10/2009,1.68
12/9/2009,1.68
12/8/2009,1.68
12/7/2009,1.69
12/4/2009,1.65
12/3/2009,1.59
12/2/2009,1.56
12/1/2009,1.6
11/30/2009,1.59
11/27/2009,1.59
11/25/2009,1.55
11/24/2009,1.53
11/23/2009,1.52
11/20/2009,1.54
11/19/2009,1.56
11/18/2009,1.6
11/17/2009,1.61
11/16/2009,1.6
11/13/2009,1.56
11/12/2009,1.56
11/11/2009,1.54
11/10/2009,1.54
11/9/2009,1.57
11/6/2009,1.53
11/5/2009,1.53
11/4/2009,1.48
11/3/2009,1.45
11/2/2009,1.49
10/30/2009,1.5
10/29/2009,1.5
10/28/2009,1.49
10/27/2009,1.54
10/26/2009,1.58
10/23/2009,1.6
10/22/2009,1.63
10/21/2009,1.65
10/20/2009,1.65
10/19/2009,1.62
10/16/2009,1.64
10/15/2009,1.72
10/14/2009,1.69
10/13/2009,1.65
10/12/2009,1.63
10/9/2009,1.62
10/8/2009,1.6
10/7/2009,1.61
10/6/2009,1.65
10/5/2009,1.65
10/2/2009,1.61
10/1/2009,1.63
9/30/2009,1.71
9/29/2009,1.7
9/28/2009,1.76
9/25/2009,1.71
9/24/2009,1.75
9/23/2009,1.74
9/22/2009,1.73
9/21/2009,1.66
9/18/2009,1.62
9/17/2009,1.66
9/16/2009,1.76
9/15/2009,1.72
9/14/2009,1.67
9/11/2009,1.69
9/10/2009,1.71
9/9/2009,1.73
9/8/2009,1.77
9/4/2009,1.78
9/3/2009,1.75
9/2/2009,1.77
9/1/2009,1.78
8/31/2009,1.82
8/28/2009,1.85
8/27/2009,1.82
8/26/2009,1.78
8/25/2009,1.78
8/24/2009,1.75
8/21/2009,1.78
8/20/2009,1.78
8/19/2009,1.79
8/18/2009,1.71
8/17/2009,1.62
8/14/2009,1.66
8/13/2009,1.66
8/12/2009,1.6
8/11/2009,1.57
8/10/2009,1.6
8/7/2009,1.64
8/6/2009,1.62
