Date,Price,,,,,
5/20/2025,207.67,,,,,
5/19/2025,205.25,,,,,
5/16/2025,205.82,,,,,
5/15/2025,206.24,,,,,
5/14/2025,204.72,,,,,
5/13/2025,203.42,,,,,
5/12/2025,198.53,,,,,
5/9/2025,194.85,,,,,
5/8/2025,191.7,,,,,
5/7/2025,185.56,,,,,
5/6/2025,185.96,,,,,
5/5/2025,186.46,,,,,
5/2/2025,185.46,,,,,
5/1/2025,182.89,,,,,
4/30/2025,183.24,,,,,
4/29/2025,182,,,,,
4/28/2025,182.3,,,,,
4/25/2025,177.95,,,,,
4/24/2025,176.26,,,,,
4/23/2025,172.37,,,,,
4/22/2025,162.52,,,,,
4/21/2025,159.34,,,,,
4/17/2025,161.9,,,,,
4/16/2025,156.47,,,,,
4/15/2025,155.52,,,,,
4/14/2025,159.28,,,,,
4/11/2025,156.84,,,,,
4/10/2025,155.52,,,,,
4/9/2025,160.82,,,,,
4/8/2025,139.39,,,,,
4/7/2025,138.86,,,,,
4/4/2025,136.59,,,,,
4/3/2025,150.91,,,,,
4/2/2025,168.56,,,,,
4/1/2025,168.17,,,,,
3/31/2025,170.55,,,,,
3/28/2025,173.31,,,,,
3/27/2025,179.11,,,,,
3/26/2025,178.55,,,,,
3/25/2025,182.59,,,,,
3/24/2025,180.9,,,,,
3/21/2025,178.11,,,,,
3/20/2025,172.83,,,,,
3/19/2025,172.62,,,,,
3/18/2025,161.57,,,,,
3/17/2025,161.85,,,,,
3/14/2025,161.81,,,,,
3/13/2025,159.32,,,,,
3/12/2025,158.8,,,,,
3/11/2025,154.06,,,,,
3/10/2025,148.15,,,,,
3/7/2025,154.18,,,,,
3/6/2025,158.43,,,,,
3/5/2025,163.16,,,,,
3/4/2025,158.9,,,,,
3/3/2025,170.06,,,,,
2/28/2025,174.63,,,,,
2/27/2025,173.83,,,,,
2/26/2025,173.04,,,,,
2/25/2025,178.27,,,,,
2/24/2025,179.91,,,,,
2/21/2025,177.15,,,,,
2/20/2025,180.88,,,,,
2/19/2025,186.15,,,,,
2/18/2025,184.97,,,,,
2/14/2025,184.42,,,,,
2/13/2025,185.44,,,,,
2/12/2025,186.25,,,,,
2/11/2025,180.44,,,,,
2/10/2025,180.55,,,,,
2/7/2025,181.49,,,,,
2/6/2025,184.8,,,,,
2/5/2025,181.84,,,,,
2/4/2025,176.23,,,,,
2/3/2025,175.87,,,,,
1/31/2025,176.52,,,,,
1/30/2025,179.53,,,,,
1/29/2025,173.66,,,,,
1/28/2025,177.78,,,,,
1/27/2025,175.16,,,,,
1/24/2025,176.06,,,,,
1/23/2025,178.5,,,,,
1/22/2025,174.8,,,,,
1/21/2025,175.56,,,,,
1/17/2025,171.09,,,,,
1/16/2025,168.93,,,,,
1/15/2025,166.2,,,,,
1/14/2025,167.02,,,,,
1/13/2025,170.57,,,,,
1/10/2025,172,,,,,
1/8/2025,171.76,,,,,
1/7/2025,172.51,,,,,
1/6/2025,170.78,,,,,
1/3/2025,169.9,,,,,
1/2/2025,171.87,,,,,
12/31/2024,177,,,,,
12/30/2024,176.55,,,,,
12/27/2024,180.72,,,,,
12/26/2024,180.38,,,,,
12/24/2024,179.34,,,,,
12/23/2024,177.69,,,,,
12/20/2024,177.35,,,,,
12/19/2024,177.04,,,,,
12/18/2024,172.62,,,,,
12/17/2024,173.03,,,,,
12/16/2024,173.17,,,,,
12/13/2024,169.65,,,,,
12/12/2024,167.75,,,,,
12/11/2024,165.96,,,,,
12/10/2024,164.1,,,,,
12/9/2024,157.04,,,,,
12/6/2024,153.93,,,,,
12/5/2024,156.67,,,,,
12/4/2024,158.28,,,,,
12/3/2024,155,,,,,
12/2/2024,156.54,,,,,
11/29/2024,155.44,,,,,
11/27/2024,152.4,,,,,
11/26/2024,150.76,,,,,
11/25/2024,153.1,,,,,
11/22/2024,149.29,,,,,
11/21/2024,143.41,,,,,
11/20/2024,146.08,,,,,
11/19/2024,145.6,,,,,
11/18/2024,143.87,,,,,
11/15/2024,140.19,,,,,
11/14/2024,138.14,,,,,
11/13/2024,139.97,,,,,
11/12/2024,145.17,,,,,
11/11/2024,148.96,,,,,
11/8/2024,151.68,,,,,
11/7/2024,150.98,,,,,
11/6/2024,147.16,,,,,
11/5/2024,151,,,,,
11/4/2024,155.07,,,,,
11/1/2024,154.59,,,,,
10/31/2024,149.31,,,,,
10/30/2024,154.29,,,,,
10/29/2024,152.98,,,,,
10/28/2024,150.69,,,,,
10/25/2024,155.01,,,,,
10/24/2024,155.2,,,,,
10/23/2024,157.06,,,,,
10/22/2024,159.88,,,,,
10/21/2024,159.82,,,,,
10/18/2024,155,,,,,
10/17/2024,155.31,,,,,
10/16/2024,154.9,,,,,
10/15/2024,152.35,,,,,
10/14/2024,148.99,,,,,
10/11/2024,151.02,,,,,
10/10/2024,146.62,,,,,
10/9/2024,149.37,,,,,
10/8/2024,154.65,,,,,
10/7/2024,155.91,,,,,
10/4/2024,155,,,,,
10/3/2024,150.52,,,,,
10/2/2024,152.89,,,,,
10/1/2024,154.22,,,,,
9/30/2024,152.04,,,,,
9/27/2024,156.32,,,,,
9/26/2024,154.58,,,,,
9/25/2024,152.22,,,,,
9/24/2024,155.81,,,,,
9/23/2024,156.3,,,,,
9/20/2024,153.29,,,,,
9/19/2024,154.59,,,,,
9/18/2024,155.11,,,,,
9/17/2024,156.39,,,,,
9/16/2024,155.55,,,,,
9/13/2024,156.77,,,,,
9/12/2024,162.77,,,,,
9/11/2024,161.33,,,,,
9/10/2024,160.07,,,,,
9/9/2024,162.91,,,,,
9/6/2024,157.62,,,,,
9/5/2024,162.15,,,,,
9/4/2024,163.22,,,,,
9/3/2024,161.02,,,,,
8/30/2024,173.74,,,,,
8/29/2024,172.26,,,,,
8/28/2024,170.71,,,,,
8/27/2024,173.05,,,,,
8/26/2024,173.48,,,,,
8/23/2024,174.96,,,,,
8/22/2024,172.76,,,,,
8/21/2024,173.43,,,,,
8/20/2024,172.1,,,,,
8/19/2024,179.64,,,,,
8/16/2024,179.99,,,,,
8/15/2024,176.41,,,,,
8/14/2024,168.5,,,,,
8/13/2024,168.76,,,,,
8/12/2024,164.13,,,,,
8/9/2024,167.91,,,,,
8/8/2024,168.87,,,,,
8/7/2024,163.24,,,,,
8/6/2024,165.04,,,,,
8/5/2024,167.03,,,,,
8/2/2024,169.95,,,,,
8/1/2024,178.31,,,,,
7/31/2024,190.6,,,,,
7/30/2024,186.86,,,,,
7/29/2024,185.43,,,,,
7/26/2024,186.89,,,,,
7/25/2024,184.35,,,,,
7/24/2024,180.07,,,,,
7/23/2024,186.48,,,,,
7/22/2024,178.9,,,,,
7/19/2024,179.67,,,,,
7/18/2024,180.23,,,,,
7/17/2024,184.84,,,,,
7/16/2024,186.05,,,,,
7/15/2024,179.11,,,,,
7/12/2024,182.31,,,,,
7/11/2024,183.91,,,,,
7/10/2024,183.73,,,,,
7/9/2024,183.24,,,,,
7/8/2024,185.84,,,,,
7/5/2024,184.83,,,,,
7/3/2024,184.31,,,,,
7/2/2024,185.42,,,,,
7/1/2024,186.7,,,,,
6/28/2024,182.01,,,,,
6/27/2024,182.51,,,,,
6/26/2024,178.5,,,,,
6/25/2024,175.1,,,,,
6/24/2024,179.1,,,,,
6/21/2024,176.56,,,,,
6/20/2024,176.3,,,,,
6/18/2024,174.99,,,,,
6/17/2024,178.39,,,,,
6/14/2024,177.27,,,,,
6/13/2024,180.7,,,,,
6/12/2024,182.67,,,,,
6/11/2024,185.5,,,,,
6/10/2024,190.12,,,,,
6/7/2024,190.24,,,,,
6/6/2024,191.42,,,,,
6/5/2024,189.85,,,,,
6/4/2024,188.62,,,,,
6/3/2024,184.57,,,,,
5/31/2024,177.61,,,,,
5/30/2024,172.75,,,,,
5/29/2024,171.65,,,,,
5/28/2024,175.08,,,,,
5/24/2024,174.52,,,,,
5/23/2024,172.21,,,,,
5/22/2024,186.28,,,,,
5/21/2024,184.78,,,,,
5/20/2024,186.61,,,,,
5/17/2024,184.95,,,,,
5/16/2024,182.96,,,,,
5/15/2024,176.99,,,,,
5/14/2024,180.76,,,,,
5/13/2024,178.44,,,,,
5/10/2024,178.51,,,,,
5/9/2024,181.25,,,,,
5/8/2024,180.35,,,,,
5/7/2024,176.71,,,,,
5/6/2024,178.35,,,,,
5/3/2024,179.79,,,,,
5/2/2024,178.85,,,,,
5/1/2024,171.46,,,,,
4/30/2024,167.84,,,,,
4/29/2024,173.49,,,,,
4/26/2024,167.22,,,,,
4/25/2024,166.81,,,,,
4/24/2024,164.33,,,,,
4/23/2024,169.18,,,,,
4/22/2024,170.48,,,,,
4/19/2024,169.82,,,,,
4/18/2024,170.23,,,,,
4/17/2024,170.21,,,,,
4/16/2024,170.55,,,,,
4/15/2024,167.82,,,,,
4/12/2024,169.55,,,,,
4/11/2024,173.36,,,,,
4/10/2024,174.63,,,,,
4/9/2024,178.12,,,,,
4/8/2024,181.56,,,,,
4/5/2024,183.14,,,,,
4/4/2024,183.29,,,,,
4/3/2024,184.92,,,,,
4/2/2024,188.04,,,,,
4/1/2024,189.5,,,,,
3/28/2024,192.99,,,,,
3/27/2024,191.95,,,,,
3/26/2024,187.5,,,,,
3/25/2024,191.41,,,,,
3/22/2024,188.85,,,,,
3/21/2024,187.7,,,,,
3/20/2024,187.78,,,,,
3/19/2024,181.14,,,,,
3/18/2024,179.84,,,,,
3/15/2024,182.53,,,,,
3/14/2024,181.15,,,,,
3/13/2024,182.35,,,,,
3/12/2024,184.24,,,,,
3/11/2024,192.49,,,,,
3/8/2024,198.49,,,,,
3/7/2024,203.03,,,,,
3/6/2024,201,,,,,
3/5/2024,201.14,,,,,
3/4/2024,200.54,,,,,
3/1/2024,200,,,,,
2/29/2024,203.72,,,,,
2/28/2024,207,,,,,
2/27/2024,201.4,,,,,
2/26/2024,200.54,,,,,
2/23/2024,200.83,,,,,
2/22/2024,201.5,,,,,
2/21/2024,201.57,,,,,
2/20/2024,203.37,,,,,
2/16/2024,203.89,,,,,
2/15/2024,205.33,,,,,
2/14/2024,203.38,,,,,
2/13/2024,204.46,,,,,
2/12/2024,209.33,,,,,
2/9/2024,209.2,,,,,
2/8/2024,209.22,,,,,
2/7/2024,211.92,,,,,
2/6/2024,208.58,,,,,
2/5/2024,206.63,,,,,
2/2/2024,209.38,,,,,
2/1/2024,209.81,,,,,
1/31/2024,211.04,,,,,
1/30/2024,200.44,,,,,
1/29/2024,205.19,,,,,
1/26/2024,205.47,,,,,
1/25/2024,201.88,,,,,
1/24/2024,214.13,,,,,
1/23/2024,211.5,,,,,
1/22/2024,214.93,,,,,
1/19/2024,215.02,,,,,
1/18/2024,211.61,,,,,
1/17/2024,203.06,,,,,
1/16/2024,200.52,,,,,
1/12/2024,217.7,,,,,
1/11/2024,222.66,,,,,
1/10/2024,227.84,,,,,
1/9/2024,225.76,,,,,
1/8/2024,229,,,,,
1/5/2024,249,,,,,
1/4/2024,244.94,,,,,
1/3/2024,243.91,,,,,
1/2/2024,251.76,,,,,
12/29/2023,260.66,,,,,
12/28/2023,260.35,,,,,
12/27/2023,262.1,,,,,
12/26/2023,262.79,,,,,
12/22/2023,260.44,,,,,
12/21/2023,262.02,,,,,
12/20/2023,260.25,,,,,
12/19/2023,263.51,,,,,
12/18/2023,260.41,,,,,
12/15/2023,264.27,,,,,
12/14/2023,256.24,,,,,
12/13/2023,250.91,,,,,
12/12/2023,248.63,,,,,
12/11/2023,248.08,,,,,
12/8/2023,244.7,,,,,
12/7/2023,237.33,,,,,
12/6/2023,236.89,,,,,
12/5/2023,234.16,,,,,
12/4/2023,234.87,,,,,
12/1/2023,233.87,,,,,
11/30/2023,231.63,,,,,
11/29/2023,224.43,,,,,
11/28/2023,222.37,,,,,
11/27/2023,219.3,,,,,
11/24/2023,220,,,,,
11/22/2023,219.91,,,,,
11/21/2023,218.27,,,,,
11/20/2023,217.71,,,,,
11/17/2023,208.04,,,,,
11/16/2023,206.6,,,,,
11/15/2023,208.71,,,,,
11/14/2023,207.47,,,,,
11/13/2023,204.54,,,,,
11/10/2023,196.65,,,,,
11/9/2023,193.33,,,,,
11/8/2023,191.83,,,,,
11/7/2023,191.41,,,,,
11/6/2023,192.95,,,,,
11/3/2023,195.05,,,,,
11/2/2023,192.01,,,,,
11/1/2023,189.38,,,,,
10/31/2023,186.82,,,,,
10/30/2023,182.35,,,,,
10/27/2023,179.69,,,,,
10/26/2023,179.09,,,,,
10/25/2023,177.73,,,,,
10/24/2023,182.36,,,,,
10/23/2023,181.03,,,,,
10/20/2023,180.04,,,,,
10/19/2023,182.79,,,,,
10/18/2023,185.69,,,,,
10/17/2023,185.6,,,,,
10/16/2023,184.93,,,,,
10/13/2023,184.91,,,,,
10/12/2023,191.3,,,,,
10/11/2023,196.07,,,,,
10/10/2023,193.53,,,,,
10/9/2023,188.49,,,,,
10/6/2023,187.38,,,,,
10/5/2023,186.29,,,,,
10/4/2023,186.73,,,,,
10/3/2023,188.92,,,,,
10/2/2023,187.83,,,,,
9/29/2023,191.68,,,,,
9/28/2023,190.43,,,,,
9/27/2023,195.46,,,,,
9/26/2023,195.64,,,,,
9/25/2023,198.78,,,,,
9/22/2023,197.71,,,,,
9/21/2023,199.95,,,,,
9/20/2023,202.37,,,,,
9/19/2023,204.48,,,,,
9/18/2023,205.12,,,,,
9/15/2023,208.11,,,,,
9/14/2023,209.05,,,,,
9/13/2023,208.4,,,,,
9/12/2023,210.65,,,,,
9/11/2023,211.01,,,,,
9/8/2023,211.27,,,,,
9/7/2023,216.05,,,,,
9/6/2023,217.95,,,,,
9/5/2023,222.57,,,,,
9/1/2023,223.4,,,,,
8/31/2023,224.03,,,,,
8/30/2023,228.85,,,,,
8/29/2023,227.25,,,,,
8/28/2023,227.06,,,,,
8/25/2023,223.41,,,,,
8/24/2023,217.31,,,,,
8/23/2023,228.58,,,,,
8/22/2023,230.07,,,,,
8/21/2023,227.22,,,,,
8/18/2023,226.65,,,,,
8/17/2023,224.54,,,,,
8/16/2023,229.95,,,,,
8/15/2023,232.26,,,,,
8/14/2023,236.71,,,,,
8/11/2023,235.72,,,,,
8/10/2023,238.26,,,,,
8/9/2023,237.86,,,,,
8/8/2023,238.04,,,,,
8/7/2023,238.25,,,,,
8/4/2023,231.36,,,,,
8/3/2023,231.36,,,,,
8/2/2023,231.38,,,,,
8/1/2023,238.01,,,,,
7/31/2023,238.85,,,,,
7/28/2023,238.69,,,,,
7/27/2023,233.75,,,,,
7/26/2023,232.8,,,,,
7/25/2023,214.12,,,,,
7/24/2023,215.87,,,,,
7/21/2023,211.8,,,,,
7/20/2023,213.61,,,,,
7/19/2023,208.6,,,,,
7/18/2023,211.57,,,,,
7/17/2023,211.87,,,,,
7/14/2023,213.12,,,,,
7/13/2023,216.85,,,,,
7/12/2023,217.11,,,,,
7/11/2023,218.76,,,,,
7/10/2023,213.31,,,,,
7/7/2023,212.1,,,,,
7/6/2023,212.62,,,,,
7/5/2023,213.31,,,,,
7/3/2023,210.92,,,,,
6/30/2023,211.16,,,,,
6/29/2023,211.83,,,,,
6/28/2023,210.72,,,,,
6/27/2023,209.43,,,,,
6/26/2023,205.58,,,,,
6/23/2023,205.41,,,,,
6/22/2023,205.61,,,,,
6/21/2023,212.08,,,,,
6/20/2023,212.37,,,,,
6/16/2023,219.99,,,,,
6/15/2023,219.41,,,,,
6/14/2023,216.9,,,,,
6/13/2023,220.38,,,,,
6/12/2023,221.56,,,,,
6/9/2023,217.31,,,,,
6/8/2023,218.11,,,,,
6/7/2023,211.93,,,,,
6/6/2023,207.29,,,,,
6/5/2023,208.78,,,,,
6/2/2023,213.32,,,,,
6/1/2023,207.96,,,,,
5/31/2023,205.7,,,,,
5/30/2023,204.69,,,,,
5/26/2023,203.63,,,,,
5/25/2023,200.87,,,,,
5/24/2023,199.27,,,,,
5/23/2023,202.6,,,,,
5/22/2023,205.91,,,,,
5/19/2023,205.49,,,,,
5/18/2023,207.24,,,,,
5/17/2023,206.87,,,,,
5/16/2023,200.87,,,,,
5/15/2023,202.77,,,,,
5/12/2023,200.7,,,,,
5/11/2023,201.84,,,,,
5/10/2023,200.84,,,,,
5/9/2023,201.88,,,,,
5/8/2023,197.26,,,,,
5/5/2023,198.34,,,,,
5/4/2023,197.05,,,,,
5/3/2023,200.93,,,,,
5/2/2023,203.25,,,,,
5/1/2023,203.87,,,,,
4/28/2023,206.78,,,,,
4/27/2023,206.04,,,,,
4/26/2023,203.03,,,,,
4/25/2023,202.19,,,,,
4/24/2023,205.77,,,,,
4/21/2023,205.15,,,,,
4/20/2023,207.23,,,,,
4/19/2023,208.71,,,,,
4/18/2023,208.37,,,,,
4/17/2023,205.03,,,,,
4/14/2023,201.71,,,,,
4/13/2023,213.59,,,,,
4/12/2023,212.34,,,,,
4/11/2023,212.32,,,,,
4/10/2023,210.78,,,,,
4/6/2023,211.37,,,,,
4/5/2023,210,,,,,
4/4/2023,213.9,,,,,
4/3/2023,215.39,,,,,
3/31/2023,212.43,,,,,
3/30/2023,211.04,,,,,
3/29/2023,207.97,,,,,
3/28/2023,204.96,,,,,
3/27/2023,200.57,,,,,
3/24/2023,197.53,,,,,
3/23/2023,197.9,,,,,
3/22/2023,196.16,,,,,
3/21/2023,204.7,,,,,
3/20/2023,204.77,,,,,
3/17/2023,201.05,,,,,
3/16/2023,203.19,,,,,
3/15/2023,198.21,,,,,
3/14/2023,207.28,,,,,
3/13/2023,203.37,,,,,
3/10/2023,203.07,,,,,
3/9/2023,201.24,,,,,
3/8/2023,207.2,,,,,
3/7/2023,207.92,,,,,
3/6/2023,211.92,,,,,
3/3/2023,215.11,,,,,
3/2/2023,210.06,,,,,
3/1/2023,204.55,,,,,
2/28/2023,201.55,,,,,
2/27/2023,200.46,,,,,
2/24/2023,198.15,,,,,
2/23/2023,208.13,,,,,
2/22/2023,205.76,,,,,
2/21/2023,205.52,,,,,
2/17/2023,211.66,,,,,
2/16/2023,212.21,,,,,
2/15/2023,217.44,,,,,
2/14/2023,218.45,,,,,
2/13/2023,215.65,,,,,
2/10/2023,212.89,,,,,
2/9/2023,211.99,,,,,
2/8/2023,213.5,,,,,
2/7/2023,214.76,,,,,
2/6/2023,206.81,,,,,
2/3/2023,206.01,,,,,
2/2/2023,209.34,,,,,
2/1/2023,214.75,,,,,
1/31/2023,213,,,,,
1/30/2023,209.67,,,,,
1/27/2023,211.17,,,,,
1/26/2023,212.73,,,,,
1/25/2023,212.68,,,,,
1/24/2023,211.98,,,,,
1/23/2023,209.97,,,,,
1/20/2023,206.76,,,,,
1/19/2023,207.09,,,,,
1/18/2023,209.41,,,,,
1/17/2023,211.41,,,,,
1/13/2023,214.13,,,,,
1/12/2023,214.32,,,,,
1/11/2023,208.03,,,,,
1/10/2023,206.69,,,,,
1/9/2023,208.57,,,,,
1/6/2023,213,,,,,
1/5/2023,204.99,,,,,
1/4/2023,203.64,,,,,
1/3/2023,195.39,,,,,
12/30/2022,190.49,,,,,
12/29/2022,188.91,,,,,
12/28/2022,188.38,,,,,
12/27/2022,189.4,,,,,
12/23/2022,189.06,,,,,
12/22/2022,188.25,,,,,
12/21/2022,196,,,,,
12/20/2022,188.29,,,,,
12/19/2022,185.68,,,,,
12/16/2022,184.7,,,,,
12/15/2022,183.72,,,,,
12/14/2022,188.25,,,,,
12/13/2022,187.13,,,,,
12/12/2022,186.27,,,,,
12/9/2022,179.54,,,,,
12/8/2022,179.08,,,,,
12/7/2022,176.5,,,,,
12/6/2022,178.43,,,,,
12/5/2022,185.1,,,,,
12/2/2022,182.87,,,,,
12/1/2022,175.78,,,,,
11/30/2022,178.88,,,,,
11/29/2022,175.32,,,,,
11/28/2022,171.83,,,,,
11/25/2022,178.36,,,,,
11/23/2022,174.85,,,,,
11/22/2022,172.5,,,,,
11/21/2022,172.94,,,,,
11/18/2022,173.89,,,,,
11/17/2022,172.78,,,,,
11/16/2022,172.69,,,,,
11/15/2022,175.35,,,,,
11/14/2022,173.55,,,,,
11/11/2022,177.49,,,,,
11/10/2022,177.58,,,,,
11/9/2022,168.74,,,,,
11/8/2022,169.62,,,,,
11/7/2022,164.91,,,,,
11/4/2022,160.01,,,,,
11/3/2022,156.75,,,,,
11/2/2022,147.41,,,,,
11/1/2022,143.38,,,,,
10/31/2022,142.51,,,,,
10/28/2022,143.84,,,,,
10/27/2022,139.76,,,,,
10/26/2022,133.79,,,,,
10/25/2022,146.65,,,,,
10/24/2022,142.05,,,,,
10/21/2022,141.32,,,,,
10/20/2022,139.13,,,,,
10/19/2022,138.39,,,,,
10/18/2022,137.34,,,,,
10/17/2022,136.09,,,,,
10/14/2022,133.15,,,,,
10/13/2022,132.4,,,,,
10/12/2022,130.42,,,,,
10/11/2022,131.57,,,,,
10/10/2022,131.9,,,,,
10/7/2022,129.79,,,,,
10/6/2022,132.2,,,,,
10/5/2022,132.11,,,,,
10/4/2022,133.51,,,,,
10/3/2022,126.05,,,,,
9/30/2022,121.08,,,,,
9/29/2022,125.33,,,,,
9/28/2022,133.44,,,,,
9/27/2022,127.51,,,,,
9/26/2022,127.34,,,,,
9/23/2022,131.26,,,,,
9/22/2022,138.71,,,,,
9/21/2022,143.29,,,,,
9/20/2022,145.94,,,,,
9/19/2022,144.88,,,,,
9/16/2022,144.29,,,,,
9/15/2022,149.78,,,,,
9/14/2022,149.26,,,,,
9/13/2022,147.31,,,,,
9/12/2022,158.72,,,,,
9/9/2022,157.52,,,,,
9/8/2022,157.79,,,,,
9/7/2022,155.95,,,,,
9/6/2022,152.39,,,,,
9/2/2022,151.82,,,,,
9/1/2022,153.66,,,,,
8/31/2022,160.25,,,,,
8/30/2022,162.21,,,,,
8/29/2022,165.42,,,,,
8/26/2022,164.53,,,,,
8/25/2022,169.38,,,,,
8/24/2022,163.6,,,,,
8/23/2022,160.07,,,,,
8/22/2022,158.98,,,,,
8/19/2022,162.92,,,,,
8/18/2022,168.69,,,,,
8/17/2022,167.2,,,,,
8/16/2022,172.08,,,,,
8/15/2022,170.47,,,,,
8/12/2022,169.99,,,,,
8/11/2022,167.88,,,,,
8/10/2022,169.02,,,,,
8/9/2022,164.85,,,,,
8/8/2022,165.89,,,,,
8/5/2022,165.04,,,,,
8/4/2022,166.5,,,,,
8/3/2022,166.64,,,,,
8/2/2022,163.28,,,,,
8/1/2022,169.07,,,,,
7/29/2022,159.31,,,,,
7/28/2022,159.09,,,,,
7/27/2022,156.09,,,,,
7/26/2022,155.92,,,,,
7/25/2022,156.64,,,,,
7/22/2022,158.16,,,,,
7/21/2022,161.41,,,,,
7/20/2022,158.38,,,,,
7/19/2022,156.13,,,,,
7/18/2022,147.72,,,,,
7/15/2022,147.74,,,,,
7/14/2022,147.15,,,,,
7/13/2022,143.95,,,,,
7/12/2022,147.15,,,,,
7/11/2022,136.99,,,,,
7/8/2022,139.07,,,,,
7/7/2022,139.97,,,,,
7/6/2022,136.31,,,,,
7/5/2022,137.7,,,,,
7/1/2022,139.84,,,,,
6/30/2022,136.72,,,,,
6/29/2022,138.45,,,,,
6/28/2022,138.7,,,,,
6/27/2022,138.72,,,,,
6/24/2022,141.53,,,,,
6/23/2022,133.97,,,,,
6/22/2022,137.16,,,,,
6/21/2022,136.75,,,,,
6/17/2022,136.8,,,,,
6/16/2022,133.36,,,,,
6/15/2022,133.72,,,,,
6/14/2022,122.16,,,,,
6/13/2022,115.86,,,,,
6/10/2022,127,,,,,
6/9/2022,133.73,,,,,
6/8/2022,139.63,,,,,
6/7/2022,140.82,,,,,
6/6/2022,139.24,,,,,
6/3/2022,139.25,,,,,
6/2/2022,140.5,,,,,
6/1/2022,130.65,,,,,
5/31/2022,131.4,,,,,
5/27/2022,132.23,,,,,
5/26/2022,127.73,,,,,
5/25/2022,122.06,,,,,
5/24/2022,119.4,,,,,
5/23/2022,124.07,,,,,
5/20/2022,120.7,,,,,
5/19/2022,127.14,,,,,
5/18/2022,125.52,,,,,
5/17/2022,132.05,,,,,
5/16/2022,124.05,,,,,
5/13/2022,127.2,,,,,
5/12/2022,123.14,,,,,
5/11/2022,129.39,,,,,
5/10/2022,132.95,,,,,
5/9/2022,133.31,,,,,
5/6/2022,148.9,,,,,
5/5/2022,150.47,,,,,
5/4/2022,156.97,,,,,
5/3/2022,153.58,,,,,
5/2/2022,148.61,,,,,
4/29/2022,148.84,,,,,
4/28/2022,154.22,,,,,
4/27/2022,154.46,,,,,
4/26/2022,167.04,,,,,
4/25/2022,175.91,,,,,
4/22/2022,176.92,,,,,
4/21/2022,181.02,,,,,
4/20/2022,183.55,,,,,
4/19/2022,185.98,,,,,
4/18/2022,179.85,,,,,
4/14/2022,181.94,,,,,
4/13/2022,182.87,,,,,
4/12/2022,176.28,,,,,
4/11/2022,175.03,,,,,
4/8/2022,175.2,,,,,
4/7/2022,177.97,,,,,
4/6/2022,178.72,,,,,
4/5/2022,182.65,,,,,
4/4/2022,191.18,,,,,
4/1/2022,190.76,,,,,
3/31/2022,191.5,,,,,
3/30/2022,194.91,,,,,
3/29/2022,193.8,,,,,
3/28/2022,188.16,,,,,
3/25/2022,188.95,,,,,
3/24/2022,189.05,,,,,
3/23/2022,186.04,,,,,
3/22/2022,191.04,,,,,
3/21/2022,185.9,,,,,
3/18/2022,192.83,,,,,
3/17/2022,190.19,,,,,
3/16/2022,188.99,,,,,
3/15/2022,179.89,,,,,
3/14/2022,175.52,,,,,
3/11/2022,176.23,,,,,
3/10/2022,178.39,,,,,
3/9/2022,178.56,,,,,
3/8/2022,173.8,,,,,
3/7/2022,169.17,,,,,
3/4/2022,180.84,,,,,
3/3/2022,188.85,,,,,
3/2/2022,197.81,,,,,
3/1/2022,194.91,,,,,
2/28/2022,205.34,,,,,
2/25/2022,201.48,,,,,
2/24/2022,198.43,,,,,
2/23/2022,196.42,,,,,
2/22/2022,198.74,,,,,
2/18/2022,209.03,,,,,
2/17/2022,213.58,,,,,
2/16/2022,218.93,,,,,
2/15/2022,217.73,,,,,
2/14/2022,210.04,,,,,
2/11/2022,212.3,,,,,
2/10/2022,218.75,,,,,
2/9/2022,215.86,,,,,
2/8/2022,213.27,,,,,
2/7/2022,211.92,,,,,
2/4/2022,206.45,,,,,
2/3/2022,206.39,,,,,
2/2/2022,207.52,,,,,
2/1/2022,208.34,,,,,
1/31/2022,200.24,,,,,
1/28/2022,190.57,,,,,
1/27/2022,189.75,,,,,
1/26/2022,194.27,,,,,
1/25/2022,204.1,,,,,
1/24/2022,204.2,,,,,
1/21/2022,205.44,,,,,
1/20/2022,214.19,,,,,
1/19/2022,217.08,,,,,
1/18/2022,225.01,,,,,
1/14/2022,225.96,,,,,
1/13/2022,223.9,,,,,
1/12/2022,217.45,,,,,
1/11/2022,216.02,,,,,
1/10/2022,209.31,,,,,
1/7/2022,215.5,,,,,
1/6/2022,211.34,,,,,
1/5/2022,213.07,,,,,
1/4/2022,213.63,,,,,
1/3/2022,207.86,,,,,
12/31/2021,201.32,,,,,
12/30/2021,202.71,,,,,
12/29/2021,203.66,,,,,
12/28/2021,206.13,,,,,
12/27/2021,203.17,,,,,
12/23/2021,204.22,,,,,
12/22/2021,201.69,,,,,
12/21/2021,199.52,,,,,
12/20/2021,188.48,,,,,
12/17/2021,192.63,,,,,
12/16/2021,190.79,,,,,
12/15/2021,195.43,,,,,
12/14/2021,195.5,,,,,
12/13/2021,197.4,,,,,
12/10/2021,205.06,,,,,
12/9/2021,207.56,,,,,
12/8/2021,211.03,,,,,
12/7/2021,208.83,,,,,
12/6/2021,205.88,,,,,
12/3/2021,198.49,,,,,
12/2/2021,202.38,,,,,
12/1/2021,188.19,,,,,
11/30/2021,197.85,,,,,
11/29/2021,198.5,,,,,
11/26/2021,199.21,,,,,
11/24/2021,210.6,,,,,
11/23/2021,209.13,,,,,
11/22/2021,209.9,,,,,
11/19/2021,214.13,,,,,
11/18/2021,227.25,,,,,
11/17/2021,226.62,,,,,
11/16/2021,225.8,,,,,
11/15/2021,233.09,,,,,
11/12/2021,220.96,,,,,
11/11/2021,219.38,,,,,
11/10/2021,218.5,,,,,
11/9/2021,220.79,,,,,
11/8/2021,222.68,,,,,
11/5/2021,224.46,,,,,
11/4/2021,213.03,,,,,
11/3/2021,213.38,,,,,
11/2/2021,212.77,,,,,
11/1/2021,214.58,,,,,
10/29/2021,207.03,,,,,
10/28/2021,207.85,,,,,
10/27/2021,206.61,,,,,
10/26/2021,209.81,,,,,
10/25/2021,212.87,,,,,
10/22/2021,212.97,,,,,
10/21/2021,214.34,,,,,
10/20/2021,216.17,,,,,
10/19/2021,215.97,,,,,
10/18/2021,216.98,,,,,
10/15/2021,217.04,,,,,
10/14/2021,217.44,,,,,
10/13/2021,221.78,,,,,
10/12/2021,223.57,,,,,
10/11/2021,226.45,,,,,
10/8/2021,226.39,,,,,
10/7/2021,226.48,,,,,
10/6/2021,224.99,,,,,
10/5/2021,224.42,,,,,
10/4/2021,223.79,,,,,
10/1/2021,226,,,,,
9/30/2021,219.94,,,,,
9/29/2021,225.36,,,,,
9/28/2021,218.41,,,,,
9/27/2021,224.16,,,,,
9/24/2021,221.39,,,,,
9/23/2021,221.1,,,,,
9/22/2021,216.98,,,,,
9/21/2021,208.51,,,,,
9/20/2021,209.5,,,,,
9/17/2021,213.36,,,,,
9/16/2021,213.36,,,,,
9/15/2021,214.22,,,,,
9/14/2021,211.57,,,,,
9/13/2021,214.48,,,,,
9/10/2021,210.3,,,,,
9/9/2021,213.94,,,,,
9/8/2021,211.38,,,,,
9/7/2021,214.24,,,,,
9/3/2021,218.17,,,,,
9/2/2021,220.83,,,,,
9/1/2021,218.12,,,,,
8/31/2021,219.5,,,,,
8/30/2021,217.66,,,,,
8/27/2021,221.75,,,,,
8/26/2021,216.5,,,,,
8/25/2021,221.03,,,,,
8/24/2021,221.43,,,,,
8/23/2021,219.4,,,,,
8/20/2021,212.67,,,,,
8/19/2021,212.16,,,,,
8/18/2021,219,,,,,
8/17/2021,222.22,,,,,
8/16/2021,229.06,,,,,
8/13/2021,234.46,,,,,
8/12/2021,238.18,,,,,
8/11/2021,239.49,,,,,
8/10/2021,235.78,,,,,
8/9/2021,232.27,,,,,
8/6/2021,231.33,,,,,
8/5/2021,229.94,,,,,
8/4/2021,226.63,,,,,
8/3/2021,229.09,,,,,
8/2/2021,225.34,,,,,
7/30/2021,226.48,,,,,
7/29/2021,231.63,,,,,
7/28/2021,231.57,,,,,
7/27/2021,222.27,,,,,
7/26/2021,225.85,,,,,
7/23/2021,221.52,,,,,
7/22/2021,220.87,,,,,
7/21/2021,222.54,,,,,
7/20/2021,217.15,,,,,
7/19/2021,206.99,,,,,
7/16/2021,217.74,,,,,
7/15/2021,222.76,,,,,
7/14/2021,224.45,,,,,
7/13/2021,228.2,,,,,
7/12/2021,238.29,,,,,
7/9/2021,239.59,,,,,
7/8/2021,236.77,,,,,
7/7/2021,231.78,,,,,
7/6/2021,236.14,,,,,
7/2/2021,236.68,,,,,
7/1/2021,239.73,,,,,
6/30/2021,239.56,,,,,
6/29/2021,235.76,,,,,
6/28/2021,239.96,,,,,
6/25/2021,248.38,,,,,
6/24/2021,250.57,,,,,
6/23/2021,243.57,,,,,
6/22/2021,243.78,,,,,
6/21/2021,245.28,,,,,
6/18/2021,237.35,,,,,
6/17/2021,239.22,,,,,
6/16/2021,242.27,,,,,
6/15/2021,246.54,,,,,
6/14/2021,245.14,,,,,
6/11/2021,247.28,,,,,
6/10/2021,248.34,,,,,
6/9/2021,248.06,,,,,
6/8/2021,252.76,,,,,
6/7/2021,252.66,,,,,
6/4/2021,249.92,,,,,
6/3/2021,250.32,,,,,
6/2/2021,255.62,,,,,
6/1/2021,254.73,,,,,
5/28/2021,247.02,,,,,
5/27/2021,250.7,,,,,
5/26/2021,241.37,,,,,
5/25/2021,240.74,,,,,
5/24/2021,237.44,,,,,
5/21/2021,234.82,,,,,
5/20/2021,227.65,,,,,
5/19/2021,224.42,,,,,
5/18/2021,227.55,,,,,
5/17/2021,227.98,,,,,
5/14/2021,228.47,,,,,
5/13/2021,222.64,,,,,
5/12/2021,220.78,,,,,
5/11/2021,228.88,,,,,
5/10/2021,232.93,,,,,
5/7/2021,235.47,,,,,
5/6/2021,229.81,,,,,
5/5/2021,228.18,,,,,
5/4/2021,233.63,,,,,
5/3/2021,235.19,,,,,
4/30/2021,234.31,,,,,
4/29/2021,235.94,,,,,
4/28/2021,235.46,,,,,
4/27/2021,242.47,,,,,
4/26/2021,241.44,,,,,
4/23/2021,238.38,,,,,
4/22/2021,234.33,,,,,
4/21/2021,235.92,,,,,
4/20/2021,234.06,,,,,
4/19/2021,244.15,,,,,
4/16/2021,248.18,,,,,
4/15/2021,251.11,,,,,
4/14/2021,252.43,,,,,
4/13/2021,253.27,,,,,
4/12/2021,249.52,,,,,
4/9/2021,252.36,,,,,
4/8/2021,254.95,,,,,
4/7/2021,252.58,,,,,
4/6/2021,255.17,,,,,
4/5/2021,259.36,,,,,
4/1/2021,252.96,,,,,
3/31/2021,254.72,,,,,
3/30/2021,252.01,,,,,
3/29/2021,250.52,,,,,
3/26/2021,244.87,,,,,
3/25/2021,247.19,,,,,
3/24/2021,239.24,,,,,
3/23/2021,241.25,,,,,
3/22/2021,251.23,,,,,
3/19/2021,255.82,,,,,
3/18/2021,256.06,,,,,
3/17/2021,263.59,,,,,
3/16/2021,255.21,,,,,
3/15/2021,265.63,,,,,
3/12/2021,269.19,,,,,
3/11/2021,252,,,,,
3/10/2021,245.34,,,,,
3/9/2021,230.61,,,,,
3/8/2021,224.03,,,,,
3/5/2021,223.22,,,,,
3/4/2021,224.71,,,,,
3/3/2021,228.56,,,,,
3/2/2021,223.14,,,,,
3/1/2021,224.39,,,,,
2/26/2021,212.01,,,,,
2/25/2021,216.45,,,,,
2/24/2021,229.34,,,,,
2/23/2021,212.12,,,,,
2/22/2021,212.88,,,,,
2/19/2021,217.47,,,,,
2/18/2021,208.48,,,,,
2/17/2021,215.52,,,,,
2/16/2021,217.18,,,,,
2/12/2021,210.98,,,,,
2/11/2021,210.66,,,,,
2/10/2021,211.92,,,,,
2/9/2021,215.12,,,,,
2/8/2021,211.95,,,,,
2/5/2021,207.93,,,,,
2/4/2021,210.64,,,,,
2/3/2021,207.39,,,,,
2/2/2021,200.94,,,,,
2/1/2021,195.84,,,,,
1/29/2021,194.19,,,,,
1/28/2021,197.23,,,,,
1/27/2021,194.03,,,,,
1/26/2021,202.06,,,,,
1/25/2021,203.36,,,,,
1/22/2021,205.84,,,,,
1/21/2021,207.41,,,,,
1/20/2021,211.45,,,,,
1/19/2021,210.71,,,,,
1/15/2021,204.32,,,,,
1/14/2021,209.91,,,,,
1/13/2021,207.21,,,,,
1/12/2021,208.41,,,,,
1/11/2021,206.79,,,,,
1/8/2021,209.9,,,,,
1/7/2021,212.71,,,,,
1/6/2021,211.03,,,,,
1/5/2021,211.63,,,,,
1/4/2021,202.72,,,,,
12/31/2020,214.06,,,,,
12/30/2020,216.67,,,,,
12/29/2020,216.25,,,,,
12/28/2020,216.09,,,,,
12/24/2020,217.15,,,,,
12/23/2020,219.69,,,,,
12/22/2020,218.78,,,,,
12/21/2020,219.31,,,,,
12/18/2020,219.75,,,,,
12/17/2020,221.24,,,,,
12/16/2020,225.87,,,,,
12/15/2020,229.5,,,,,
12/14/2020,228.62,,,,,
12/11/2020,230.33,,,,,
12/10/2020,234.43,,,,,
12/9/2020,232.06,,,,,
12/8/2020,236.57,,,,,
12/7/2020,238.17,,,,,
12/4/2020,232.71,,,,,
12/3/2020,237.2,,,,,
12/2/2020,223.85,,,,,
12/1/2020,213.01,,,,,
11/30/2020,210.71,,,,,
11/27/2020,216.5,,,,,
11/25/2020,217.61,,,,,
11/24/2020,218.49,,,,,
11/23/2020,211.53,,,,,
11/20/2020,199.62,,,,,
11/19/2020,205.67,,,,,
11/18/2020,203.3,,,,,
11/17/2020,210.05,,,,,
11/16/2020,202.4,,,,,
11/13/2020,187.11,,,,,
11/12/2020,176.72,,,,,
11/11/2020,182.15,,,,,
11/10/2020,188.69,,,,,
11/9/2020,179.36,,,,,
11/6/2020,157.74,,,,,
11/5/2020,157.09,,,,,
11/4/2020,151.63,,,,,
11/3/2020,153.65,,,,,
11/2/2020,148.6,,,,,
10/30/2020,144.39,,,,,
10/29/2020,148.29,,,,,
10/28/2020,148.14,,,,,
10/27/2020,155.24,,,,,
10/26/2020,160.83,,,,,
10/23/2020,167.36,,,,,
10/22/2020,169.07,,,,,
10/21/2020,163.86,,,,,
10/20/2020,167.24,,,,,
10/19/2020,167.11,,,,,
10/16/2020,167.35,,,,,
10/15/2020,164.24,,,,,
10/14/2020,163.24,,,,,
10/13/2020,162.14,,,,,
10/12/2020,167.35,,,,,
10/9/2020,167.33,,,,,
10/8/2020,168,,,,,
10/7/2020,164.61,,,,,
10/6/2020,159.54,,,,,
10/5/2020,171.2,,,,,
10/2/2020,168.08,,,,,
10/1/2020,167.86,,,,,
9/30/2020,165.26,,,,,
9/29/2020,163.6,,,,,
9/28/2020,166.08,,,,,
9/25/2020,156.03,,,,,
9/24/2020,146.05,,,,,
9/23/2020,151.18,,,,,
9/22/2020,156.8,,,,,
9/21/2020,156.35,,,,,
9/18/2020,161.14,,,,,
9/17/2020,167.53,,,,,
9/16/2020,167.46,,,,,
9/15/2020,163.49,,,,,
9/14/2020,165.35,,,,,
9/11/2020,160.23,,,,,
9/10/2020,157.69,,,,,
9/9/2020,160.78,,,,,
9/8/2020,161.08,,,,,
9/4/2020,171.05,,,,,
9/3/2020,168.77,,,,,
9/2/2020,174.78,,,,,
9/1/2020,172.1,,,,,
8/31/2020,171.82,,,,,
8/28/2020,175.8,,,,,
8/27/2020,174.2,,,,,
8/26/2020,171.9,,,,,
8/25/2020,174.73,,,,,
8/24/2020,178.27,,,,,
8/21/2020,167.5,,,,,
8/20/2020,169.58,,,,,
8/19/2020,169.27,,,,,
8/18/2020,170.23,,,,,
8/17/2020,172.01,,,,,
8/14/2020,178.08,,,,,
8/13/2020,174.73,,,,,
8/12/2020,175.44,,,,,
8/11/2020,180.13,,,,,
8/10/2020,179.41,,,,,
8/7/2020,170.02,,,,,
8/6/2020,172.2,,,,,
8/5/2020,174.28,,,,,
8/4/2020,165.07,,,,,
8/3/2020,162.27,,,,,
7/31/2020,158,,,,,
7/30/2020,161.95,,,,,
7/29/2020,166.01,,,,,
7/28/2020,170.84,,,,,
7/27/2020,170.21,,,,,
7/24/2020,173.76,,,,,
7/23/2020,176.45,,,,,
7/22/2020,179.79,,,,,
7/21/2020,178.63,,,,,
7/20/2020,174.42,,,,,
7/17/2020,175.66,,,,,
7/16/2020,178.7,,,,,
7/15/2020,187.94,,,,,
7/14/2020,179.96,,,,,
7/13/2020,175.65,,,,,
7/10/2020,178.44,,,,,
7/9/2020,173.28,,,,,
7/8/2020,180.08,,,,,
7/7/2020,178.88,,,,,
7/6/2020,187.91,,,,,
7/2/2020,180.81,,,,,
7/1/2020,180.32,,,,,
6/30/2020,183.3,,,,,
6/29/2020,194.49,,,,,
6/26/2020,170.01,,,,,
6/25/2020,174.88,,,,,
6/24/2020,176.69,,,,,
6/23/2020,187.88,,,,,
6/22/2020,188.52,,,,,
6/19/2020,187.02,,,,,
6/18/2020,192.29,,,,,
6/17/2020,192.54,,,,,
6/16/2020,197.77,,,,,
6/15/2020,190.94,,,,,
6/12/2020,189.51,,,,,
6/11/2020,170,,,,,
6/10/2020,203.41,,,,,
6/9/2020,216.74,,,,,
6/8/2020,230.5,,,,,
6/5/2020,205.43,,,,,
6/4/2020,184.3,,,,,
6/3/2020,173.16,,,,,
6/2/2020,153.31,,,,,
6/1/2020,151.39,,,,,
5/29/2020,145.85,,,,,
5/28/2020,149.82,,,,,
5/27/2020,149.52,,,,,
5/26/2020,144.73,,,,,
5/22/2020,137.53,,,,,
5/21/2020,139,,,,,
5/20/2020,133.32,,,,,
5/19/2020,130.44,,,,,
5/18/2020,135.44,,,,,
5/15/2020,120,,,,,
5/14/2020,122.52,,,,,
5/13/2020,121.5,,,,,
5/12/2020,125.22,,,,,
5/11/2020,128.91,,,,,
5/8/2020,133.44,,,,,
5/7/2020,128.65,,,,,
5/6/2020,121.86,,,,,
5/5/2020,125.4,,,,,
5/4/2020,131.46,,,,,
5/1/2020,133.37,,,,,
4/30/2020,141.02,,,,,
4/29/2020,139,,,,,
4/28/2020,131.3,,,,,
4/27/2020,128.68,,,,,
4/24/2020,128.98,,,,,
4/23/2020,137.74,,,,,
4/22/2020,134.97,,,,,
4/21/2020,136.33,,,,,
4/20/2020,143.61,,,,,
4/17/2020,154,,,,,
4/16/2020,134.24,,,,,
4/15/2020,145.98,,,,,
4/14/2020,141,,,,,
4/13/2020,147.33,,,,,
4/9/2020,151.84,,,,,
4/8/2020,146.87,,,,,
4/7/2020,141.58,,,,,
4/6/2020,148.77,,,,,
4/3/2020,124.52,,,,,
4/2/2020,123.27,,,,,
4/1/2020,130.7,,,,,
3/31/2020,149.14,,,,,
3/30/2020,152.28,,,,,
3/27/2020,162,,,,,
3/26/2020,180.55,,,,,
3/25/2020,158.73,,,,,
3/24/2020,127.68,,,,,
3/23/2020,105.62,,,,,
3/20/2020,95.01,,,,,
3/19/2020,97.71,,,,,
3/18/2020,101.89,,,,,
3/17/2020,124.14,,,,,
3/16/2020,129.61,,,,,
3/13/2020,170.2,,,,,
3/12/2020,154.84,,,,,
3/11/2020,189.08,,,,,
3/10/2020,231.01,,,,,
3/9/2020,227.17,,,,,
3/6/2020,262.33,,,,,
3/5/2020,260.37,,,,,
3/4/2020,283.12,,,,,
3/3/2020,280.62,,,,,
3/2/2020,289.27,,,,,
2/28/2020,275.11,,,,,
2/27/2020,287.76,,,,,
2/26/2020,305.59,,,,,
2/25/2020,304.14,,,,,
2/24/2020,317.9,,,,,
2/21/2020,330.38,,,,,
2/20/2020,336.28,,,,,
2/19/2020,338.3,,,,,
2/18/2020,338.88,,,,,
2/14/2020,340.49,,,,,
2/13/2020,342.82,,,,,
2/12/2020,347.45,,,,,
2/11/2020,344.42,,,,,
2/10/2020,344.67,,,,,
2/7/2020,336.75,,,,,
2/6/2020,341.43,,,,,
2/5/2020,329.55,,,,,
2/4/2020,317.94,,,,,
2/3/2020,316,,,,,
1/31/2020,318.27,,,,,
1/30/2020,323.3,,,,,
1/29/2020,322.02,,,,,
1/28/2020,316.56,,,,,
1/27/2020,316.6,,,,,
1/24/2020,323.05,,,,,
1/23/2020,317.79,,,,,
1/22/2020,309,,,,,
1/21/2020,313.37,,,,,
1/17/2020,324.15,,,,,
1/16/2020,332,,,,,
1/15/2020,329.8,,,,,
1/14/2020,332.35,,,,,
1/13/2020,330.22,,,,,
1/10/2020,329.92,,,,,
1/9/2020,336.34,,,,,
1/8/2020,331.37,,,,,
1/7/2020,337.28,,,,,
1/6/2020,333.74,,,,,
1/3/2020,332.76,,,,,
1/2/2020,333.32,,,,,
12/31/2019,325.76,,,,,
12/30/2019,326.4,,,,,
12/27/2019,330.14,,,,,
12/26/2019,329.92,,,,,
12/24/2019,333,,,,,
12/23/2019,337.55,,,,,
12/20/2019,328,,,,,
12/19/2019,333.5,,,,,
12/18/2019,330.68,,,,,
12/17/2019,327,,,,,
12/16/2019,327,,,,,
12/13/2019,341.67,,,,,
12/12/2019,346.29,,,,,
12/11/2019,350,,,,,
12/10/2019,347.9,,,,,
12/9/2019,351.21,,,,,
12/6/2019,354.09,,,,,
12/5/2019,345.68,,,,,
12/4/2019,348.84,,,,,
12/3/2019,352.08,,,,,
12/2/2019,355.18,,,,,
11/29/2019,366.18,,,,,
11/27/2019,368,,,,,
11/26/2019,373.51,,,,,
11/25/2019,373.13,,,,,
11/22/2019,371.34,,,,,
11/21/2019,366.44,,,,,
11/20/2019,370.91,,,,,
11/19/2019,367,,,,,
11/18/2019,369.46,,,,,
11/15/2019,371.68,,,,,
11/14/2019,367.44,,,,,
11/13/2019,362.5,,,,,
11/12/2019,362.88,,,,,
11/11/2019,366.96,,,,,
11/8/2019,351,,,,,
11/7/2019,357.31,,,,,
11/6/2019,354.19,,,,,
11/5/2019,358.29,,,,,
11/4/2019,351.09,,,,,
11/1/2019,345.19,,,,,
10/31/2019,339.91,,,,,
10/30/2019,346.06,,,,,
10/29/2019,348.93,,,,,
10/28/2019,340.88,,,,,
10/25/2019,339.83,,,,,
10/24/2019,344.55,,,,,
10/23/2019,340.5,,,,,
10/22/2019,337,,,,,
10/21/2019,331.06,,,,,
10/18/2019,344,,,,,
10/17/2019,369.06,,,,,
10/16/2019,372.43,,,,,
10/15/2019,370.96,,,,,
10/14/2019,373.18,,,,,
10/11/2019,374.92,,,,,
10/10/2019,371,,,,,
10/9/2019,374.96,,,,,
10/8/2019,374.1,,,,,
10/7/2019,376.54,,,,,
10/4/2019,375.7,,,,,
10/3/2019,372.07,,,,,
10/2/2019,367.36,,,,,
10/1/2019,374.94,,,,,
9/30/2019,380.47,,,,,
9/27/2019,382.86,,,,,
9/26/2019,386.89,,,,,
9/25/2019,386.2,,,,,
9/24/2019,381.65,,,,,
9/23/2019,377.03,,,,,
9/20/2019,379.39,,,,,
9/19/2019,384.44,,,,,
9/18/2019,386.41,,,,,
9/17/2019,384.2,,,,,
9/16/2019,378.85,,,,,
9/13/2019,379.76,,,,,
9/12/2019,375.63,,,,,
9/11/2019,382.94,,,,,
9/10/2019,369.49,,,,,
9/9/2019,358.78,,,,,
9/6/2019,363,,,,,
9/5/2019,360.3,,,,,
9/4/2019,356.53,,,,,
9/3/2019,354.42,,,,,
8/30/2019,364.09,,,,,
8/29/2019,362.74,,,,,
8/28/2019,359.97,,,,,
8/27/2019,354.73,,,,,
8/26/2019,359.04,,,,,
8/23/2019,356.01,,,,,
8/22/2019,354.41,,,,,
8/21/2019,339.99,,,,,
8/20/2019,331.75,,,,,
8/19/2019,333.78,,,,,
8/16/2019,330.45,,,,,
8/15/2019,328,,,,,
8/14/2019,320.42,,,,,
8/13/2019,332.86,,,,,
8/12/2019,332.94,,,,,
8/9/2019,337.55,,,,,
8/8/2019,336.35,,,,,
8/7/2019,331.38,,,,,
8/6/2019,332.45,,,,,
8/5/2019,331.06,,,,,
8/2/2019,339.56,,,,,
8/1/2019,334.29,,,,,
7/31/2019,341.18,,,,,
7/30/2019,347.46,,,,,
7/29/2019,340.21,,,,,
7/26/2019,345,,,,,
7/25/2019,348.09,,,,,
7/24/2019,361.43,,,,,
7/23/2019,373.07,,,,,
7/22/2019,373.42,,,,,
7/19/2019,377.36,,,,,
7/18/2019,361.11,,,,,
7/17/2019,369.52,,,,,
7/16/2019,362.75,,,,,
7/15/2019,361.61,,,,,
7/12/2019,365.33,,,,,
7/11/2019,359,,,,,
7/10/2019,352.3,,,,,
7/9/2019,353.09,,,,,
7/8/2019,351.12,,,,,
7/5/2019,355.86,,,,,
7/3/2019,354.47,,,,,
7/2/2019,354.16,,,,,
7/1/2019,356.46,,,,,
6/28/2019,364.01,,,,,
6/27/2019,364.02,,,,,
6/26/2019,374.94,,,,,
6/25/2019,369.32,,,,,
6/24/2019,373.99,,,,,
6/21/2019,371.84,,,,,
6/20/2019,374.88,,,,,
6/19/2019,368.56,,,,,
6/18/2019,373.96,,,,,
6/17/2019,354.9,,,,,
6/14/2019,347.16,,,,,
6/13/2019,348.86,,,,,
6/12/2019,347.03,,,,,
6/11/2019,349.33,,,,,
6/10/2019,353.8,,,,,
6/7/2019,353.7,,,,,
6/6/2019,350.64,,,,,
6/5/2019,348.75,,,,,
6/4/2019,344.62,,,,,
6/3/2019,338.89,,,,,
5/31/2019,341.61,,,,,
5/30/2019,349.87,,,,,
5/29/2019,348.8,,,,,
5/28/2019,354.88,,,,,
5/24/2019,354.9,,,,,
5/23/2019,350.55,,,,,
5/22/2019,352.78,,,,,
5/21/2019,358.75,,,,,
5/20/2019,352.79,,,,,
5/17/2019,355.02,,,,,
5/16/2019,353.81,,,,,
5/15/2019,345.64,,,,,
5/14/2019,343.04,,,,,
5/13/2019,337.37,,,,,
5/10/2019,354.67,,,,,
5/9/2019,354.13,,,,,
5/8/2019,359.75,,,,,
5/7/2019,357.23,,,,,
5/6/2019,371.6,,,,,
5/3/2019,376.46,,,,,
5/2/2019,375.8,,,,,
5/1/2019,376.8,,,,,
4/30/2019,377.69,,,,,
4/29/2019,379.05,,,,,
4/26/2019,380.79,,,,,
4/25/2019,382.8,,,,,
4/24/2019,375.46,,,,,
4/23/2019,374.02,,,,,
4/22/2019,375.17,,,,,
4/18/2019,380.07,,,,,
4/17/2019,377.52,,,,,
4/16/2019,381.72,,,,,
4/15/2019,375.46,,,,,
4/12/2019,379.64,,,,,
4/11/2019,370.16,,,,,
4/10/2019,364.94,,,,,
4/9/2019,369.04,,,,,
4/8/2019,374.52,,,,,
4/5/2019,391.93,,,,,
4/4/2019,395.86,,,,,
4/3/2019,384.74,,,,,
4/2/2019,390.75,,,,,
4/1/2019,391.54,,,,,
3/29/2019,381.42,,,,,
3/28/2019,374.44,,,,,
3/27/2019,374.21,,,,,
3/26/2019,370.38,,,,,
3/25/2019,370.46,,,,,
3/22/2019,362.17,,,,,
3/21/2019,372.7,,,,,
3/20/2019,376.16,,,,,
3/19/2019,373.43,,,,,
3/18/2019,372.28,,,,,
3/15/2019,378.99,,,,,
3/14/2019,373.3,,,,,
3/13/2019,377.14,,,,,
3/12/2019,375.41,,,,,
3/11/2019,400.01,,,,,
3/8/2019,422.54,,,,,
3/7/2019,422.56,,,,,
3/6/2019,424.46,,,,,
3/5/2019,430.12,,,,,
3/4/2019,432.69,,,,,
3/1/2019,440.62,,,,,
2/28/2019,439.96,,,,,
2/27/2019,435.44,,,,,
2/26/2019,426.77,,,,,
2/25/2019,426.87,,,,,
2/22/2019,424.05,,,,,
2/21/2019,417.58,,,,,
2/20/2019,421.55,,,,,
2/19/2019,416.26,,,,,
2/15/2019,417.97,,,,,
2/14/2019,409.82,,,,,
2/13/2019,410.58,,,,,
2/12/2019,410.72,,,,,
2/11/2019,403.95,,,,,
2/8/2019,404.91,,,,,
2/7/2019,405.17,,,,,
2/6/2019,411.11,,,,,
2/5/2019,410.18,,,,,
2/4/2019,397,,,,,
2/1/2019,387.43,,,,,
1/31/2019,385.62,,,,,
1/30/2019,387.72,,,,,
1/29/2019,364.91,,,,,
1/28/2019,362.97,,,,,
1/25/2019,364.2,,,,,
1/24/2019,358.27,,,,,
1/23/2019,358.61,,,,,
1/22/2019,357.9,,,,,
1/18/2019,364.73,,,,,
1/17/2019,359.09,,,,,
1/16/2019,352.06,,,,,
1/15/2019,352.24,,,,,
1/14/2019,350.36,,,,,
1/11/2019,352.9,,,,,
1/10/2019,352.61,,,,,
1/9/2019,343.83,,,,,
1/8/2019,340.53,,,,,
1/7/2019,328.11,,,,,
1/4/2019,327.08,,,,,
1/3/2019,310.9,,,,,
1/2/2019,323.81,,,,,
12/31/2018,322.5,,,,,
12/28/2018,316.38,,,,,
12/27/2018,317.14,,,,,
12/26/2018,313.93,,,,,
12/24/2018,294.16,,,,,
12/21/2018,304.55,,,,,
12/20/2018,313.05,,,,,
12/19/2018,319.55,,,,,
12/18/2018,328.06,,,,,
12/17/2018,316.13,,,,,
12/14/2018,318.75,,,,,
12/13/2018,325.47,,,,,
12/12/2018,326.69,,,,,
12/11/2018,322.03,,,,,
12/10/2018,326.35,,,,,
12/7/2018,323.22,,,,,
12/6/2018,331.9,,,,,
12/4/2018,342.5,,,,,
12/3/2018,359.96,,,,,
11/30/2018,346.76,,,,,
11/29/2018,342.56,,,,,
11/28/2018,333.5,,,,,
11/27/2018,318.03,,,,,
11/26/2018,316.36,,,,,
11/23/2018,312.32,,,,,
11/21/2018,317.32,,,,,
11/20/2018,317.7,,,,,
11/19/2018,320.94,,,,,
11/16/2018,335.95,,,,,
11/15/2018,341.57,,,,,
11/14/2018,344.72,,,,,
11/13/2018,349.51,,,,,
11/12/2018,357.03,,,,,
11/9/2018,369.34,,,,,
11/8/2018,370.77,,,,,
11/7/2018,372.02,,,,,
11/6/2018,366.47,,,,,
11/5/2018,361.98,,,,,
11/2/2018,357.75,,,,,
11/1/2018,363.07,,,,,
10/31/2018,354.86,,,,,
10/30/2018,349.91,,,,,
10/29/2018,335.59,,,,,
10/26/2018,359.27,,,,,
10/25/2018,363.77,,,,,
10/24/2018,354.65,,,,,
10/23/2018,350.05,,,,,
10/22/2018,355.98,,,,,
10/19/2018,356.26,,,,,
10/18/2018,359.35,,,,,
10/17/2018,365.5,,,,,
10/16/2018,368.25,,,,,
10/15/2018,358.88,,,,,
10/12/2018,360.11,,,,,
10/11/2018,358.11,,,,,
10/10/2018,367.47,,,,,
10/9/2018,385.44,,,,,
10/8/2018,385.77,,,,,
10/5/2018,386.47,,,,,
10/4/2018,389.99,,,,,
10/3/2018,392.3,,,,,
10/2/2018,386.37,,,,,
10/1/2018,382.29,,,,,
9/28/2018,371.9,,,,,
9/27/2018,367.39,,,,,
9/26/2018,365.03,,,,,
9/25/2018,367.23,,,,,
9/24/2018,367.99,,,,,
9/21/2018,372.23,,,,,
9/20/2018,367.46,,,,,
9/19/2018,365.22,,,,,
9/18/2018,363.58,,,,,
9/17/2018,355.96,,,,,
9/14/2018,359.8,,,,,
9/13/2018,355.46,,,,,
9/12/2018,353.41,,,,,
9/11/2018,345.25,,,,,
9/10/2018,341.86,,,,,
9/7/2018,349.28,,,,,
9/6/2018,351.27,,,,,
9/5/2018,346.68,,,,,
9/4/2018,346.25,,,,,
8/31/2018,342.79,,,,,
8/30/2018,346.9,,,,,
8/29/2018,350.19,,,,,
8/28/2018,351.21,,,,,
8/27/2018,353.74,,,,,
8/24/2018,349.38,,,,,
8/23/2018,347.48,,,,,
8/22/2018,350.03,,,,,
8/21/2018,353.77,,,,,
8/20/2018,350.74,,,,,
8/17/2018,346.4,,,,,
8/16/2018,345.98,,,,,
8/15/2018,331.76,,,,,
8/14/2018,339.14,,,,,
8/13/2018,338.36,,,,,
8/10/2018,339.41,,,,,
8/9/2018,343.72,,,,,
8/8/2018,347.78,,,,,
8/7/2018,350.76,,,,,
8/6/2018,346.57,,,,,
8/3/2018,348.44,,,,,
8/2/2018,349.73,,,,,
8/1/2018,352.76,,,,,
7/31/2018,356.3,,,,,
7/30/2018,351.06,,,,,
7/27/2018,360.65,,,,,
7/26/2018,359.32,,,,,
7/25/2018,355.92,,,,,
7/24/2018,358.27,,,,,
7/23/2018,353.27,,,,,
7/20/2018,354.9,,,,,
7/19/2018,355.33,,,,,
7/18/2018,360.23,,,,,
7/17/2018,356.88,,,,,
7/16/2018,356.1,,,,,
7/13/2018,350.79,,,,,
7/12/2018,346.03,,,,,
7/11/2018,340.6,,,,,
7/10/2018,347.16,,,,,
7/9/2018,341.92,,,,,
7/6/2018,334.64,,,,,
7/5/2018,333.18,,,,,
7/3/2018,332.93,,,,,
7/2/2018,336.08,,,,,
6/29/2018,335.51,,,,,
6/28/2018,334.65,,,,,
6/27/2018,329.82,,,,,
6/26/2018,331.3,,,,,
6/25/2018,331.2,,,,,
6/22/2018,338.91,,,,,
6/21/2018,337.66,,,,,
6/20/2018,342.69,,,,,
6/19/2018,341.12,,,,,
6/18/2018,354.74,,,,,
6/15/2018,357.88,,,,,
6/14/2018,362.42,,,,,
6/13/2018,363.85,,,,,
6/12/2018,370.62,,,,,
6/11/2018,370.94,,,,,
6/8/2018,369.5,,,,,
6/7/2018,368.53,,,,,
6/6/2018,371.56,,,,,
6/5/2018,360.1,,,,,
6/4/2018,360.73,,,,,
6/1/2018,356.72,,,,,
5/31/2018,352.16,,,,,
5/30/2018,358.19,,,,,
5/29/2018,352.48,,,,,
5/25/2018,360.09,,,,,
5/24/2018,359,,,,,
5/23/2018,359.21,,,,,
5/22/2018,355.02,,,,,
5/21/2018,363.92,,,,,
5/18/2018,351.23,,,,,
5/17/2018,344.14,,,,,
5/16/2018,340.97,,,,,
5/15/2018,342.12,,,,,
5/14/2018,344.59,,,,,
5/11/2018,342.46,,,,,
5/10/2018,344.07,,,,,
5/9/2018,344.5,,,,,
5/8/2018,338.37,,,,,
5/7/2018,340.43,,,,,
5/4/2018,334.43,,,,,
5/3/2018,330.69,,,,,
5/2/2018,324.19,,,,,
5/1/2018,329.54,,,,,
4/30/2018,333.56,,,,,
4/27/2018,340.88,,,,,
4/26/2018,342.79,,,,,
4/25/2018,342.86,,,,,
4/24/2018,329.06,,,,,
4/23/2018,338.84,,,,,
4/20/2018,338.67,,,,,
4/19/2018,340.64,,,,,
4/18/2018,341,,,,,
4/17/2018,336.72,,,,,
4/16/2018,331.77,,,,,
4/13/2018,329.28,,,,,
4/12/2018,337.48,,,,,
4/11/2018,327.36,,,,,
4/10/2018,334.83,,,,,
4/9/2018,322.48,,,,,
4/6/2018,326.12,,,,,
4/5/2018,336.4,,,,,
4/4/2018,327.44,,,,,
4/3/2018,330.82,,,,,
4/2/2018,322.44,,,,,
3/29/2018,327.88,,,,,
3/28/2018,320.02,,,,,
3/27/2018,321.12,,,,,
3/26/2018,328.97,,,,,
3/23/2018,321,,,,,
3/22/2018,319.61,,,,,
3/21/2018,337.1,,,,,
3/20/2018,337.63,,,,,
3/19/2018,331.76,,,,,
3/16/2018,330.47,,,,,
3/15/2018,329.98,,,,,
3/14/2018,330.26,,,,,
3/13/2018,338.67,,,,,
3/12/2018,344.19,,,,,
3/9/2018,354.52,,,,,
3/8/2018,348.73,,,,,
3/7/2018,347.04,,,,,
3/6/2018,348.92,,,,,
3/5/2018,352.75,,,,,
3/2/2018,344.67,,,,,
3/1/2018,349.69,,,,,
2/28/2018,362.21,,,,,
2/27/2018,364.64,,,,,
2/26/2018,363.48,,,,,
2/23/2018,356.66,,,,,
2/22/2018,355.92,,,,,
2/21/2018,352.37,,,,,
2/20/2018,353.35,,,,,
2/16/2018,355.04,,,,,
2/15/2018,356.46,,,,,
2/14/2018,344.85,,,,,
2/13/2018,343.16,,,,,
2/12/2018,343.8,,,,,
2/9/2018,332.83,,,,,
2/8/2018,329.66,,,,,
2/7/2018,348.12,,,,,
2/6/2018,340.91,,,,,
2/5/2018,328.88,,,,,
2/2/2018,348.91,,,,,
2/1/2018,356.94,,,,,
1/31/2018,354.37,,,,,
1/30/2018,337.71,,,,,
1/29/2018,340.82,,,,,
1/26/2018,343.22,,,,,
1/25/2018,343.11,,,,,
1/24/2018,334.69,,,,,
1/23/2018,335.59,,,,,
1/22/2018,338,,,,,
1/19/2018,337.73,,,,,
1/18/2018,340.16,,,,,
1/17/2018,351.01,,,,,
1/16/2018,335.16,,,,,
1/12/2018,336.21,,,,,
1/11/2018,328.12,,,,,
1/10/2018,320.26,,,,,
1/9/2018,318.43,,,,,
1/8/2018,310.15,,,,,
1/5/2018,308.84,,,,,
1/4/2018,296.67,,,,,
1/3/2018,297.8,,,,,
1/2/2018,296.84,,,,,
12/29/2017,294.91,,,,,
12/28/2017,296.35,,,,,
12/27/2017,295.62,,,,,
12/26/2017,295.36,,,,,
12/22/2017,295.1,,,,,
12/21/2017,295.03,,,,,
12/20/2017,297.9,,,,,
12/19/2017,297.25,,,,,
12/18/2017,296.14,,,,,
12/15/2017,293.94,,,,,
12/14/2017,293.88,,,,,
12/13/2017,291.84,,,,,
12/12/2017,289.94,,,,,
12/11/2017,283.16,,,,,
12/8/2017,285.9,,,,,
12/7/2017,281.97,,,,,
12/6/2017,278.27,,,,,
12/5/2017,275.54,,,,,
12/4/2017,277.97,,,,,
12/1/2017,271.38,,,,,
11/30/2017,276.8,,,,,
11/29/2017,269.3,,,,,
11/28/2017,267.99,,,,,
11/27/2017,265.58,,,,,
11/24/2017,265.88,,,,,
11/22/2017,265.15,,,,,
11/21/2017,266.99,,,,,
11/20/2017,264.63,,,,,
11/17/2017,262.26,,,,,
11/16/2017,263.7,,,,,
11/15/2017,262.86,,,,,
11/14/2017,261.76,,,,,
11/13/2017,262.42,,,,,
11/10/2017,260.85,,,,,
11/9/2017,262.7,,,,,
11/8/2017,265.57,,,,,
11/7/2017,266.13,,,,,
11/6/2017,264.07,,,,,
11/3/2017,261.75,,,,,
11/2/2017,262.63,,,,,
11/1/2017,258.5,,,,,
10/31/2017,257.98,,,,,
10/30/2017,259.25,,,,,
10/27/2017,256.46,,,,,
10/26/2017,259.27,,,,,
10/25/2017,258.42,,,,,
10/24/2017,266,,,,,
10/23/2017,262.32,,,,,
10/20/2017,264.75,,,,,
10/19/2017,259.04,,,,,
10/18/2017,260.04,,,,,
10/17/2017,258.62,,,,,
10/16/2017,259.75,,,,,
10/13/2017,260.74,,,,,
10/12/2017,261.91,,,,,
10/11/2017,261.44,,,,,
10/10/2017,260.93,,,,,
10/9/2017,258.39,,,,,
10/6/2017,258.58,,,,,
10/5/2017,258.89,,,,,
10/4/2017,255.76,,,,,
10/3/2017,255.46,,,,,
10/2/2017,255.99,,,,,
9/29/2017,254.21,,,,,
9/28/2017,254.27,,,,,
9/27/2017,255.28,,,,,
9/26/2017,253.7,,,,,
9/25/2017,254.32,,,,,
9/22/2017,256.45,,,,,
9/21/2017,256.04,,,,,
9/20/2017,255.46,,,,,
9/19/2017,252.46,,,,,
9/18/2017,253.08,,,,,
9/15/2017,249,,,,,
9/14/2017,245.23,,,,,
9/13/2017,241.93,,,,,
9/12/2017,240.58,,,,,
9/11/2017,240.59,,,,,
9/8/2017,238.78,,,,,
9/7/2017,236.31,,,,,
9/6/2017,234.62,,,,,
9/5/2017,237,,,,,
9/1/2017,240.33,,,,,
8/31/2017,239.66,,,,,
8/30/2017,240.46,,,,,
8/29/2017,240.49,,,,,
8/28/2017,237.18,,,,,
8/25/2017,235.89,,,,,
8/24/2017,238.74,,,,,
8/23/2017,238.09,,,,,
8/22/2017,239.75,,,,,
8/21/2017,235.68,,,,,
8/18/2017,235.77,,,,,
8/17/2017,235.59,,,,,
8/16/2017,237.59,,,,,
8/15/2017,239.17,,,,,
8/14/2017,237.15,,,,,
8/11/2017,234.88,,,,,
8/10/2017,232.88,,,,,
8/9/2017,234.31,,,,,
8/8/2017,239.5,,,,,
8/7/2017,240.23,,,,,
8/4/2017,237.71,,,,,
8/3/2017,238.25,,,,,
8/2/2017,237.95,,,,,
8/1/2017,239.44,,,,,
7/31/2017,242.46,,,,,
7/28/2017,241.27,,,,,
7/27/2017,241,,,,,
7/26/2017,233.45,,,,,
7/25/2017,212.46,,,,,
7/24/2017,212.18,,,,,
7/21/2017,212.14,,,,,
7/20/2017,210.28,,,,,
7/19/2017,210.88,,,,,
7/18/2017,208.24,,,,,
7/17/2017,209,,,,,
7/14/2017,208.51,,,,,
7/13/2017,206.23,,,,,
7/12/2017,206.44,,,,,
7/11/2017,206.27,,,,,
7/10/2017,203.96,,,,,
7/7/2017,202.37,,,,,
7/6/2017,201.48,,,,,
7/5/2017,201.81,,,,,
7/3/2017,198.59,,,,,
6/30/2017,197.75,,,,,
6/29/2017,197.46,,,,,
6/28/2017,199.62,,,,,
6/27/2017,198.89,,,,,
6/26/2017,199.98,,,,,
6/23/2017,202.23,,,,,
6/22/2017,199.44,,,,,
6/21/2017,199.17,,,,,
6/20/2017,198.33,,,,,
6/19/2017,199.08,,,,,
6/16/2017,196.44,,,,,
6/15/2017,195.45,,,,,
6/14/2017,192.38,,,,,
6/13/2017,191.09,,,,,
6/12/2017,190,,,,,
6/9/2017,190.03,,,,,
6/8/2017,189.93,,,,,
6/7/2017,188.1,,,,,
6/6/2017,186.75,,,,,
6/5/2017,188.95,,,,,
6/2/2017,190.23,,,,,
6/1/2017,187.32,,,,,
5/31/2017,187.63,,,,,
5/30/2017,186.88,,,,,
5/26/2017,186.59,,,,,
5/25/2017,187.07,,,,,
5/24/2017,185.25,,,,,
5/23/2017,183.49,,,,,
5/22/2017,183.67,,,,,
5/19/2017,180.76,,,,,
5/18/2017,177.4,,,,,
5/17/2017,178.78,,,,,
5/16/2017,182.7,,,,,
5/15/2017,182.39,,,,,
5/12/2017,183.25,,,,,
5/11/2017,183.94,,,,,
5/10/2017,183.18,,,,,
5/9/2017,186.91,,,,,
5/8/2017,186.02,,,,,
5/5/2017,185.01,,,,,
5/4/2017,183.07,,,,,
5/3/2017,183.39,,,,,
5/2/2017,183.44,,,,,
5/1/2017,182.39,,,,,
4/28/2017,184.83,,,,,
4/27/2017,183.22,,,,,
4/26/2017,181.71,,,,,
4/25/2017,183.51,,,,,
4/24/2017,182.06,,,,,
4/21/2017,180.38,,,,,
4/20/2017,179.3,,,,,
4/19/2017,178.4,,,,,
4/18/2017,177.85,,,,,
4/17/2017,179.02,,,,,
4/13/2017,175.62,,,,,
4/12/2017,176.05,,,,,
4/11/2017,178.57,,,,,
4/10/2017,177.56,,,,,
4/7/2017,178.85,,,,,
4/6/2017,177.37,,,,,
4/5/2017,177.08,,,,,
4/4/2017,178.7,,,,,
4/3/2017,176.65,,,,,
3/31/2017,176.86,,,,,
3/30/2017,177.98,,,,,
3/29/2017,177.63,,,,,
3/28/2017,177.36,,,,,
3/27/2017,176.1,,,,,
3/24/2017,175.82,,,,,
3/23/2017,177.26,,,,,
3/22/2017,176.98,,,,,
3/21/2017,175.96,,,,,
3/20/2017,179.39,,,,,
3/17/2017,180.1,,,,,
3/16/2017,178.19,,,,,
3/15/2017,178.71,,,,,
3/14/2017,178.73,,,,,
3/13/2017,179.05,,,,,
3/10/2017,178.7,,,,,
3/9/2017,180.57,,,,,
3/8/2017,181.74,,,,,
3/7/2017,182.02,,,,,
3/6/2017,180.93,,,,,
3/3/2017,182.18,,,,,
3/2/2017,182.99,,,,,
3/1/2017,183.91,,,,,
2/28/2017,180.23,,,,,
2/27/2017,179.43,,,,,
2/24/2017,177.44,,,,,
2/23/2017,176.86,,,,,
2/22/2017,175.36,,,,,
2/21/2017,175.56,,,,,
2/17/2017,172.71,,,,,
2/16/2017,170.81,,,,,
2/15/2017,169.3,,,,,
2/14/2017,168.5,,,,,
2/13/2017,168.03,,,,,
2/10/2017,166.23,,,,,
2/9/2017,164.28,,,,,
2/8/2017,163.81,,,,,
2/7/2017,166.5,,,,,
2/6/2017,163.98,,,,,
2/3/2017,162.4,,,,,
2/2/2017,162.26,,,,,
2/1/2017,163.97,,,,,
1/31/2017,163.42,,,,,
1/30/2017,165.57,,,,,
1/27/2017,167.7,,,,,
1/26/2017,169.12,,,,,
1/25/2017,167.36,,,,,
1/24/2017,160.55,,,,,
1/23/2017,157.84,,,,,
1/20/2017,159.53,,,,,
1/19/2017,159,,,,,
1/18/2017,158.32,,,,,
1/17/2017,157.67,,,,,
1/13/2017,158.83,,,,,
1/12/2017,158.29,,,,,
1/11/2017,159.4,,,,,
1/10/2017,159.07,,,,,
1/9/2017,158.32,,,,,
1/6/2017,159.1,,,,,
1/5/2017,158.71,,,,,
1/4/2017,158.62,,,,,
1/3/2017,156.97,,,,,
12/30/2016,155.68,,,,,
12/29/2016,155.69,,,,,
12/28/2016,156.1,,,,,
12/27/2016,157.48,,,,,
12/23/2016,157.81,,,,,
12/22/2016,157.46,,,,,
12/21/2016,157.48,,,,,
12/20/2016,156.39,,,,,
12/19/2016,156.18,,,,,
12/16/2016,154.5,,,,,
12/15/2016,153.77,,,,,
12/14/2016,154.47,,,,,
12/13/2016,156.66,,,,,
12/12/2016,157.16,,,,,
12/9/2016,156.49,,,,,
12/8/2016,155.39,,,,,
12/7/2016,154.14,,,,,
12/6/2016,152.24,,,,,
12/5/2016,152.16,,,,,
12/2/2016,152.25,,,,,
12/1/2016,152.39,,,,,
11/30/2016,150.56,,,,,
11/29/2016,151.64,,,,,
11/28/2016,149.77,,,,,
11/25/2016,150.04,,,,,
11/23/2016,149.74,,,,,
11/22/2016,149.52,,,,,
11/21/2016,147.02,,,,,
11/18/2016,146.35,,,,,
11/17/2016,145.33,,,,,
11/16/2016,146.44,,,,,
11/15/2016,148.11,,,,,
11/14/2016,149.99,,,,,
11/11/2016,148.52,,,,,
11/10/2016,147.69,,,,,
11/9/2016,145.09,,,,,
11/8/2016,142.2,,,,,
11/7/2016,143.03,,,,,
11/4/2016,139.54,,,,,
11/3/2016,140.02,,,,,
11/2/2016,140.75,,,,,
11/1/2016,142.41,,,,,
10/31/2016,142.43,,,,,
10/28/2016,143.01,,,,,
10/27/2016,143.31,,,,,
10/26/2016,145.54,,,,,
10/25/2016,139.02,,,,,
10/24/2016,137.45,,,,,
10/21/2016,135.63,,,,,
10/20/2016,135.84,,,,,
10/19/2016,136.18,,,,,
10/18/2016,135.1,,,,,
10/17/2016,134,,,,,
10/14/2016,133.5,,,,,
10/13/2016,133.38,,,,,
10/12/2016,133.16,,,,,
10/11/2016,133.74,,,,,
10/10/2016,135.84,,,,,
10/7/2016,133.85,,,,,
10/6/2016,134.42,,,,,
10/5/2016,134.66,,,,,
10/4/2016,132.25,,,,,
10/3/2016,132.38,,,,,
9/30/2016,131.74,,,,,
9/29/2016,131.03,,,,,
9/28/2016,132.23,,,,,
9/27/2016,131.32,,,,,
9/26/2016,130.57,,,,,
9/23/2016,131.78,,,,,
9/22/2016,131.87,,,,,
9/21/2016,130.56,,,,,
9/20/2016,127.79,,,,,
9/19/2016,127.48,,,,,
9/16/2016,126.7,,,,,
9/15/2016,127.77,,,,,
9/14/2016,127.67,,,,,
9/13/2016,128.76,,,,,
9/12/2016,130.12,,,,,
9/9/2016,128.53,,,,,
9/8/2016,132.9,,,,,
9/7/2016,132.64,,,,,
9/6/2016,132.99,,,,,
9/2/2016,131.16,,,,,
9/1/2016,129.9,,,,,
8/31/2016,129.45,,,,,
8/30/2016,130.81,,,,,
8/29/2016,132.9,,,,,
8/26/2016,132.23,,,,,
8/25/2016,132.98,,,,,
8/24/2016,133.29,,,,,
8/23/2016,134.14,,,,,
8/22/2016,134.99,,,,,
8/19/2016,134.44,,,,,
8/18/2016,135,,,,,
8/17/2016,134.72,,,,,
8/16/2016,135,,,,,
8/15/2016,134.66,,,,,
8/12/2016,133.1,,,,,
8/11/2016,133,,,,,
8/10/2016,132.28,,,,,
8/9/2016,132.62,,,,,
8/8/2016,132.19,,,,,
8/5/2016,131.73,,,,,
8/4/2016,131.21,,,,,
8/3/2016,131.87,,,,,
8/2/2016,131.6,,,,,
8/1/2016,133.21,,,,,
7/29/2016,133.66,,,,,
7/28/2016,133.01,,,,,
7/27/2016,135.96,,,,,
7/26/2016,134.85,,,,,
7/25/2016,132.94,,,,,
7/22/2016,133.47,,,,,
7/21/2016,133.53,,,,,
7/20/2016,134.72,,,,,
7/19/2016,134.66,,,,,
7/18/2016,133.43,,,,,
7/15/2016,132.39,,,,,
7/14/2016,131.55,,,,,
7/13/2016,130.11,,,,,
7/12/2016,130.81,,,,,
7/11/2016,132.04,,,,,
7/8/2016,130.09,,,,,
7/7/2016,127.17,,,,,
7/6/2016,126.96,,,,,
7/5/2016,126.97,,,,,
7/1/2016,129.69,,,,,
6/30/2016,129.87,,,,,
6/29/2016,126.99,,,,,
6/28/2016,123.89,,,,,
6/27/2016,122.7,,,,,
6/24/2016,126.52,,,,,
6/23/2016,133.55,,,,,
6/22/2016,131.77,,,,,
6/21/2016,131.52,,,,,
6/20/2016,132.75,,,,,
6/17/2016,129.82,,,,,
6/16/2016,129.37,,,,,
6/15/2016,130.16,,,,,
6/14/2016,130.5,,,,,
6/13/2016,129.92,,,,,
6/10/2016,131.14,,,,,
6/9/2016,133.1,,,,,
6/8/2016,133,,,,,
6/7/2016,131.93,,,,,
6/6/2016,131.9,,,,,
6/3/2016,127.38,,,,,
6/2/2016,126.85,,,,,
6/1/2016,126.41,,,,,
5/31/2016,126.15,,,,,
5/27/2016,129.22,,,,,
5/26/2016,129.31,,,,,
5/25/2016,128.86,,,,,
5/24/2016,127.5,,,,,
5/23/2016,127.58,,,,,
5/20/2016,127.39,,,,,
5/19/2016,128.08,,,,,
5/18/2016,130.99,,,,,
5/17/2016,132.56,,,,,
5/16/2016,134.14,,,,,
5/13/2016,132.12,,,,,
5/12/2016,134.42,,,,,
5/11/2016,133,,,,,
5/10/2016,134.72,,,,,
5/9/2016,132.1,,,,,
5/6/2016,133.26,,,,,
5/5/2016,132.08,,,,,
5/4/2016,130.89,,,,,
5/3/2016,132.49,,,,,
5/2/2016,134.01,,,,,
4/29/2016,134.8,,,,,
4/28/2016,134.8,,,,,
4/27/2016,137.08,,,,,
4/26/2016,133.24,,,,,
4/25/2016,130.75,,,,,
4/22/2016,131.05,,,,,
4/21/2016,130.74,,,,,
4/20/2016,130.57,,,,,
4/19/2016,132.68,,,,,
4/18/2016,131.97,,,,,
4/15/2016,131.13,,,,,
4/14/2016,130.85,,,,,
4/13/2016,131.14,,,,,
4/12/2016,129.47,,,,,
4/11/2016,127.91,,,,,
4/8/2016,127.88,,,,,
4/7/2016,127,,,,,
4/6/2016,127.93,,,,,
4/5/2016,127.03,,,,,
4/4/2016,126.34,,,,,
4/1/2016,126.96,,,,,
3/31/2016,126.94,,,,,
3/30/2016,128.58,,,,,
3/29/2016,130.88,,,,,
3/28/2016,131.29,,,,,
3/24/2016,132.12,,,,,
3/23/2016,132.86,,,,,
3/22/2016,135.12,,,,,
3/21/2016,135.86,,,,,
3/18/2016,133.96,,,,,
3/17/2016,130.7,,,,,
3/16/2016,127.57,,,,,
3/15/2016,126.36,,,,,
3/14/2016,126.34,,,,,
3/11/2016,124.63,,,,,
3/10/2016,122.94,,,,,
3/9/2016,122.86,,,,,
3/8/2016,122.35,,,,,
3/7/2016,122.9,,,,,
3/4/2016,121.07,,,,,
3/3/2016,119.61,,,,,
3/2/2016,119.65,,,,,
3/1/2016,119.96,,,,,
2/29/2016,118.18,,,,,
2/26/2016,118.16,,,,,
2/25/2016,116.82,,,,,
2/24/2016,115.59,,,,,
2/23/2016,116.9,,,,,
2/22/2016,117.39,,,,,
2/19/2016,115.16,,,,,
2/18/2016,117.57,,,,,
2/17/2016,116.34,,,,,
2/16/2016,112.6,,,,,
2/12/2016,108.63,,,,,
2/11/2016,108.44,,,,,
2/10/2016,116.36,,,,,
2/9/2016,118.88,,,,,
2/8/2016,119.47,,,,,
2/5/2016,122.56,,,,,
2/4/2016,123.61,,,,,
2/3/2016,121.87,,,,,
2/2/2016,117.52,,,,,
2/1/2016,121.56,,,,,
1/29/2016,120.13,,,,,
1/28/2016,118.01,,,,,
1/27/2016,116.58,,,,,
1/26/2016,128.01,,,,,
1/25/2016,124.01,,,,,
1/22/2016,124.61,,,,,
1/21/2016,123.4,,,,,
1/20/2016,122.14,,,,,
1/19/2016,126.06,,,,,
1/15/2016,125.63,,,,,
1/14/2016,129.2,,,,,
1/13/2016,128.12,,,,,
1/12/2016,131.92,,,,,
1/11/2016,130.21,,,,,
1/8/2016,129.99,,,,,
1/7/2016,133.01,,,,,
1/6/2016,138.83,,,,,
1/5/2016,141.07,,,,,
1/4/2016,140.5,,,,,
12/31/2015,144.59,,,,,
12/30/2015,146.41,,,,,
12/29/2015,147.35,,,,,
12/28/2015,144.54,,,,,
12/24/2015,143.53,,,,,
12/23/2015,144.06,,,,,
12/22/2015,142.38,,,,,
12/21/2015,140.9,,,,,
12/18/2015,139.58,,,,,
12/17/2015,145.56,,,,,
12/16/2015,148.11,,,,,
12/15/2015,146.53,,,,,
12/14/2015,143,,,,,
12/11/2015,144.62,,,,,
12/10/2015,146.41,,,,,
12/9/2015,144.24,,,,,
12/8/2015,144.99,,,,,
12/7/2015,148.45,,,,,
12/4/2015,148.5,,,,,
12/3/2015,145.56,,,,,
12/2/2015,146.96,,,,,
12/1/2015,147.74,,,,,
11/30/2015,145.45,,,,,
11/27/2015,146.95,,,,,
11/25/2015,147.43,,,,,
11/24/2015,148.65,,,,,
11/23/2015,148.34,,,,,
11/20/2015,149.4,,,,,
11/19/2015,149.24,,,,,
11/18/2015,148.28,,,,,
11/17/2015,146.08,,,,,
11/16/2015,144.42,,,,,
11/13/2015,142.59,,,,,
11/12/2015,142.54,,,,,
11/11/2015,144.99,,,,,
11/10/2015,145.15,,,,,
11/9/2015,145.98,,,,,
11/6/2015,147.94,,,,,
11/5/2015,147.97,,,,,
11/4/2015,148.19,,,,,
11/3/2015,148.09,,,,,
11/2/2015,148.4,,,,,
10/30/2015,148.07,,,,,
10/29/2015,147.18,,,,,
10/28/2015,147.88,,,,,
10/27/2015,148.46,,,,,
10/26/2015,146.7,,,,,
10/23/2015,146.7,,,,,
10/22/2015,146.31,,,,,
10/21/2015,141.19,,,,,
10/20/2015,138.88,,,,,
10/19/2015,138.42,,,,,
10/16/2015,137.6,,,,,
10/15/2015,137.39,,,,,
10/14/2015,134.22,,,,,
10/13/2015,140.29,,,,,
10/12/2015,140.68,,,,,
10/9/2015,139.7,,,,,
10/8/2015,139.04,,,,,
10/7/2015,137.02,,,,,
10/6/2015,134.63,,,,,
10/5/2015,134.02,,,,,
10/2/2015,132.56,,,,,
10/1/2015,130.61,,,,,
9/30/2015,130.95,,,,,
9/29/2015,128.75,,,,,
9/28/2015,128.13,,,,,
9/25/2015,131.01,,,,,
9/24/2015,129.75,,,,,
9/23/2015,131.67,,,,,
9/22/2015,133.99,,,,,
9/21/2015,136.02,,,,,
9/18/2015,136.09,,,,,
9/17/2015,137.45,,,,,
9/16/2015,137.2,,,,,
9/15/2015,136.3,,,,,
9/14/2015,134.43,,,,,
9/11/2015,134.67,,,,,
9/10/2015,133.55,,,,,
9/9/2015,132.65,,,,,
9/8/2015,133.82,,,,,
9/4/2015,129.76,,,,,
9/3/2015,131.02,,,,,
9/2/2015,130.63,,,,,
9/1/2015,127.44,,,,,
8/31/2015,130.68,,,,,
8/28/2015,133.24,,,,,
8/27/2015,131.87,,,,,
8/26/2015,129.34,,,,,
8/25/2015,125.49,,,,,
8/24/2015,127.19,,,,,
8/21/2015,131.71,,,,,
8/20/2015,137.02,,,,,
8/19/2015,142.72,,,,,
8/18/2015,144.6,,,,,
8/17/2015,144.44,,,,,
8/14/2015,145.09,,,,,
8/13/2015,144.81,,,,,
8/12/2015,142.43,,,,,
8/11/2015,144.05,,,,,
8/10/2015,145.86,,,,,
8/7/2015,142.42,,,,,
8/6/2015,143.82,,,,,
8/5/2015,144.95,,,,,
8/4/2015,143.54,,,,,
8/3/2015,143.69,,,,,
7/31/2015,144.17,,,,,
7/30/2015,143.01,,,,,
7/29/2015,144.14,,,,,
7/28/2015,141.81,,,,,
7/27/2015,141.03,,,,,
7/24/2015,144.06,,,,,
7/23/2015,146.11,,,,,
7/22/2015,146.47,,,,,
7/21/2015,145,,,,,
7/20/2015,146.72,,,,,
7/17/2015,146.84,,,,,
7/16/2015,148.49,,,,,
7/15/2015,146.89,,,,,
7/14/2015,147.75,,,,,
7/13/2015,146.62,,,,,
7/10/2015,144.48,,,,,
7/9/2015,142.8,,,,,
7/8/2015,141.92,,,,,
7/7/2015,143.15,,,,,
7/6/2015,140.52,,,,,
7/2/2015,140.21,,,,,
7/1/2015,140.73,,,,,
6/30/2015,138.72,,,,,
6/29/2015,138.73,,,,,
6/26/2015,142.48,,,,,
6/25/2015,142.45,,,,,
6/24/2015,143,,,,,
6/23/2015,144.43,,,,,
6/22/2015,145.7,,,,,
6/19/2015,145.13,,,,,
6/18/2015,145.38,,,,,
6/17/2015,143.43,,,,,
6/16/2015,142.34,,,,,
6/15/2015,142.29,,,,,
6/12/2015,142.8,,,,,
6/11/2015,142.96,,,,,
6/10/2015,141.62,,,,,
6/9/2015,140.1,,,,,
6/8/2015,140.64,,,,,
6/5/2015,140.73,,,,,
6/4/2015,141.19,,,,,
6/3/2015,143.81,,,,,
6/2/2015,143.25,,,,,
6/1/2015,141.25,,,,,
5/29/2015,140.52,,,,,
5/28/2015,142.33,,,,,
5/27/2015,143,,,,,
5/26/2015,142.8,,,,,
5/22/2015,144.81,,,,,
5/21/2015,147.35,,,,,
5/20/2015,146.42,,,,,
5/19/2015,147.05,,,,,
5/18/2015,146.71,,,,,
5/15/2015,146.88,,,,,
5/14/2015,147.96,,,,,
5/13/2015,145.62,,,,,
5/12/2015,145.43,,,,,
5/11/2015,145.89,,,,,
5/8/2015,145.46,,,,,
5/7/2015,141.49,,,,,
5/6/2015,141.04,,,,,
5/5/2015,142.91,,,,,
5/4/2015,144.02,,,,,
5/1/2015,144.67,,,,,
4/30/2015,143.34,,,,,
4/29/2015,146.15,,,,,
4/28/2015,147.51,,,,,
4/27/2015,147.8,,,,,
4/24/2015,148.4,,,,,
4/23/2015,149.87,,,,,
4/22/2015,151.19,,,,,
4/21/2015,153.33,,,,,
4/20/2015,152.67,,,,,
4/17/2015,149.6,,,,,
4/16/2015,151.97,,,,,
4/15/2015,152.43,,,,,
4/14/2015,153.21,,,,,
4/13/2015,153.24,,,,,
4/10/2015,154.38,,,,,
4/9/2015,153.42,,,,,
4/8/2015,153.36,,,,,
4/7/2015,152.32,,,,,
4/6/2015,150.93,,,,,
4/2/2015,149.28,,,,,
4/1/2015,148.64,,,,,
3/31/2015,150.08,,,,,
3/30/2015,152.7,,,,,
3/27/2015,148.85,,,,,
3/26/2015,148.17,,,,,
3/25/2015,148.23,,,,,
3/24/2015,151.65,,,,,
3/23/2015,152.81,,,,,
3/20/2015,154.5,,,,,
3/19/2015,154.11,,,,,
3/18/2015,155.73,,,,,
3/17/2015,154.51,,,,,
3/16/2015,153.67,,,,,
3/13/2015,151.57,,,,,
3/12/2015,152.04,,,,,
3/11/2015,151.17,,,,,
3/10/2015,152.42,,,,,
3/9/2015,154.75,,,,,
3/6/2015,153.12,,,,,
3/5/2015,154.47,,,,,
3/4/2015,154.35,,,,,
3/3/2015,155.57,,,,,
3/2/2015,153.8,,,,,
2/27/2015,150.85,,,,,
2/26/2015,151.73,,,,,
2/25/2015,153.01,,,,,
2/24/2015,154.38,,,,,
2/23/2015,154.74,,,,,
2/20/2015,158.31,,,,,
2/19/2015,153.75,,,,,
2/18/2015,151.17,,,,,
2/17/2015,149.92,,,,,
2/13/2015,149.73,,,,,
2/12/2015,148.09,,,,,
2/11/2015,147.92,,,,,
2/10/2015,148.04,,,,,
2/9/2015,147.58,,,,,
2/6/2015,148,,,,,
2/5/2015,148.6,,,,,
2/4/2015,147.22,,,,,
2/3/2015,147.34,,,,,
2/2/2015,146.26,,,,,
1/30/2015,145.37,,,,,
1/29/2015,147.78,,,,,
1/28/2015,139.64,,,,,
1/27/2015,132.48,,,,,
1/26/2015,134.07,,,,,
1/23/2015,134.62,,,,,
1/22/2015,135.64,,,,,
1/21/2015,132.41,,,,,
1/20/2015,131.22,,,,,
1/16/2015,130.78,,,,,
1/15/2015,130.14,,,,,
1/14/2015,130.38,,,,,
1/13/2015,131.17,,,,,
1/12/2015,130.87,,,,,
1/9/2015,131.54,,,,,
1/8/2015,131.8,,,,,
1/7/2015,129.51,,,,,
1/6/2015,127.53,,,,,
1/5/2015,129.05,,,,,
1/2/2015,129.95,,,,,
12/31/2014,129.98,,,,,
12/30/2014,131.83,,,,,
12/29/2014,132.29,,,,,
12/26/2014,131.63,,,,,
12/24/2014,131.24,,,,,
12/23/2014,130.03,,,,,
12/22/2014,128.22,,,,,
12/19/2014,126.23,,,,,
12/18/2014,125.67,,,,,
12/17/2014,125.06,,,,,
12/16/2014,124.25,,,,,
12/15/2014,122.08,,,,,
12/12/2014,120.77,,,,,
12/11/2014,123.37,,,,,
12/10/2014,124.64,,,,,
12/9/2014,129.66,,,,,
12/8/2014,130.28,,,,,
12/5/2014,132.21,,,,,
12/4/2014,131.32,,,,,
12/3/2014,131.97,,,,,
12/2/2014,132.28,,,,,
12/1/2014,132.39,,,,,
11/28/2014,134.36,,,,,
11/26/2014,134.78,,,,,
11/25/2014,134.81,,,,,
11/24/2014,134.61,,,,,
11/21/2014,132.78,,,,,
11/20/2014,131.7,,,,,
11/19/2014,131.61,,,,,
11/18/2014,130.66,,,,,
11/17/2014,128.42,,,,,
11/14/2014,128.86,,,,,
11/13/2014,128.53,,,,,
11/12/2014,125.87,,,,,
11/11/2014,125.36,,,,,
11/10/2014,124.64,,,,,
11/7/2014,124.45,,,,,
11/6/2014,124.58,,,,,
11/5/2014,124.22,,,,,
11/4/2014,125.84,,,,,
11/3/2014,126.03,,,,,
10/31/2014,124.91,,,,,
10/30/2014,123.82,,,,,
10/29/2014,123.08,,,,,
10/28/2014,123.61,,,,,
10/27/2014,122.12,,,,,
10/24/2014,122.24,,,,,
10/23/2014,122.03,,,,,
10/22/2014,121.45,,,,,
10/21/2014,127.12,,,,,
10/20/2014,124.31,,,,,
10/17/2014,123.24,,,,,
10/16/2014,120.29,,,,,
10/15/2014,120.19,,,,,
10/14/2014,122.29,,,,,
10/13/2014,120.45,,,,,
10/10/2014,121.5,,,,,
10/9/2014,122.76,,,,,
10/8/2014,124.98,,,,,
10/7/2014,123.32,,,,,
10/6/2014,126.26,,,,,
10/3/2014,126.36,,,,,
10/2/2014,124.17,,,,,
10/1/2014,124.67,,,,,
9/30/2014,127.38,,,,,
9/29/2014,128.77,,,,,
9/26/2014,128.69,,,,,
9/25/2014,127.14,,,,,
9/24/2014,128.58,,,,,
9/23/2014,127.38,,,,,
9/22/2014,128.61,,,,,
9/19/2014,129.35,,,,,
9/18/2014,128.58,,,,,
9/17/2014,127.76,,,,,
9/16/2014,127.32,,,,,
9/15/2014,126.31,,,,,
9/12/2014,126.95,,,,,
9/11/2014,127.64,,,,,
9/10/2014,128.22,,,,,
9/9/2014,128.21,,,,,
9/8/2014,127.98,,,,,
9/5/2014,124.69,,,,,
9/4/2014,125.46,,,,,
9/3/2014,125.94,,,,,
9/2/2014,125.48,,,,,
8/29/2014,126.8,,,,,
8/28/2014,127.11,,,,,
8/27/2014,128.2,,,,,
8/26/2014,128.6,,,,,
8/25/2014,128.33,,,,,
8/22/2014,127.46,,,,,
8/21/2014,127.5,,,,,
8/20/2014,127.35,,,,,
8/19/2014,125.58,,,,,
8/18/2014,124.98,,,,,
8/15/2014,123.16,,,,,
8/14/2014,124.11,,,,,
8/13/2014,121.98,,,,,
8/12/2014,120.47,,,,,
8/11/2014,120.8,,,,,
8/8/2014,120.63,,,,,
8/7/2014,119.84,,,,,
8/6/2014,118.34,,,,,
8/5/2014,121.27,,,,,
8/4/2014,119.93,,,,,
8/1/2014,120.38,,,,,
7/31/2014,120.48,,,,,
7/30/2014,122.29,,,,,
7/29/2014,122.32,,,,,
7/28/2014,123.06,,,,,
7/25/2014,123.2,,,,,
7/24/2014,124.4,,,,,
7/23/2014,126.71,,,,,
7/22/2014,129.74,,,,,
7/21/2014,128.3,,,,,
7/18/2014,127.64,,,,,
7/17/2014,125.88,,,,,
7/16/2014,127.42,,,,,
7/15/2014,129.1,,,,,
7/14/2014,129.52,,,,,
7/11/2014,128.09,,,,,
7/10/2014,126.79,,,,,
7/9/2014,126.79,,,,,
7/8/2014,126.79,,,,,
7/7/2014,129.09,,,,,
7/3/2014,128.51,,,,,
7/2/2014,127.62,,,,,
7/1/2014,128.15,,,,,
6/30/2014,127.23,,,,,
6/27/2014,128.54,,,,,
6/26/2014,128.02,,,,,
6/25/2014,127.06,,,,,
6/24/2014,129.15,,,,,
6/23/2014,130.85,,,,,
6/20/2014,132.1,,,,,
6/19/2014,132.82,,,,,
6/18/2014,132.48,,,,,
6/17/2014,132.45,,,,,
6/16/2014,132.54,,,,,
6/13/2014,132.29,,,,,
6/12/2014,132.19,,,,,
6/11/2014,134.1,,,,,
6/10/2014,137.25,,,,,
6/9/2014,137.96,,,,,
6/6/2014,138.25,,,,,
6/5/2014,136.82,,,,,
6/4/2014,135.33,,,,,
6/3/2014,135.88,,,,,
6/2/2014,135.9,,,,,
5/30/2014,135.25,,,,,
5/29/2014,135.14,,,,,
5/28/2014,134.33,,,,,
5/27/2014,134.17,,,,,
5/23/2014,132.41,,,,,
5/22/2014,131.84,,,,,
5/21/2014,130.96,,,,,
5/20/2014,129.58,,,,,
5/19/2014,131.35,,,,,
5/16/2014,130.81,,,,,
5/15/2014,131.21,,,,,
5/14/2014,132.99,,,,,
5/13/2014,133.45,,,,,
5/12/2014,132.6,,,,,
5/9/2014,131.1,,,,,
5/8/2014,130.57,,,,,
5/7/2014,130.35,,,,,
5/6/2014,130.83,,,,,
5/5/2014,131.96,,,,,
5/2/2014,129.94,,,,,
5/1/2014,128.46,,,,,
4/30/2014,129.02,,,,,
4/29/2014,128.37,,,,,
4/28/2014,127.04,,,,,
4/25/2014,128.66,,,,,
4/24/2014,129.86,,,,,
4/23/2014,130.63,,,,,
4/22/2014,127.55,,,,,
4/21/2014,127.82,,,,,
4/17/2014,127.92,,,,,
4/16/2014,126.04,,,,,
4/15/2014,124.27,,,,,
4/14/2014,123.25,,,,,
4/11/2014,122.07,,,,,
4/10/2014,123.64,,,,,
4/9/2014,126.88,,,,,
4/8/2014,124.15,,,,,
4/7/2014,125.59,,,,,
4/4/2014,127.38,,,,,
4/3/2014,128.78,,,,,
4/2/2014,128.31,,,,,
4/1/2014,128.21,,,,,
3/31/2014,125.49,,,,,
3/28/2014,124.46,,,,,
3/27/2014,123.21,,,,,
3/26/2014,123.53,,,,,
3/25/2014,124.02,,,,,
3/24/2014,123.42,,,,,
3/21/2014,122.58,,,,,
3/20/2014,123.73,,,,,
3/19/2014,122.24,,,,,
3/18/2014,124.04,,,,,
3/17/2014,125.42,,,,,
3/14/2014,123.11,,,,,
3/13/2014,121.89,,,,,
3/12/2014,124.43,,,,,
3/11/2014,125.67,,,,,
3/10/2014,126.89,,,,,
3/7/2014,128.54,,,,,
3/6/2014,128.86,,,,,
3/5/2014,128.79,,,,,
3/4/2014,130.23,,,,,
3/3/2014,128.22,,,,,
2/28/2014,128.92,,,,,
2/27/2014,128.56,,,,,
2/26/2014,126.61,,,,,
2/25/2014,126.78,,,,,
2/24/2014,129.59,,,,,
2/21/2014,128.28,,,,,
2/20/2014,129.56,,,,,
2/19/2014,128.39,,,,,
2/18/2014,130.63,,,,,
2/14/2014,130.16,,,,,
2/13/2014,129.5,,,,,
2/12/2014,128.13,,,,,
2/11/2014,130.16,,,,,
2/10/2014,127.16,,,,,
2/7/2014,127.02,,,,,
2/6/2014,122.67,,,,,
2/5/2014,121.4,,,,,
2/4/2014,122.04,,,,,
2/3/2014,123.08,,,,,
1/31/2014,125.26,,,,,
1/30/2014,126.53,,,,,
1/29/2014,129.78,,,,,
1/28/2014,137.09,,,,,
1/27/2014,137.36,,,,,
1/24/2014,136.65,,,,,
1/23/2014,141.31,,,,,
1/22/2014,144.37,,,,,
1/21/2014,141.67,,,,,
1/17/2014,140.46,,,,,
1/16/2014,140.21,,,,,
1/15/2014,140.62,,,,,
1/14/2014,140.01,,,,,
1/13/2014,140.7,,,,,
1/10/2014,141.9,,,,,
1/9/2014,142.13,,,,,
1/8/2014,140.82,,,,,
1/7/2014,140.51,,,,,
1/6/2014,138.41,,,,,
1/3/2014,137.62,,,,,
1/2/2014,136.67,,,,,
12/31/2013,136.49,,,,,
12/30/2013,135.92,,,,,
12/27/2013,136.9,,,,,
12/26/2013,138.27,,,,,
12/24/2013,136.83,,,,,
12/23/2013,136.4,,,,,
12/20/2013,136.67,,,,,
12/19/2013,135.17,,,,,
12/18/2013,135.49,,,,,
12/17/2013,135.88,,,,,
12/16/2013,134.72,,,,,
12/13/2013,133.83,,,,,
12/12/2013,132.96,,,,,
12/11/2013,132.56,,,,,
12/10/2013,133.7,,,,,
12/9/2013,134.68,,,,,
12/6/2013,135.18,,,,,
12/5/2013,132.73,,,,,
12/4/2013,131.5,,,,,
12/3/2013,132,,,,,
12/2/2013,134.16,,,,,
11/29/2013,134.25,,,,,
11/27/2013,134.72,,,,,
11/26/2013,134.78,,,,,
11/25/2013,133,,,,,
11/22/2013,135.97,,,,,
11/21/2013,132.93,,,,,
11/20/2013,132.45,,,,,
11/19/2013,136.98,,,,,
11/18/2013,138.36,,,,,
11/15/2013,136.08,,,,,
11/14/2013,135.09,,,,,
11/13/2013,133.17,,,,,
11/12/2013,132.33,,,,,
11/11/2013,132.53,,,,,
11/8/2013,133.49,,,,,
11/7/2013,131.51,,,,,
11/6/2013,133.09,,,,,
11/5/2013,133.57,,,,,
11/4/2013,132.79,,,,,
11/1/2013,133.03,,,,,
10/31/2013,130.5,,,,,
10/30/2013,129.68,,,,,
10/29/2013,129.66,,,,,
10/28/2013,129.88,,,,,
10/25/2013,131.19,,,,,
10/24/2013,128.98,,,,,
10/23/2013,129.02,,,,,
10/22/2013,122.48,,,,,
10/21/2013,121.47,,,,,
10/18/2013,122.52,,,,,
10/17/2013,122.29,,,,,
10/16/2013,120.34,,,,,
10/15/2013,118.18,,,,,
10/14/2013,119.46,,,,,
10/11/2013,117.98,,,,,
10/10/2013,118.9,,,,,
10/9/2013,114.47,,,,,
10/8/2013,115.44,,,,,
10/7/2013,116.69,,,,,
10/4/2013,117.2,,,,,
10/3/2013,115.24,,,,,
10/2/2013,117.84,,,,,
10/1/2013,117.75,,,,,
9/30/2013,117.5,,,,,
9/27/2013,118.74,,,,,
9/26/2013,119.38,,,,,
9/25/2013,118.51,,,,,
9/24/2013,119,,,,,
9/23/2013,117.51,,,,,
9/20/2013,116.63,,,,,
9/19/2013,119.04,,,,,
9/18/2013,118.4,,,,,
9/17/2013,117.11,,,,,
9/16/2013,115.67,,,,,
9/13/2013,111.33,,,,,
9/12/2013,109.8,,,,,
9/11/2013,109.23,,,,,
9/10/2013,108.17,,,,,
9/9/2013,107.19,,,,,
9/6/2013,106.07,,,,,
9/5/2013,106.65,,,,,
9/4/2013,106.37,,,,,
9/3/2013,105.01,,,,,
8/30/2013,103.92,,,,,
8/29/2013,104.93,,,,,
8/28/2013,103.27,,,,,
8/27/2013,103.21,,,,,
8/26/2013,105.53,,,,,
8/23/2013,105.48,,,,,
8/22/2013,105.14,,,,,
8/21/2013,103.91,,,,,
8/20/2013,104.63,,,,,
8/19/2013,104.72,,,,,
8/16/2013,103.47,,,,,
8/15/2013,102.73,,,,,
8/14/2013,104.16,,,,,
8/13/2013,106.23,,,,,
8/12/2013,104.24,,,,,
8/9/2013,105.33,,,,,
8/8/2013,105.84,,,,,
8/7/2013,106.42,,,,,
8/6/2013,107.04,,,,,
8/5/2013,107.5,,,,,
8/2/2013,107.9,,,,,
8/1/2013,106.7,,,,,
7/31/2013,105.1,,,,,
7/30/2013,105.73,,,,,
7/29/2013,104.81,,,,,
7/26/2013,105.6,,,,,
7/25/2013,106.7,,,,,
7/24/2013,106.95,,,,,
7/23/2013,107.79,,,,,
7/22/2013,106.86,,,,,
7/19/2013,106.96,,,,,
7/18/2013,107.63,,,,,
7/17/2013,104.79,,,,,
7/16/2013,104.23,,,,,
7/15/2013,105.66,,,,,
7/12/2013,101.87,,,,,
7/11/2013,106.88,,,,,
7/10/2013,105.5,,,,,
7/9/2013,104.68,,,,,
7/8/2013,104.37,,,,,
7/5/2013,104.2,,,,,
7/3/2013,102.89,,,,,
7/2/2013,101.47,,,,,
7/1/2013,103.24,,,,,
6/28/2013,102.44,,,,,
6/27/2013,103.15,,,,,
6/26/2013,100.75,,,,,
6/25/2013,98.67,,,,,
6/24/2013,97.85,,,,,
6/21/2013,99.98,,,,,
6/20/2013,99.64,,,,,
6/19/2013,102.25,,,,,
6/18/2013,104.08,,,,,
6/17/2013,103.03,,,,,
6/14/2013,101.83,,,,,
6/13/2013,102.16,,,,,
6/12/2013,100.88,,,,,
6/11/2013,101.75,,,,,
6/10/2013,102.24,,,,,
6/7/2013,102.49,,,,,
6/6/2013,99.76,,,,,
6/5/2013,98.49,,,,,
6/4/2013,99.61,,,,,
6/3/2013,100.74,,,,,
5/31/2013,99.02,,,,,
5/30/2013,100.54,,,,,
5/29/2013,99.09,,,,,
5/28/2013,100.11,,,,,
5/24/2013,100,,,,,
5/23/2013,99.75,,,,,
5/22/2013,97.93,,,,,
5/21/2013,98.75,,,,,
5/20/2013,98.72,,,,,
5/17/2013,98.92,,,,,
5/16/2013,96.58,,,,,
5/15/2013,97.02,,,,,
5/14/2013,96.11,,,,,
5/13/2013,94.76,,,,,
5/10/2013,94.24,,,,,
5/9/2013,94.61,,,,,
5/8/2013,94.04,,,,,
5/7/2013,94.79,,,,,
5/6/2013,94.19,,,,,
5/3/2013,93.74,,,,,
5/2/2013,92.21,,,,,
5/1/2013,91.18,,,,,
4/30/2013,91.41,,,,,
4/29/2013,91.9,,,,,
4/26/2013,92.85,,,,,
4/25/2013,91.67,,,,,
4/24/2013,90.83,,,,,
4/23/2013,88.18,,,,,
4/22/2013,86.94,,,,,
4/19/2013,87.96,,,,,
4/18/2013,86.12,,,,,
4/17/2013,86.69,,,,,
4/16/2013,86.89,,,,,
4/15/2013,86.77,,,,,
4/12/2013,88.89,,,,,
4/11/2013,88.53,,,,,
4/10/2013,87.82,,,,,
4/9/2013,87.21,,,,,
4/8/2013,86.75,,,,,
4/5/2013,86.17,,,,,
4/4/2013,84.95,,,,,
4/3/2013,84.36,,,,,
4/2/2013,84.09,,,,,
4/1/2013,85.25,,,,,
3/28/2013,85.85,,,,,
3/27/2013,86.2,,,,,
3/26/2013,86.62,,,,,
3/25/2013,84.85,,,,,
3/22/2013,84.82,,,,,
3/21/2013,84.33,,,,,
3/20/2013,85.37,,,,,
3/19/2013,85.51,,,,,
3/18/2013,85.18,,,,,
3/15/2013,86.43,,,,,
3/14/2013,84.62,,,,,
3/13/2013,84.75,,,,,
3/12/2013,84.16,,,,,
3/11/2013,82.94,,,,,
3/8/2013,81.23,,,,,
3/7/2013,81.05,,,,,
3/6/2013,79.08,,,,,
3/5/2013,78.66,,,,,
3/4/2013,77.09,,,,,
3/1/2013,77.28,,,,,
2/28/2013,76.9,,,,,
2/27/2013,77.36,,,,,
2/26/2013,75.65,,,,,
2/25/2013,75.03,,,,,
2/22/2013,76.66,,,,,
2/21/2013,76.01,,,,,
2/20/2013,74.78,,,,,
2/19/2013,74.65,,,,,
2/15/2013,75.03,,,,,
2/14/2013,74.93,,,,,
2/13/2013,74.78,,,,,
2/12/2013,75.99,,,,,
2/11/2013,75.87,,,,,
2/8/2013,76.56,,,,,
2/7/2013,77.43,,,,,
2/6/2013,76.29,,,,,
2/5/2013,75.89,,,,,
2/4/2013,75.21,,,,,
2/1/2013,74.87,,,,,
1/31/2013,73.87,,,,,
1/30/2013,74.59,,,,,
1/29/2013,73.65,,,,,
1/28/2013,74,,,,,
1/25/2013,75.03,,,,,
1/24/2013,75.32,,,,,
1/23/2013,74.29,,,,,
1/22/2013,74.16,,,,,
1/18/2013,75.04,,,,,
1/17/2013,75.26,,,,,
1/16/2013,74.34,,,,,
1/15/2013,76.94,,,,,
1/14/2013,76.55,,,,,
1/11/2013,75.16,,,,,
1/10/2013,77.09,,,,,
1/9/2013,76.76,,,,,
1/8/2013,74.13,,,,,
1/7/2013,76.13,,,,,
1/4/2013,77.69,,,,,
1/3/2013,77.47,,,,,
1/2/2013,77.07,,,,,
12/31/2012,75.36,,,,,
12/28/2012,74.69,,,,,
12/27/2012,75.83,,,,,
12/26/2012,76.02,,,,,
12/24/2012,75.97,,,,,
12/21/2012,76.17,,,,,
12/20/2012,76.2,,,,,
12/19/2012,75.51,,,,,
12/18/2012,75.52,,,,,
12/17/2012,74.65,,,,,
12/14/2012,74.02,,,,,
12/13/2012,74.32,,,,,
12/12/2012,75.47,,,,,
12/11/2012,75.82,,,,,
12/10/2012,75.53,,,,,
12/7/2012,74.64,,,,,
12/6/2012,73.98,,,,,
12/5/2012,73.87,,,,,
12/4/2012,74.05,,,,,
12/3/2012,74.02,,,,,
11/30/2012,74.28,,,,,
11/29/2012,74.12,,,,,
11/28/2012,74.09,,,,,
11/27/2012,74.49,,,,,
11/26/2012,74.27,,,,,
11/23/2012,73.74,,,,,
11/21/2012,73.15,,,,,
11/20/2012,72.54,,,,,
11/19/2012,71.96,,,,,
11/16/2012,70.77,,,,,
11/15/2012,71.04,,,,,
11/14/2012,71.29,,,,,
11/13/2012,73.36,,,,,
11/12/2012,73.69,,,,,
11/9/2012,73.25,,,,,
11/8/2012,70.98,,,,,
11/7/2012,70.11,,,,,
11/6/2012,72.02,,,,,
11/5/2012,70.41,,,,,
11/2/2012,70.05,,,,,
11/1/2012,70.79,,,,,
10/31/2012,70.44,,,,,
10/26/2012,71.11,,,,,
10/25/2012,71.54,,,,,
10/24/2012,72.71,,,,,
10/23/2012,72.82,,,,,
10/22/2012,73.7,,,,,
10/19/2012,74.01,,,,,
10/18/2012,74.26,,,,,
10/17/2012,73.63,,,,,
10/16/2012,73.48,,,,,
10/15/2012,72.25,,,,,
10/12/2012,71.85,,,,,
10/11/2012,70.83,,,,,
10/10/2012,70.34,,,,,
10/9/2012,70.64,,,,,
10/8/2012,70.57,,,,,
10/5/2012,70.89,,,,,
10/4/2012,69.94,,,,,
10/3/2012,69.86,,,,,
10/2/2012,69.53,,,,,
10/1/2012,70.01,,,,,
9/28/2012,69.59,,,,,
9/27/2012,70.1,,,,,
9/26/2012,70.25,,,,,
9/25/2012,69.38,,,,,
9/24/2012,70.03,,,,,
9/21/2012,69.97,,,,,
9/20/2012,69.85,,,,,
9/19/2012,69.9,,,,,
9/18/2012,70.45,,,,,
9/17/2012,69.92,,,,,
9/14/2012,71.28,,,,,
9/13/2012,71.58,,,,,
9/12/2012,70.96,,,,,
9/11/2012,71.27,,,,,
9/10/2012,71.08,,,,,
9/7/2012,72.89,,,,,
9/6/2012,72.82,,,,,
9/5/2012,71.92,,,,,
9/4/2012,70.87,,,,,
8/31/2012,71.4,,,,,
8/30/2012,70.82,,,,,
8/29/2012,71.44,,,,,
8/28/2012,71.52,,,,,
8/27/2012,71.38,,,,,
8/24/2012,71.09,,,,,
8/23/2012,70.36,,,,,
8/22/2012,72.8,,,,,
8/21/2012,73.27,,,,,
8/20/2012,73.83,,,,,
8/17/2012,73.91,,,,,
8/16/2012,73.64,,,,,
8/15/2012,73.07,,,,,
8/14/2012,73.81,,,,,
8/13/2012,74.19,,,,,
8/10/2012,74.21,,,,,
8/9/2012,74.28,,,,,
8/8/2012,74.6,,,,,
8/7/2012,74.46,,,,,
8/6/2012,72.89,,,,,
8/3/2012,72.81,,,,,
8/2/2012,71.99,,,,,
8/1/2012,72.77,,,,,
7/31/2012,73.91,,,,,
7/30/2012,74.86,,,,,
7/27/2012,75.51,,,,,
7/26/2012,74.91,,,,,
7/25/2012,74.03,,,,,
7/24/2012,72.03,,,,,
7/23/2012,72.91,,,,,
7/20/2012,73.89,,,,,
7/19/2012,74.86,,,,,
7/18/2012,73.89,,,,,
7/17/2012,73.11,,,,,
7/16/2012,72.97,,,,,
7/13/2012,73.51,,,,,
7/12/2012,71.71,,,,,
7/11/2012,71.52,,,,,
7/10/2012,73.22,,,,,
7/9/2012,74.03,,,,,
7/6/2012,73.69,,,,,
7/5/2012,74.44,,,,,
7/3/2012,74.27,,,,,
7/2/2012,73.18,,,,,
6/29/2012,74.3,,,,,
6/28/2012,71.58,,,,,
6/27/2012,71.87,,,,,
6/26/2012,70.93,,,,,
6/25/2012,71.05,,,,,
6/22/2012,71.96,,,,,
6/21/2012,71.37,,,,,
6/20/2012,73.01,,,,,
6/19/2012,72.92,,,,,
6/18/2012,71.9,,,,,
6/15/2012,71.99,,,,,
6/14/2012,71.85,,,,,
6/13/2012,72.06,,,,,
6/12/2012,72.58,,,,,
6/11/2012,70.11,,,,,
6/8/2012,69.94,,,,,
6/7/2012,69.95,,,,,
6/6/2012,69.02,,,,,
6/5/2012,67.58,,,,,
6/4/2012,67.5,,,,,
6/1/2012,67.24,,,,,
5/31/2012,69.61,,,,,
5/30/2012,69.39,,,,,
5/29/2012,70.4,,,,,
5/25/2012,70,,,,,
5/24/2012,71.39,,,,,
5/23/2012,71.57,,,,,
5/22/2012,71.48,,,,,
5/21/2012,71.78,,,,,
5/18/2012,69.15,,,,,
5/17/2012,69.73,,,,,
5/16/2012,72.35,,,,,
5/15/2012,72.58,,,,,
5/14/2012,73.12,,,,,
5/11/2012,73.56,,,,,
5/10/2012,73.8,,,,,
5/9/2012,74.05,,,,,
5/8/2012,75.4,,,,,
5/7/2012,75.96,,,,,
5/4/2012,75.84,,,,,
5/3/2012,76.83,,,,,
5/2/2012,77.26,,,,,
5/1/2012,77.25,,,,,
4/30/2012,76.8,,,,,
4/27/2012,77.27,,,,,
4/26/2012,76.99,,,,,
4/25/2012,77.08,,,,,
4/24/2012,73.21,,,,,
4/23/2012,72.86,,,,,
4/20/2012,73.55,,,,,
4/19/2012,73.1,,,,,
4/18/2012,73.71,,,,,
4/17/2012,74.09,,,,,
4/16/2012,72.68,,,,,
4/13/2012,72.92,,,,,
4/12/2012,73.5,,,,,
4/11/2012,71.77,,,,,
4/10/2012,70.6,,,,,
4/9/2012,72.43,,,,,
4/5/2012,73.59,,,,,
4/4/2012,73.67,,,,,
4/3/2012,74.65,,,,,
4/2/2012,75.17,,,,,
3/30/2012,74.37,,,,,
3/29/2012,74.08,,,,,
3/28/2012,74.33,,,,,
3/27/2012,74.81,,,,,
3/26/2012,75.18,,,,,
3/23/2012,73.97,,,,,
3/22/2012,73.92,,,,,
3/21/2012,75.01,,,,,
3/20/2012,75.14,,,,,
3/19/2012,75.4,,,,,
3/16/2012,75.2,,,,,
3/15/2012,75.43,,,,,
3/14/2012,75.23,,,,,
3/13/2012,74.31,,,,,
3/12/2012,73.6,,,,,
3/9/2012,73.29,,,,,
3/8/2012,74.17,,,,,
3/7/2012,73.52,,,,,
3/6/2012,72.56,,,,,
3/5/2012,74.13,,,,,
3/2/2012,74.9,,,,,
3/1/2012,75.08,,,,,
2/29/2012,74.95,,,,,
2/28/2012,75.16,,,,,
2/27/2012,75.21,,,,,
2/24/2012,76.06,,,,,
2/23/2012,75.85,,,,,
2/22/2012,76.06,,,,,
2/21/2012,75.72,,,,,
2/17/2012,75.35,,,,,
2/16/2012,75.27,,,,,
2/15/2012,75.21,,,,,
2/14/2012,75.56,,,,,
2/13/2012,74.85,,,,,
2/10/2012,74.95,,,,,
2/9/2012,75.9,,,,,
2/8/2012,75.46,,,,,
2/7/2012,75.2,,,,,
2/6/2012,75.46,,,,,
2/3/2012,76.34,,,,,
2/2/2012,75.22,,,,,
2/1/2012,75.37,,,,,
1/31/2012,74.18,,,,,
1/30/2012,74.16,,,,,
1/27/2012,74.55,,,,,
1/26/2012,75.31,,,,,
1/25/2012,75.82,,,,,
1/24/2012,75.36,,,,,
1/23/2012,75.51,,,,,
1/20/2012,75.52,,,,,
1/19/2012,75.56,,,,,
1/18/2012,75.06,,,,,
1/17/2012,75.24,,,,,
1/13/2012,74.6,,,,,
1/12/2012,75.51,,,,,
1/11/2012,74.74,,,,,
1/10/2012,75,,,,,
1/9/2012,74.53,,,,,
1/6/2012,73.98,,,,,
1/5/2012,73.53,,,,,
1/4/2012,74.33,,,,,
1/3/2012,74.22,,,,,
12/30/2011,73.35,,,,,
12/29/2011,74.11,,,,,
12/28/2011,73.26,,,,,
12/27/2011,74.27,,,,,
12/23/2011,73.97,,,,,
12/22/2011,74.29,,,,,
12/21/2011,73.59,,,,,
12/20/2011,72.44,,,,,
12/19/2011,70.16,,,,,
12/16/2011,71.01,,,,,
12/15/2011,70.61,,,,,
12/14/2011,69.94,,,,,
12/13/2011,70.9,,,,,
12/12/2011,70.9,,,,,
12/9/2011,71.93,,,,,
12/8/2011,70.17,,,,,
12/7/2011,70.6,,,,,
12/6/2011,70.87,,,,,
12/5/2011,71.09,,,,,
12/2/2011,71.3,,,,,
12/1/2011,70.98,,,,,
11/30/2011,68.69,,,,,
11/29/2011,65.26,,,,,
11/28/2011,64.99,,,,,
11/25/2011,62.78,,,,,
11/23/2011,62.36,,,,,
11/22/2011,64.35,,,,,
11/21/2011,65.56,,,,,
11/18/2011,67.46,,,,,
11/17/2011,66.09,,,,,
11/16/2011,66.34,,,,,
11/15/2011,67.94,,,,,
11/14/2011,67.94,,,,,
11/11/2011,66.92,,,,,
11/10/2011,64.83,,,,,
11/9/2011,64.55,,,,,
11/8/2011,66.65,,,,,
11/7/2011,66.29,,,,,
11/4/2011,65.8,,,,,
11/3/2011,66.19,,,,,
11/2/2011,64.4,,,,,
11/1/2011,63.17,,,,,
10/31/2011,65.79,,,,,
10/28/2011,68.17,,,,,
10/27/2011,67.49,,,,,
10/26/2011,66.56,,,,,
10/25/2011,63.72,,,,,
10/24/2011,64.75,,,,,
10/21/2011,64.59,,,,,
10/20/2011,62.49,,,,,
10/19/2011,63.11,,,,,
10/18/2011,63.47,,,,,
10/17/2011,61.78,,,,,
10/14/2011,63.89,,,,,
10/13/2011,63.53,,,,,
10/12/2011,64.32,,,,,
10/11/2011,63.97,,,,,
10/10/2011,64.03,,,,,
10/7/2011,61.81,,,,,
10/6/2011,61.48,,,,,
10/5/2011,59.96,,,,,
10/4/2011,59.14,,,,,
10/3/2011,58.25,,,,,
9/30/2011,60.51,,,,,
9/29/2011,62.37,,,,,
9/28/2011,61.92,,,,,
9/27/2011,62.78,,,,,
9/26/2011,62.01,,,,,
9/23/2011,59.51,,,,,
9/22/2011,58.72,,,,,
9/21/2011,61.02,,,,,
9/20/2011,63.56,,,,,
9/19/2011,64.15,,,,,
9/16/2011,65.38,,,,,
9/15/2011,64.32,,,,,
9/14/2011,63.03,,,,,
9/13/2011,62.85,,,,,
9/12/2011,62.39,,,,,
9/9/2011,61.79,,,,,
9/8/2011,62.81,,,,,
9/7/2011,64.9,,,,,
9/6/2011,62.77,,,,,
9/2/2011,64.03,,,,,
9/1/2011,66.05,,,,,
8/31/2011,66.86,,,,,
8/30/2011,66.03,,,,,
8/29/2011,64.6,,,,,
8/26/2011,62.8,,,,,
8/25/2011,61.1,,,,,
8/24/2011,61.69,,,,,
8/23/2011,60.77,,,,,
8/22/2011,58.38,,,,,
8/19/2011,57.54,,,,,
8/18/2011,58.93,,,,,
8/17/2011,62.18,,,,,
8/16/2011,62.23,,,,,
8/15/2011,62.7,,,,,
8/12/2011,61.75,,,,,
8/11/2011,58.85,,,,,
8/10/2011,57.41,,,,,
8/9/2011,62.34,,,,,
8/8/2011,58.71,,,,,
8/5/2011,62.75,,,,,
8/4/2011,63.09,,,,,
8/3/2011,67.34,,,,,
8/2/2011,67.7,,,,,
8/1/2011,70.33,,,,,
7/29/2011,70.47,,,,,
7/28/2011,70.66,,,,,
7/27/2011,70.63,,,,,
7/26/2011,70.16,,,,,
7/25/2011,71.31,,,,,
7/22/2011,72.67,,,,,
7/21/2011,72.89,,,,,
7/20/2011,72.07,,,,,
7/19/2011,70.53,,,,,
7/18/2011,69.55,,,,,
7/15/2011,71.28,,,,,
7/14/2011,71.19,,,,,
7/13/2011,72.17,,,,,
7/12/2011,71.93,,,,,
7/11/2011,73.35,,,,,
7/8/2011,75.07,,,,,
7/7/2011,75.99,,,,,
7/6/2011,74.74,,,,,
7/5/2011,74.15,,,,,
7/1/2011,74.27,,,,,
6/30/2011,73.93,,,,,
6/29/2011,72.72,,,,,
6/28/2011,72.09,,,,,
6/27/2011,71.62,,,,,
6/24/2011,71.26,,,,,
6/23/2011,71.25,,,,,
6/22/2011,72.12,,,,,
6/21/2011,73.98,,,,,
6/20/2011,74.52,,,,,
6/17/2011,74.16,,,,,
6/16/2011,74.01,,,,,
6/15/2011,73.85,,,,,
6/14/2011,74.64,,,,,
6/13/2011,72.94,,,,,
6/10/2011,72.69,,,,,
6/9/2011,74.18,,,,,
6/8/2011,73.85,,,,,
6/7/2011,74.18,,,,,
6/6/2011,74.58,,,,,
6/3/2011,74.84,,,,,
6/2/2011,75.69,,,,,
6/1/2011,75.35,,,,,
5/31/2011,78.03,,,,,
5/27/2011,76.99,,,,,
5/26/2011,76.66,,,,,
5/25/2011,76.32,,,,,
5/24/2011,75.57,,,,,
5/23/2011,76.28,,,,,
5/20/2011,77.52,,,,,
5/19/2011,78.02,,,,,
5/18/2011,77.14,,,,,
5/17/2011,76.68,,,,,
5/16/2011,77.77,,,,,
5/13/2011,79.03,,,,,
5/12/2011,79.41,,,,,
5/11/2011,79.08,,,,,
5/10/2011,79.95,,,,,
5/9/2011,79.64,,,,,
5/6/2011,79.31,,,,,
5/5/2011,78.45,,,,,
5/4/2011,78.84,,,,,
5/3/2011,79.51,,,,,
5/2/2011,79.53,,,,,
4/29/2011,79.78,,,,,
4/28/2011,78.55,,,,,
4/27/2011,76.12,,,,,
4/26/2011,75.55,,,,,
4/25/2011,74.9,,,,,
4/21/2011,75.44,,,,,
4/20/2011,75.07,,,,,
4/19/2011,73.15,,,,,
4/18/2011,72.79,,,,,
4/15/2011,72.6,,,,,
4/14/2011,72.3,,,,,
4/13/2011,72.13,,,,,
4/12/2011,73.08,,,,,
4/11/2011,73.76,,,,,
4/8/2011,73.47,,,,,
4/7/2011,74.29,,,,,
4/6/2011,73.72,,,,,
4/5/2011,73.23,,,,,
4/4/2011,73.95,,,,,
4/1/2011,74.01,,,,,
3/31/2011,73.93,,,,,
3/30/2011,73.8,,,,,
3/29/2011,73.62,,,,,
3/28/2011,73.3,,,,,
3/25/2011,73.34,,,,,
3/24/2011,72.76,,,,,
3/23/2011,72.72,,,,,
3/22/2011,71.85,,,,,
3/21/2011,71.2,,,,,
3/18/2011,69.1,,,,,
3/17/2011,68.3,,,,,
3/16/2011,67.69,,,,,
3/15/2011,69.69,,,,,
3/14/2011,70.74,,,,,
3/11/2011,71.64,,,,,
3/10/2011,71.29,,,,,
3/9/2011,72.09,,,,,
3/8/2011,72.04,,,,,
3/7/2011,70.88,,,,,
3/4/2011,71.8,,,,,
3/3/2011,71.71,,,,,
3/2/2011,69.57,,,,,
3/1/2011,70.12,,,,,
2/28/2011,72.01,,,,,
2/25/2011,72.3,,,,,
2/24/2011,70.76,,,,,
2/23/2011,70.23,,,,,
2/22/2011,70.93,,,,,
2/18/2011,73.04,,,,,
2/17/2011,72.24,,,,,
2/16/2011,72.48,,,,,
2/15/2011,71.4,,,,,
2/14/2011,72.26,,,,,
2/11/2011,72.14,,,,,
2/10/2011,72.66,,,,,
2/9/2011,72.63,,,,,
2/8/2011,72.71,,,,,
2/7/2011,71.93,,,,,
2/4/2011,71.38,,,,,
2/3/2011,70.98,,,,,
2/2/2011,71,,,,,
2/1/2011,70.29,,,,,
1/31/2011,69.48,,,,,
1/28/2011,69.23,,,,,
1/27/2011,70.56,,,,,
1/26/2011,70.02,,,,,
1/25/2011,72.24,,,,,
1/24/2011,72.73,,,,,
1/21/2011,71.68,,,,,
1/20/2011,71.12,,,,,
1/19/2011,71.73,,,,,
1/18/2011,72.47,,,,,
1/14/2011,70.07,,,,,
1/13/2011,69.83,,,,,
1/12/2011,70.15,,,,,
1/11/2011,68.96,,,,,
1/10/2011,69.09,,,,,
1/7/2011,69.38,,,,,
1/6/2011,68.8,,,,,
1/5/2011,67.48,,,,,
1/4/2011,66.94,,,,,
1/3/2011,66.4,,,,,
12/31/2010,65.26,,,,,
12/30/2010,65.01,,,,,
12/29/2010,65.05,,,,,
12/28/2010,64.86,,,,,
12/27/2010,64.75,,,,,
12/23/2010,65.06,,,,,
12/22/2010,64.61,,,,,
12/21/2010,64.19,,,,,
12/20/2010,63.27,,,,,
12/17/2010,65.03,,,,,
12/16/2010,64.4,,,,,
12/15/2010,64.24,,,,,
12/14/2010,64.49,,,,,
12/13/2010,63.79,,,,,
12/10/2010,64.16,,,,,
12/9/2010,64.61,,,,,
12/8/2010,65.18,,,,,
12/7/2010,66.23,,,,,
12/6/2010,66.59,,,,,
12/3/2010,66.54,,,,,
12/2/2010,66.59,,,,,
12/1/2010,65.72,,,,,
11/30/2010,63.77,,,,,
11/29/2010,64.36,,,,,
11/26/2010,64.91,,,,,
11/24/2010,65.41,,,,,
11/23/2010,63.6,,,,,
11/22/2010,64.03,,,,,
11/19/2010,63.59,,,,,
11/18/2010,64.61,,,,,
11/17/2010,62.5,,,,,
11/16/2010,62.78,,,,,
11/15/2010,63.61,,,,,
11/12/2010,63.09,,,,,
11/11/2010,65.37,,,,,
11/10/2010,67.07,,,,,
11/9/2010,69.25,,,,,
11/8/2010,70.21,,,,,
11/5/2010,71.27,,,,,
11/4/2010,70.85,,,,,
11/3/2010,68.94,,,,,
11/2/2010,69.78,,,,,
11/1/2010,70.48,,,,,
10/29/2010,70.64,,,,,
10/28/2010,71.27,,,,,
10/27/2010,70.86,,,,,
10/26/2010,71.3,,,,,
10/25/2010,71.66,,,,,
10/22/2010,71.26,,,,,
10/21/2010,71.5,,,,,
10/20/2010,71.36,,,,,
10/19/2010,69.05,,,,,
10/18/2010,70.23,,,,,
10/15/2010,70.11,,,,,
10/14/2010,71.36,,,,,
10/13/2010,71.47,,,,,
10/12/2010,70.22,,,,,
10/11/2010,69.99,,,,,
10/8/2010,69.23,,,,,
10/7/2010,68.46,,,,,
10/6/2010,68.58,,,,,
10/5/2010,68.6,,,,,
10/4/2010,66.33,,,,,
10/1/2010,66.83,,,,,
9/30/2010,66.54,,,,,
9/29/2010,65.97,,,,,
9/28/2010,64.52,,,,,
9/27/2010,63.89,,,,,
9/24/2010,64.6,,,,,
9/23/2010,62.65,,,,,
9/22/2010,63.9,,,,,
9/21/2010,64.23,,,,,
9/20/2010,63.72,,,,,
9/17/2010,62.95,,,,,
9/16/2010,62.58,,,,,
9/15/2010,62.73,,,,,
9/14/2010,62.76,,,,,
9/13/2010,64.19,,,,,
9/10/2010,63.84,,,,,
9/9/2010,63.44,,,,,
9/8/2010,64.5,,,,,
9/7/2010,63.42,,,,,
9/3/2010,64.64,,,,,
9/2/2010,63.39,,,,,
9/1/2010,62.29,,,,,
8/31/2010,61.13,,,,,
8/30/2010,62.1,,,,,
8/27/2010,63.16,,,,,
8/26/2010,61.32,,,,,
8/25/2010,60.76,,,,,
8/24/2010,60.93,,,,,
8/23/2010,63.3,,,,,
8/20/2010,64.6,,,,,
8/19/2010,64.62,,,,,
8/18/2010,66,,,,,
8/17/2010,65.99,,,,,
8/16/2010,64.4,,,,,
8/13/2010,64.84,,,,,
8/12/2010,64.7,,,,,
8/11/2010,65.6,,,,,
8/10/2010,68.62,,,,,
8/9/2010,68.99,,,,,
8/6/2010,68.7,,,,,
8/5/2010,68.71,,,,,
8/4/2010,69.25,,,,,
8/3/2010,69.54,,,,,
8/2/2010,69.69,,,,,
7/30/2010,68.14,,,,,
7/29/2010,67.22,,,,,
7/28/2010,67.32,,,,,
7/27/2010,68.62,,,,,
7/26/2010,68.85,,,,,
7/23/2010,67.93,,,,,
7/22/2010,66.6,,,,,
7/21/2010,63.18,,,,,
7/20/2010,63.88,,,,,
7/19/2010,63.18,,,,,
7/16/2010,61.9,,,,,
7/15/2010,64.37,,,,,
7/14/2010,64.75,,,,,
7/13/2010,64.43,,,,,
7/12/2010,64.34,,,,,
7/9/2010,64.66,,,,,
7/8/2010,64.73,,,,,
7/7/2010,63.3,,,,,
7/6/2010,61.36,,,,,
7/2/2010,61.94,,,,,
7/1/2010,62.26,,,,,
6/30/2010,62.75,,,,,
6/29/2010,63.04,,,,,
6/28/2010,67.3,,,,,
6/25/2010,68.77,,,,,
6/24/2010,67.43,,,,,
6/23/2010,67.45,,,,,
6/22/2010,66.28,,,,,
6/21/2010,67.97,,,,,
6/18/2010,67.96,,,,,
6/17/2010,67.26,,,,,
6/16/2010,67.03,,,,,
6/15/2010,67.48,,,,,
6/14/2010,64.82,,,,,
6/11/2010,65.38,,,,,
6/10/2010,63.89,,,,,
6/9/2010,61.71,,,,,
6/8/2010,61.02,,,,,
6/7/2010,60.11,,,,,
6/4/2010,61.15,,,,,
6/3/2010,64.31,,,,,
6/2/2010,64.34,,,,,
6/1/2010,62.95,,,,,
5/28/2010,64.18,,,,,
5/27/2010,65.13,,,,,
5/26/2010,63.26,,,,,
5/25/2010,62.78,,,,,
5/24/2010,63.15,,,,,
5/21/2010,64.56,,,,,
5/20/2010,63,,,,,
5/19/2010,66.21,,,,,
5/18/2010,67.72,,,,,
5/17/2010,69.68,,,,,
5/14/2010,69.82,,,,,
5/13/2010,71.76,,,,,
5/12/2010,72.87,,,,,
5/11/2010,71.42,,,,,
5/10/2010,71,,,,,
5/7/2010,66.72,,,,,
5/6/2010,67.97,,,,,
5/5/2010,71,,,,,
5/4/2010,72.79,,,,,
5/3/2010,74.39,,,,,
4/30/2010,72.43,,,,,
4/29/2010,73.79,,,,,
4/28/2010,72.37,,,,,
4/27/2010,72.48,,,,,
4/26/2010,74.34,,,,,
4/23/2010,75.13,,,,,
4/22/2010,75.59,,,,,
4/21/2010,74.16,,,,,
4/20/2010,71.41,,,,,
4/19/2010,70.96,,,,,
4/16/2010,70.79,,,,,
4/15/2010,72.09,,,,,
4/14/2010,71.7,,,,,
4/13/2010,71.19,,,,,
4/12/2010,71.92,,,,,
4/9/2010,72.42,,,,,
4/8/2010,72.28,,,,,
4/7/2010,72.1,,,,,
4/6/2010,72.36,,,,,
4/5/2010,72.04,,,,,
4/1/2010,72.99,,,,,
3/31/2010,72.61,,,,,
3/30/2010,73.53,,,,,
3/29/2010,74.11,,,,,
3/26/2010,72.59,,,,,
3/25/2010,72.49,,,,,
3/24/2010,72.32,,,,,
3/23/2010,72.18,,,,,
3/22/2010,71.91,,,,,
3/19/2010,70.72,,,,,
3/18/2010,70.87,,,,,
3/17/2010,69.38,,,,,
3/16/2010,68.72,,,,,
3/15/2010,69.4,,,,,
3/12/2010,69.83,,,,,
3/11/2010,70.07,,,,,
3/10/2010,70.01,,,,,
3/9/2010,67.79,,,,,
3/8/2010,67.24,,,,,
3/5/2010,67.93,,,,,
3/4/2010,65.55,,,,,
3/3/2010,64.45,,,,,
3/2/2010,64.44,,,,,
3/1/2010,64,,,,,
2/26/2010,63.16,,,,,
2/25/2010,62.87,,,,,
2/24/2010,63.48,,,,,
2/23/2010,62.77,,,,,
2/22/2010,63.97,,,,,
2/19/2010,63.59,,,,,
2/18/2010,62.89,,,,,
2/17/2010,61.82,,,,,
2/16/2010,61.26,,,,,
2/12/2010,59.65,,,,,
2/11/2010,60.59,,,,,
2/10/2010,59.54,,,,,
2/9/2010,59.74,,,,,
2/8/2010,57.89,,,,,
2/5/2010,58.4,,,,,
2/4/2010,59.32,,,,,
2/3/2010,61.46,,,,,
2/2/2010,61.94,,,,,
2/1/2010,61.7,,,,,
1/29/2010,60.6,,,,,
1/28/2010,62.56,,,,,
1/27/2010,61.93,,,,,
1/26/2010,57.71,,,,,
1/25/2010,57.78,,,,,
1/22/2010,57.77,,,,,
1/21/2010,59.2,,,,,
1/20/2010,60.2,,,,,
1/19/2010,60.65,,,,,
1/15/2010,60.82,,,,,
1/14/2010,61.56,,,,,
1/13/2010,61.16,,,,,
1/12/2010,60.43,,,,,
1/11/2010,60.87,,,,,
1/8/2010,61.6,,,,,
1/7/2010,62.2,,,,,
1/6/2010,59.78,,,,,
1/5/2010,58.02,,,,,
1/4/2010,56.18,,,,,
