Date,bac,,,,,
5/20/2025,44.69,,,,,
5/19/2025,44.77,,,,,
5/16/2025,44.69,,,,,
5/15/2025,44.38,,,,,
5/14/2025,44.74,,,,,
5/13/2025,44.28,,,,,
5/12/2025,43.36,,,,,
5/9/2025,41.79,,,,,
5/8/2025,41.6,,,,,
5/7/2025,40.93,,,,,
5/6/2025,40.84,,,,,
5/5/2025,41.12,,,,,
5/2/2025,41.07,,,,,
5/1/2025,40.17,,,,,
4/30/2025,39.88,,,,,
4/29/2025,39.99,,,,,
4/28/2025,39.78,,,,,
4/25/2025,39.69,,,,,
4/24/2025,39.58,,,,,
4/23/2025,38.75,,,,,
4/22/2025,38.32,,,,,
4/21/2025,36.92,,,,,
4/17/2025,37.41,,,,,
4/16/2025,37.33,,,,,
4/15/2025,37.99,,,,,
4/14/2025,36.67,,,,,
4/11/2025,35.95,,,,,
4/10/2025,35.85,,,,,
4/9/2025,37.15,,,,,
4/8/2025,35.03,,,,,
4/7/2025,35.58,,,,,
4/4/2025,34.39,,,,,
4/3/2025,37.22,,,,,
4/2/2025,41.85,,,,,
4/1/2025,41.49,,,,,
3/31/2025,41.73,,,,,
3/28/2025,41.25,,,,,
3/27/2025,42.56,,,,,
3/26/2025,42.82,,,,,
3/25/2025,43.28,,,,,
3/24/2025,43.07,,,,,
3/21/2025,42.47,,,,,
3/20/2025,42.48,,,,,
3/19/2025,42.21,,,,,
3/18/2025,41.65,,,,,
3/17/2025,41.44,,,,,
3/14/2025,40.89,,,,,
3/13/2025,39.67,,,,,
3/12/2025,39.91,,,,,
3/11/2025,39.61,,,,,
3/10/2025,39.83,,,,,
3/7/2025,41.4,,,,,
3/6/2025,41.46,,,,,
3/5/2025,42.29,,,,,
3/4/2025,42.67,,,,,
3/3/2025,45.56,,,,,
2/28/2025,46.1,,,,,
2/27/2025,44.12,,,,,
2/26/2025,43.94,,,,,
2/25/2025,43.94,,,,,
2/24/2025,44.46,,,,,
2/21/2025,44.81,,,,,
2/20/2025,45.3,,,,,
2/19/2025,46.01,,,,,
2/18/2025,46.53,,,,,
2/14/2025,46.96,,,,,
2/13/2025,46.33,,,,,
2/12/2025,46.21,,,,,
2/11/2025,46.79,,,,,
2/10/2025,46.67,,,,,
2/7/2025,47.4,,,,,
2/6/2025,47.74,,,,,
2/5/2025,47.11,,,,,
2/4/2025,46.71,,,,,
2/3/2025,46.21,,,,,
1/31/2025,46.3,,,,,
1/30/2025,46.72,,,,,
1/29/2025,46.75,,,,,
1/28/2025,46.84,,,,,
1/27/2025,47.09,,,,,
1/24/2025,46.52,,,,,
1/23/2025,46.39,,,,,
1/22/2025,45.79,,,,,
1/21/2025,46.66,,,,,
1/17/2025,46.53,,,,,
1/16/2025,46.64,,,,,
1/15/2025,47.1,,,,,
1/14/2025,45.78,,,,,
1/13/2025,45.06,,,,,
1/10/2025,45.11,,,,,
1/8/2025,46.21,,,,,
1/7/2025,46.08,,,,,
1/6/2025,45.4,,,,,
1/3/2025,44.81,,,,,
1/2/2025,44.29,,,,,
12/31/2024,43.95,,,,,
12/30/2024,43.91,,,,,
12/27/2024,44.34,,,,,
12/26/2024,44.55,,,,,
12/24/2024,44.38,,,,,
12/23/2024,43.89,,,,,
12/20/2024,44.17,,,,,
12/19/2024,43.38,,,,,
12/18/2024,43.5,,,,,
12/17/2024,45.05,,,,,
12/16/2024,45.47,,,,,
12/13/2024,45.67,,,,,
12/12/2024,46.08,,,,,
12/11/2024,46.08,,,,,
12/10/2024,45.75,,,,,
12/9/2024,45.91,,,,,
12/6/2024,46.75,,,,,
12/5/2024,47,,,,,
12/4/2024,46.37,,,,,
12/3/2024,46.82,,,,,
12/2/2024,47.04,,,,,
11/29/2024,47.51,,,,,
11/27/2024,47.77,,,,,
11/26/2024,47.75,,,,,
11/25/2024,47.5,,,,,
11/22/2024,47,,,,,
11/21/2024,46.46,,,,,
11/20/2024,46.06,,,,,
11/19/2024,46.41,,,,,
11/18/2024,46.72,,,,,
11/15/2024,46.75,,,,,
11/14/2024,45.9,,,,,
11/13/2024,45.87,,,,,
11/12/2024,45.86,,,,,
11/11/2024,46.08,,,,,
11/8/2024,45.13,,,,,
11/7/2024,44.77,,,,,
11/6/2024,45.41,,,,,
11/5/2024,41.88,,,,,
11/4/2024,41.33,,,,,
11/1/2024,41.76,,,,,
10/31/2024,41.82,,,,,
10/30/2024,42.31,,,,,
10/29/2024,42.53,,,,,
10/28/2024,42.62,,,,,
10/25/2024,41.89,,,,,
10/24/2024,42.65,,,,,
10/23/2024,42.34,,,,,
10/22/2024,42.3,,,,,
10/21/2024,41.76,,,,,
10/18/2024,42.32,,,,,
10/17/2024,42.6,,,,,
10/16/2024,42.8,,,,,
10/15/2024,42.14,,,,,
10/14/2024,41.91,,,,,
10/11/2024,41.95,,,,,
10/10/2024,39.97,,,,,
10/9/2024,40.19,,,,,
10/8/2024,39.93,,,,,
10/7/2024,39.96,,,,,
10/4/2024,40.11,,,,,
10/3/2024,39.25,,,,,
10/2/2024,39.23,,,,,
10/1/2024,39.22,,,,,
9/30/2024,39.68,,,,,
9/27/2024,39.4,,,,,
9/26/2024,39.52,,,,,
9/25/2024,39.25,,,,,
9/24/2024,39.45,,,,,
9/23/2024,39.87,,,,,
9/20/2024,40.27,,,,,
9/19/2024,40.87,,,,,
9/18/2024,39.62,,,,,
9/17/2024,39.55,,,,,
9/16/2024,39.1,,,,,
9/13/2024,38.65,,,,,
9/12/2024,38.78,,,,,
9/11/2024,39,,,,,
9/10/2024,39.28,,,,,
9/9/2024,39.47,,,,,
9/6/2024,38.76,,,,,
9/5/2024,40.14,,,,,
9/4/2024,40.5,,,,,
9/3/2024,40.7,,,,,
8/30/2024,40.75,,,,,
8/29/2024,40.17,,,,,
8/28/2024,39.95,,,,,
8/27/2024,39.67,,,,,
8/26/2024,39.92,,,,,
8/23/2024,39.77,,,,,
8/22/2024,39.24,,,,,
8/21/2024,38.75,,,,,
8/20/2024,38.69,,,,,
8/19/2024,39.67,,,,,
8/16/2024,39.34,,,,,
8/15/2024,39.03,,,,,
8/14/2024,38.81,,,,,
8/13/2024,38.46,,,,,
8/12/2024,38.17,,,,,
8/9/2024,38.28,,,,,
8/8/2024,38.21,,,,,
8/7/2024,37.3,,,,,
8/6/2024,36.92,,,,,
8/5/2024,36.65,,,,,
8/2/2024,37.58,,,,,
8/1/2024,39.5,,,,,
7/31/2024,40.31,,,,,
7/30/2024,41.28,,,,,
7/29/2024,41.09,,,,,
7/26/2024,41.67,,,,,
7/25/2024,41.68,,,,,
7/24/2024,42.19,,,,,
7/23/2024,42.41,,,,,
7/22/2024,42.3,,,,,
7/19/2024,42.9,,,,,
7/18/2024,43.01,,,,,
7/17/2024,43.98,,,,,
7/16/2024,44.13,,,,,
7/15/2024,41.89,,,,,
7/12/2024,41.59,,,,,
7/11/2024,41.81,,,,,
7/10/2024,41.74,,,,,
7/9/2024,41.42,,,,,
7/8/2024,40.62,,,,,
7/5/2024,40.41,,,,,
7/3/2024,40.9,,,,,
7/2/2024,40.93,,,,,
7/1/2024,40.01,,,,,
6/28/2024,39.77,,,,,
6/27/2024,39.25,,,,,
6/26/2024,39,,,,,
6/25/2024,39.38,,,,,
6/24/2024,40.02,,,,,
6/21/2024,39.49,,,,,
6/20/2024,39.99,,,,,
6/18/2024,39.99,,,,,
6/17/2024,39.51,,,,,
6/14/2024,39.24,,,,,
6/13/2024,39.26,,,,,
6/12/2024,39.41,,,,,
6/11/2024,38.86,,,,,
6/10/2024,39.67,,,,,
6/7/2024,39.78,,,,,
6/6/2024,39.7,,,,,
6/5/2024,39.96,,,,,
6/4/2024,39.68,,,,,
6/3/2024,39.88,,,,,
5/31/2024,39.99,,,,,
5/30/2024,38.63,,,,,
5/29/2024,38.72,,,,,
5/28/2024,39.32,,,,,
5/24/2024,39.7,,,,,
5/23/2024,39.17,,,,,
5/22/2024,39.76,,,,,
5/21/2024,39.65,,,,,
5/20/2024,38.82,,,,,
5/17/2024,39.29,,,,,
5/16/2024,39.22,,,,,
5/15/2024,38.91,,,,,
5/14/2024,38.49,,,,,
5/13/2024,38.21,,,,,
5/10/2024,38.45,,,,,
5/9/2024,38.28,,,,,
5/8/2024,37.71,,,,,
5/7/2024,37.84,,,,,
5/6/2024,37.69,,,,,
5/3/2024,37.25,,,,,
5/2/2024,36.88,,,,,
5/1/2024,36.95,,,,,
4/30/2024,37.01,,,,,
4/29/2024,37.55,,,,,
4/26/2024,37.83,,,,,
4/25/2024,37.91,,,,,
4/24/2024,38.32,,,,,
4/23/2024,38.37,,,,,
4/22/2024,37.73,,,,,
4/19/2024,36.97,,,,,
4/18/2024,35.77,,,,,
4/17/2024,35.23,,,,,
4/16/2024,34.68,,,,,
4/15/2024,35.95,,,,,
4/12/2024,35.79,,,,,
4/11/2024,36.35,,,,,
4/10/2024,36.65,,,,,
4/9/2024,37.73,,,,,
4/8/2024,37.5,,,,,
4/5/2024,37.11,,,,,
4/4/2024,36.92,,,,,
4/3/2024,37.44,,,,,
4/2/2024,37.3,,,,,
4/1/2024,37.52,,,,,
3/28/2024,37.92,,,,,
3/27/2024,37.81,,,,,
3/26/2024,37.09,,,,,
3/25/2024,36.86,,,,,
3/22/2024,37.05,,,,,
3/21/2024,37.51,,,,,
3/20/2024,36.75,,,,,
3/19/2024,36.03,,,,,
3/18/2024,36.01,,,,,
3/15/2024,35.41,,,,,
3/14/2024,35.69,,,,,
3/13/2024,36.08,,,,,
3/12/2024,35.96,,,,,
3/11/2024,35.89,,,,,
3/8/2024,35.6,,,,,
3/7/2024,35.63,,,,,
3/6/2024,35.42,,,,,
3/5/2024,35.39,,,,,
3/4/2024,35.15,,,,,
3/1/2024,34.35,,,,,
2/29/2024,34.52,,,,,
2/28/2024,34.31,,,,,
2/27/2024,34.28,,,,,
2/26/2024,33.61,,,,,
2/23/2024,33.92,,,,,
2/22/2024,33.61,,,,,
2/21/2024,33.7,,,,,
2/20/2024,33.96,,,,,
2/16/2024,34.09,,,,,
2/15/2024,34.07,,,,,
2/14/2024,33.13,,,,,
2/13/2024,32.75,,,,,
2/12/2024,33.62,,,,,
2/9/2024,33.07,,,,,
2/8/2024,33.12,,,,,
2/7/2024,33.18,,,,,
2/6/2024,33.04,,,,,
2/5/2024,32.99,,,,,
2/2/2024,33.47,,,,,
2/1/2024,33.55,,,,,
1/31/2024,34.01,,,,,
1/30/2024,34.79,,,,,
1/29/2024,33.61,,,,,
1/26/2024,33.43,,,,,
1/25/2024,33.39,,,,,
1/24/2024,32.98,,,,,
1/23/2024,32.77,,,,,
1/22/2024,32.55,,,,,
1/19/2024,32.22,,,,,
1/18/2024,31.73,,,,,
1/17/2024,31.8,,,,,
1/16/2024,32.12,,,,,
1/12/2024,32.8,,,,,
1/11/2024,33.15,,,,,
1/10/2024,33.6,,,,,
1/9/2024,33.63,,,,,
1/8/2024,34.16,,,,,
1/5/2024,34.43,,,,,
1/4/2024,33.8,,,,,
1/3/2024,33.53,,,,,
1/2/2024,33.9,,,,,
12/29/2023,33.67,,,,,
12/28/2023,33.88,,,,,
12/27/2023,33.84,,,,,
12/26/2023,33.86,,,,,
12/22/2023,33.43,,,,,
12/21/2023,33.2,,,,,
12/20/2023,32.98,,,,,
12/19/2023,33.51,,,,,
12/18/2023,33.43,,,,,
12/15/2023,33.6,,,,,
12/14/2023,33.94,,,,,
12/13/2023,32.04,,,,,
12/12/2023,30.74,,,,,
12/11/2023,30.85,,,,,
12/8/2023,30.96,,,,,
12/7/2023,30.66,,,,,
12/6/2023,30.53,,,,,
12/5/2023,30.58,,,,,
12/4/2023,30.82,,,,,
12/1/2023,30.96,,,,,
11/30/2023,30.49,,,,,
11/29/2023,30.31,,,,,
11/28/2023,29.53,,,,,
11/27/2023,29.56,,,,,
11/24/2023,29.73,,,,,
11/22/2023,29.63,,,,,
11/21/2023,29.66,,,,,
11/20/2023,30.01,,,,,
11/17/2023,29.98,,,,,
11/16/2023,29.54,,,,,
11/15/2023,29.62,,,,,
11/14/2023,29.22,,,,,
11/13/2023,27.7,,,,,
11/10/2023,27.68,,,,,
11/9/2023,27.53,,,,,
11/8/2023,27.89,,,,,
11/7/2023,28.16,,,,,
11/6/2023,28.33,,,,,
11/3/2023,28.42,,,,,
11/2/2023,27.62,,,,,
11/1/2023,26.4,,,,,
10/31/2023,26.34,,,,,
10/30/2023,25.69,,,,,
10/27/2023,25.17,,,,,
10/26/2023,26.12,,,,,
10/25/2023,25.55,,,,,
10/24/2023,25.47,,,,,
10/23/2023,25.57,,,,,
10/20/2023,26.31,,,,,
10/19/2023,26.96,,,,,
10/18/2023,27.31,,,,,
10/17/2023,27.62,,,,,
10/16/2023,26.99,,,,,
10/13/2023,26.76,,,,,
10/12/2023,26.9,,,,,
10/11/2023,27.02,,,,,
10/10/2023,27.01,,,,,
10/9/2023,26.31,,,,,
10/6/2023,26.07,,,,,
10/5/2023,26.06,,,,,
10/4/2023,25.94,,,,,
10/3/2023,25.91,,,,,
10/2/2023,26.7,,,,,
9/29/2023,27.38,,,,,
9/28/2023,27.56,,,,,
9/27/2023,27.27,,,,,
9/26/2023,27.17,,,,,
9/25/2023,27.6,,,,,
9/22/2023,27.64,,,,,
9/21/2023,28.05,,,,,
9/20/2023,28.55,,,,,
9/19/2023,28.65,,,,,
9/18/2023,28.76,,,,,
9/15/2023,28.84,,,,,
9/14/2023,29.2,,,,,
9/13/2023,28.88,,,,,
9/12/2023,28.97,,,,,
9/11/2023,28.48,,,,,
9/8/2023,28.36,,,,,
9/7/2023,28.13,,,,,
9/6/2023,28.39,,,,,
9/5/2023,28.65,,,,,
9/1/2023,28.98,,,,,
8/31/2023,28.67,,,,,
8/30/2023,29.04,,,,,
8/29/2023,29.17,,,,,
8/28/2023,28.76,,,,,
8/25/2023,28.5,,,,,
8/24/2023,28.62,,,,,
8/23/2023,28.45,,,,,
8/22/2023,28.44,,,,,
8/21/2023,29.15,,,,,
8/18/2023,29.11,,,,,
8/17/2023,29.28,,,,,
8/16/2023,29.29,,,,,
8/15/2023,29.94,,,,,
8/14/2023,30.93,,,,,
8/11/2023,31.29,,,,,
8/10/2023,30.94,,,,,
8/9/2023,30.86,,,,,
8/8/2023,31.27,,,,,
8/7/2023,31.88,,,,,
8/4/2023,31.3,,,,,
8/3/2023,31.41,,,,,
8/2/2023,31.19,,,,,
8/1/2023,31.62,,,,,
7/31/2023,32,,,,,
7/28/2023,31.9,,,,,
7/27/2023,31.95,,,,,
7/26/2023,32.41,,,,,
7/25/2023,32.15,,,,,
7/24/2023,32.65,,,,,
7/21/2023,31.98,,,,,
7/20/2023,31.69,,,,,
7/19/2023,31.53,,,,,
7/18/2023,30.7,,,,,
7/17/2023,29.4,,,,,
7/14/2023,29.11,,,,,
7/13/2023,29.67,,,,,
7/12/2023,29.36,,,,,
7/11/2023,29.02,,,,,
7/10/2023,28.66,,,,,
7/7/2023,28.53,,,,,
7/6/2023,28.28,,,,,
7/5/2023,29.08,,,,,
7/3/2023,29.2,,,,,
6/30/2023,28.69,,,,,
6/29/2023,28.66,,,,,
6/28/2023,28.07,,,,,
6/27/2023,28.24,,,,,
6/26/2023,28.09,,,,,
6/23/2023,27.75,,,,,
6/22/2023,27.96,,,,,
6/21/2023,28.57,,,,,
6/20/2023,28.87,,,,,
6/16/2023,29.19,,,,,
6/15/2023,29.37,,,,,
6/14/2023,29.12,,,,,
6/13/2023,29.4,,,,,
6/12/2023,29.13,,,,,
6/9/2023,29.27,,,,,
6/8/2023,29.23,,,,,
6/7/2023,29.48,,,,,
6/6/2023,29.23,,,,,
6/5/2023,28.54,,,,,
6/2/2023,28.71,,,,,
6/1/2023,27.78,,,,,
5/31/2023,27.79,,,,,
5/30/2023,28.26,,,,,
5/26/2023,28.31,,,,,
5/25/2023,28.17,,,,,
5/24/2023,28.1,,,,,
5/23/2023,28.58,,,,,
5/22/2023,28.34,,,,,
5/19/2023,28.11,,,,,
5/18/2023,28.47,,,,,
5/17/2023,28.57,,,,,
5/16/2023,27.36,,,,,
5/15/2023,27.65,,,,,
5/12/2023,27.09,,,,,
5/11/2023,27.39,,,,,
5/10/2023,27.32,,,,,
5/9/2023,27.66,,,,,
5/8/2023,27.69,,,,,
5/5/2023,27.71,,,,,
5/4/2023,26.99,,,,,
5/3/2023,27.86,,,,,
5/2/2023,28.16,,,,,
5/1/2023,29.04,,,,,
4/28/2023,29.28,,,,,
4/27/2023,28.89,,,,,
4/26/2023,28.44,,,,,
4/25/2023,28.84,,,,,
4/24/2023,29.76,,,,,
4/21/2023,29.87,,,,,
4/20/2023,29.9,,,,,
4/19/2023,30.06,,,,,
4/18/2023,30.56,,,,,
4/17/2023,30.37,,,,,
4/14/2023,29.52,,,,,
4/13/2023,28.56,,,,,
4/12/2023,28.48,,,,,
4/11/2023,28.71,,,,,
4/10/2023,27.94,,,,,
4/6/2023,27.84,,,,,
4/5/2023,27.64,,,,,
4/4/2023,27.98,,,,,
4/3/2023,28.59,,,,,
3/31/2023,28.6,,,,,
3/30/2023,28.3,,,,,
3/29/2023,28.67,,,,,
3/28/2023,28.12,,,,,
3/27/2023,28.49,,,,,
3/24/2023,27.14,,,,,
3/23/2023,26.97,,,,,
3/22/2023,27.64,,,,,
3/21/2023,28.59,,,,,
3/20/2023,27.75,,,,,
3/17/2023,27.82,,,,,
3/16/2023,28.97,,,,,
3/15/2023,28.49,,,,,
3/14/2023,28.76,,,,,
3/13/2023,28.51,,,,,
3/10/2023,30.27,,,,,
3/9/2023,30.54,,,,,
3/8/2023,32.56,,,,,
3/7/2023,33,,,,,
3/6/2023,34.09,,,,,
3/3/2023,34.16,,,,,
3/2/2023,33.49,,,,,
3/1/2023,34.14,,,,,
2/28/2023,34.3,,,,,
2/27/2023,34.21,,,,,
2/24/2023,34.21,,,,,
2/23/2023,34.26,,,,,
2/22/2023,34.29,,,,,
2/21/2023,34.52,,,,,
2/17/2023,35.35,,,,,
2/16/2023,35.28,,,,,
2/15/2023,35.56,,,,,
2/14/2023,35.62,,,,,
2/13/2023,35.65,,,,,
2/10/2023,35.58,,,,,
2/9/2023,35.72,,,,,
2/8/2023,36.5,,,,,
2/7/2023,36.77,,,,,
2/6/2023,36.37,,,,,
2/3/2023,36.43,,,,,
2/2/2023,36.13,,,,,
2/1/2023,35.92,,,,,
1/31/2023,35.48,,,,,
1/30/2023,35.3,,,,,
1/27/2023,35.45,,,,,
1/26/2023,35.34,,,,,
1/25/2023,34.87,,,,,
1/24/2023,34.57,,,,,
1/23/2023,34.32,,,,,
1/20/2023,33.85,,,,,
1/19/2023,33.23,,,,,
1/18/2023,33.72,,,,,
1/17/2023,34.52,,,,,
1/13/2023,35.23,,,,,
1/12/2023,34.47,,,,,
1/11/2023,34.38,,,,,
1/10/2023,34.12,,,,,
1/9/2023,33.89,,,,,
1/6/2023,34.41,,,,,
1/5/2023,34.07,,,,,
1/4/2023,34.14,,,,,
1/3/2023,33.51,,,,,
12/30/2022,33.12,,,,,
12/29/2022,33.14,,,,,
12/28/2022,32.77,,,,,
12/27/2022,32.53,,,,,
12/23/2022,32.47,,,,,
12/22/2022,32.39,,,,,
12/21/2022,32.68,,,,,
12/20/2022,32.19,,,,,
12/19/2022,32.06,,,,,
12/16/2022,31.7,,,,,
12/15/2022,31.77,,,,,
12/14/2022,32.28,,,,,
12/13/2022,32.75,,,,,
12/12/2022,32.73,,,,,
12/9/2022,32.38,,,,,
12/8/2022,32.44,,,,,
12/7/2022,32.74,,,,,
12/6/2022,33,,,,,
12/5/2022,34.47,,,,,
12/2/2022,36.08,,,,,
12/1/2022,36.55,,,,,
11/30/2022,37.85,,,,,
11/29/2022,37,,,,,
11/28/2022,36.86,,,,,
11/25/2022,37.7,,,,,
11/23/2022,37.61,,,,,
11/22/2022,37.49,,,,,
11/21/2022,37.31,,,,,
11/18/2022,37.19,,,,,
11/17/2022,37.17,,,,,
11/16/2022,37.36,,,,,
11/15/2022,37.7,,,,,
11/14/2022,37.76,,,,,
11/11/2022,38.41,,,,,
11/10/2022,38.13,,,,,
11/9/2022,36.52,,,,,
11/8/2022,37.11,,,,,
11/7/2022,37.01,,,,,
11/4/2022,36.79,,,,,
11/3/2022,35.89,,,,,
11/2/2022,36.09,,,,,
11/1/2022,36.2,,,,,
10/31/2022,36.04,,,,,
10/28/2022,36.18,,,,,
10/27/2022,35.87,,,,,
10/26/2022,35.7,,,,,
10/25/2022,35.39,,,,,
10/24/2022,35.07,,,,,
10/21/2022,34.95,,,,,
10/20/2022,33.7,,,,,
10/19/2022,33.92,,,,,
10/18/2022,34.88,,,,,
10/17/2022,33.62,,,,,
10/14/2022,31.7,,,,,
10/13/2022,31.69,,,,,
10/12/2022,29.86,,,,,
10/11/2022,29.77,,,,,
10/10/2022,30.66,,,,,
10/7/2022,30.75,,,,,
10/6/2022,31.46,,,,,
10/5/2022,31.92,,,,,
10/4/2022,32.38,,,,,
10/3/2022,31.09,,,,,
9/30/2022,30.2,,,,,
9/29/2022,30.66,,,,,
9/28/2022,31.07,,,,,
9/27/2022,30.57,,,,,
9/26/2022,31.03,,,,,
9/23/2022,31.73,,,,,
9/22/2022,32.5,,,,,
9/21/2022,33.15,,,,,
9/20/2022,34.17,,,,,
9/19/2022,34.69,,,,,
9/16/2022,34.12,,,,,
9/15/2022,34.51,,,,,
9/14/2022,33.87,,,,,
9/13/2022,34,,,,,
9/12/2022,35.27,,,,,
9/9/2022,34.94,,,,,
9/8/2022,34.65,,,,,
9/7/2022,33.57,,,,,
9/6/2022,33.06,,,,,
9/2/2022,33.43,,,,,
9/1/2022,33.47,,,,,
8/31/2022,33.61,,,,,
8/30/2022,34.09,,,,,
8/29/2022,33.9,,,,,
8/26/2022,34.03,,,,,
8/25/2022,35.14,,,,,
8/24/2022,34.52,,,,,
8/23/2022,34.41,,,,,
8/22/2022,34.72,,,,,
8/19/2022,35.48,,,,,
8/18/2022,36.28,,,,,
8/17/2022,36.41,,,,,
8/16/2022,36.64,,,,,
8/15/2022,36.25,,,,,
8/12/2022,36.3,,,,,
8/11/2022,35.91,,,,,
8/10/2022,35.07,,,,,
8/9/2022,33.92,,,,,
8/8/2022,33.49,,,,,
8/5/2022,33.96,,,,,
8/4/2022,33.4,,,,,
8/3/2022,33.64,,,,,
8/2/2022,33.04,,,,,
8/1/2022,33.71,,,,,
7/29/2022,33.81,,,,,
7/28/2022,33.32,,,,,
7/27/2022,33.59,,,,,
7/26/2022,33.05,,,,,
7/25/2022,33.73,,,,,
7/22/2022,33.43,,,,,
7/21/2022,33.65,,,,,
7/20/2022,33.36,,,,,
7/19/2022,33.35,,,,,
7/18/2022,32.26,,,,,
7/15/2022,32.25,,,,,
7/14/2022,30.13,,,,,
7/13/2022,30.84,,,,,
7/12/2022,31.36,,,,,
7/11/2022,31.46,,,,,
7/8/2022,31.79,,,,,
7/7/2022,31.86,,,,,
7/6/2022,30.98,,,,,
7/5/2022,31.24,,,,,
7/1/2022,31.56,,,,,
6/30/2022,31.13,,,,,
6/29/2022,31.86,,,,,
6/28/2022,32.26,,,,,
6/27/2022,32.35,,,,,
6/24/2022,32.31,,,,,
6/23/2022,32.08,,,,,
6/22/2022,32.6,,,,,
6/21/2022,32.85,,,,,
6/17/2022,31.92,,,,,
6/16/2022,31.85,,,,,
6/15/2022,32.05,,,,,
6/14/2022,31.46,,,,,
6/13/2022,32.02,,,,,
6/10/2022,33.17,,,,,
6/9/2022,34.51,,,,,
6/8/2022,35.89,,,,,
6/7/2022,36.35,,,,,
6/6/2022,36.15,,,,,
6/3/2022,36.19,,,,,
6/2/2022,36.7,,,,,
6/1/2022,36.67,,,,,
5/31/2022,37.2,,,,,
5/27/2022,37.02,,,,,
5/26/2022,36.67,,,,,
5/25/2022,35.84,,,,,
5/24/2022,35.65,,,,,
5/23/2022,35.87,,,,,
5/20/2022,33.86,,,,,
5/19/2022,34.45,,,,,
5/18/2022,34.88,,,,,
5/17/2022,35.99,,,,,
5/16/2022,34.81,,,,,
5/13/2022,35.17,,,,,
5/12/2022,35.07,,,,,
5/11/2022,35.57,,,,,
5/10/2022,35.76,,,,,
5/9/2022,36.37,,,,,
5/6/2022,37.45,,,,,
5/5/2022,37.54,,,,,
5/4/2022,38.62,,,,,
5/3/2022,37.13,,,,,
5/2/2022,36.14,,,,,
4/29/2022,35.68,,,,,
4/28/2022,36.81,,,,,
4/27/2022,36.25,,,,,
4/26/2022,36.45,,,,,
4/25/2022,37.29,,,,,
4/22/2022,37.56,,,,,
4/21/2022,38.91,,,,,
4/20/2022,39.66,,,,,
4/19/2022,39.57,,,,,
4/18/2022,38.85,,,,,
4/14/2022,37.57,,,,,
4/13/2022,38.82,,,,,
4/12/2022,39.17,,,,,
4/11/2022,39.59,,,,,
4/8/2022,39.67,,,,,
4/7/2022,39.39,,,,,
4/6/2022,39.7,,,,,
4/5/2022,40.14,,,,,
4/4/2022,40.83,,,,,
4/1/2022,40.9,,,,,
3/31/2022,41.22,,,,,
3/30/2022,43,,,,,
3/29/2022,43.44,,,,,
3/28/2022,43.55,,,,,
3/25/2022,43.73,,,,,
3/24/2022,43.07,,,,,
3/23/2022,43.09,,,,,
3/22/2022,44.18,,,,,
3/21/2022,42.84,,,,,
3/18/2022,42.9,,,,,
3/17/2022,43.03,,,,,
3/16/2022,42.8,,,,,
3/15/2022,41.5,,,,,
3/14/2022,41.2,,,,,
3/11/2022,40.33,,,,,
3/10/2022,40.67,,,,,
3/9/2022,41.04,,,,,
3/8/2022,38.59,,,,,
3/7/2022,38.34,,,,,
3/4/2022,40.95,,,,,
3/3/2022,42.49,,,,,
3/2/2022,43.16,,,,,
3/1/2022,42.47,,,,,
2/28/2022,44.2,,,,,
2/25/2022,45.02,,,,,
2/24/2022,43.6,,,,,
2/23/2022,44.78,,,,,
2/22/2022,45.56,,,,,
2/18/2022,45.96,,,,,
2/17/2022,46.07,,,,,
2/16/2022,47.68,,,,,
2/15/2022,47.79,,,,,
2/14/2022,47.42,,,,,
2/11/2022,47.92,,,,,
2/10/2022,49.05,,,,,
2/9/2022,49.28,,,,,
2/8/2022,49.38,,,,,
2/7/2022,48.51,,,,,
2/4/2022,48.28,,,,,
2/3/2022,46.43,,,,,
2/2/2022,46.89,,,,,
2/1/2022,46.94,,,,,
1/31/2022,46.14,,,,,
1/28/2022,45.87,,,,,
1/27/2022,45.47,,,,,
1/26/2022,45.9,,,,,
1/25/2022,45.43,,,,,
1/24/2022,44.55,,,,,
1/21/2022,44.92,,,,,
1/20/2022,45.75,,,,,
1/19/2022,46.44,,,,,
1/18/2022,46.26,,,,,
1/14/2022,47.91,,,,,
1/13/2022,48.76,,,,,
1/12/2022,48.86,,,,,
1/11/2022,49.21,,,,,
1/10/2022,48.93,,,,,
1/7/2022,49.18,,,,,
1/6/2022,48.13,,,,,
1/5/2022,47.18,,,,,
1/4/2022,47.99,,,,,
1/3/2022,46.18,,,,,
12/31/2021,44.49,,,,,
12/30/2021,44.53,,,,,
12/29/2021,44.63,,,,,
12/28/2021,44.7,,,,,
12/27/2021,44.64,,,,,
12/23/2021,44.42,,,,,
12/22/2021,44.28,,,,,
12/21/2021,44.19,,,,,
12/20/2021,43.16,,,,,
12/17/2021,43.88,,,,,
12/16/2021,45,,,,,
12/15/2021,43.94,,,,,
12/14/2021,44.13,,,,,
12/13/2021,43.58,,,,,
12/10/2021,44.52,,,,,
12/9/2021,44.49,,,,,
12/8/2021,44.16,,,,,
12/7/2021,44.71,,,,,
12/6/2021,44.15,,,,,
12/3/2021,43.87,,,,,
12/2/2021,44.89,,,,,
12/1/2021,43.84,,,,,
11/30/2021,44.47,,,,,
11/29/2021,45.59,,,,,
11/26/2021,45.76,,,,,
11/24/2021,47.63,,,,,
11/23/2021,47.5,,,,,
11/22/2021,46.28,,,,,
11/19/2021,45.4,,,,,
11/18/2021,46.32,,,,,
11/17/2021,46.51,,,,,
11/16/2021,47.08,,,,,
11/15/2021,47.05,,,,,
11/12/2021,46.91,,,,,
11/11/2021,47.49,,,,,
11/10/2021,47.23,,,,,
11/9/2021,46.88,,,,,
11/8/2021,47.34,,,,,
11/5/2021,46.97,,,,,
11/4/2021,47.33,,,,,
11/3/2021,48.37,,,,,
11/2/2021,47.88,,,,,
11/1/2021,47.85,,,,,
10/29/2021,47.78,,,,,
10/28/2021,47.78,,,,,
10/27/2021,47.04,,,,,
10/26/2021,47.96,,,,,
10/25/2021,47.51,,,,,
10/22/2021,47.57,,,,,
10/21/2021,46.83,,,,,
10/20/2021,47.09,,,,,
10/19/2021,46.48,,,,,
10/18/2021,46.28,,,,,
10/15/2021,46.37,,,,,
10/14/2021,45.07,,,,,
10/13/2021,43.14,,,,,
10/12/2021,43.54,,,,,
10/11/2021,43.78,,,,,
10/8/2021,44.34,,,,,
10/7/2021,44.12,,,,,
10/6/2021,44.24,,,,,
10/5/2021,44.22,,,,,
10/4/2021,43.34,,,,,
10/1/2021,43.08,,,,,
9/30/2021,42.45,,,,,
9/29/2021,43.07,,,,,
9/28/2021,43.16,,,,,
9/27/2021,43.26,,,,,
9/24/2021,42.14,,,,,
9/23/2021,41.69,,,,,
9/22/2021,40.14,,,,,
9/21/2021,39.13,,,,,
9/20/2021,39.11,,,,,
9/17/2021,40.5,,,,,
9/16/2021,40.45,,,,,
9/15/2021,40.14,,,,,
9/14/2021,39.84,,,,,
9/13/2021,40.94,,,,,
9/10/2021,40.27,,,,,
9/9/2021,40.93,,,,,
9/8/2021,40.78,,,,,
9/7/2021,41.32,,,,,
9/3/2021,41.05,,,,,
9/2/2021,41.02,,,,,
9/1/2021,41.19,,,,,
8/31/2021,41.75,,,,,
8/30/2021,41.66,,,,,
8/27/2021,42.49,,,,,
8/26/2021,42.04,,,,,
8/25/2021,42.15,,,,,
8/24/2021,41.48,,,,,
8/23/2021,40.91,,,,,
8/20/2021,40.37,,,,,
8/19/2021,40.19,,,,,
8/18/2021,40.79,,,,,
8/17/2021,41.09,,,,,
8/16/2021,41.29,,,,,
8/13/2021,41.63,,,,,
8/12/2021,42.15,,,,,
8/11/2021,41.95,,,,,
8/10/2021,41.43,,,,,
8/9/2021,40.67,,,,,
8/6/2021,40.15,,,,,
8/5/2021,39.02,,,,,
8/4/2021,38.27,,,,,
8/3/2021,38.55,,,,,
8/2/2021,37.96,,,,,
7/30/2021,38.36,,,,,
7/29/2021,38.68,,,,,
7/28/2021,38.13,,,,,
7/27/2021,37.98,,,,,
7/26/2021,38.13,,,,,
7/23/2021,37.7,,,,,
7/22/2021,37.96,,,,,
7/21/2021,38.46,,,,,
7/20/2021,37.69,,,,,
7/19/2021,36.93,,,,,
7/16/2021,37.92,,,,,
7/15/2021,38.83,,,,,
7/14/2021,38.86,,,,,
7/13/2021,39.86,,,,,
7/12/2021,40.63,,,,,
7/9/2021,40.04,,,,,
7/8/2021,38.78,,,,,
7/7/2021,39.75,,,,,
7/6/2021,40.07,,,,,
7/2/2021,41.15,,,,,
7/1/2021,41.54,,,,,
6/30/2021,41.23,,,,,
6/29/2021,40.89,,,,,
6/28/2021,41.56,,,,,
6/25/2021,41.62,,,,,
6/24/2021,40.83,,,,,
6/23/2021,40.2,,,,,
6/22/2021,39.97,,,,,
6/21/2021,39.75,,,,,
6/18/2021,38.78,,,,,
6/17/2021,39.8,,,,,
6/16/2021,41.62,,,,,
6/15/2021,41.39,,,,,
6/14/2021,41.36,,,,,
6/11/2021,41.86,,,,,
6/10/2021,41.69,,,,,
6/9/2021,42.32,,,,,
6/8/2021,42.88,,,,,
6/7/2021,43.12,,,,,
6/4/2021,43.27,,,,,
6/3/2021,43.25,,,,,
6/2/2021,42.94,,,,,
6/1/2021,42.92,,,,,
5/28/2021,42.39,,,,,
5/27/2021,42.55,,,,,
5/26/2021,42.04,,,,,
5/25/2021,42.01,,,,,
5/24/2021,42.63,,,,,
5/21/2021,42.4,,,,,
5/20/2021,41.87,,,,,
5/19/2021,41.97,,,,,
5/18/2021,42.16,,,,,
5/17/2021,42.74,,,,,
5/14/2021,42.36,,,,,
5/13/2021,41.84,,,,,
5/12/2021,41.18,,,,,
5/11/2021,41.57,,,,,
5/10/2021,42.05,,,,,
5/7/2021,42.18,,,,,
5/6/2021,42.01,,,,,
5/5/2021,41.39,,,,,
5/4/2021,41,,,,,
5/3/2021,40.56,,,,,
4/30/2021,40.53,,,,,
4/29/2021,41.11,,,,,
4/28/2021,40.03,,,,,
4/27/2021,39.88,,,,,
4/26/2021,39.41,,,,,
4/23/2021,39.18,,,,,
4/22/2021,38.36,,,,,
4/21/2021,38.72,,,,,
4/20/2021,38.08,,,,,
4/19/2021,39.17,,,,,
4/16/2021,39.15,,,,,
4/15/2021,38.74,,,,,
4/14/2021,39.88,,,,,
4/13/2021,39.32,,,,,
4/12/2021,40.06,,,,,
4/9/2021,39.99,,,,,
4/8/2021,39.7,,,,,
4/7/2021,40.05,,,,,
4/6/2021,39.69,,,,,
4/5/2021,39.8,,,,,
4/1/2021,39.49,,,,,
3/31/2021,38.69,,,,,
3/30/2021,38.99,,,,,
3/29/2021,38.31,,,,,
3/26/2021,38.68,,,,,
3/25/2021,37.66,,,,,
3/24/2021,36.9,,,,,
3/23/2021,36.9,,,,,
3/22/2021,37.66,,,,,
3/19/2021,38.53,,,,,
3/18/2021,38.94,,,,,
3/17/2021,37.95,,,,,
3/16/2021,37.64,,,,,
3/15/2021,37.75,,,,,
3/12/2021,37.94,,,,,
3/11/2021,37.24,,,,,
3/10/2021,37.37,,,,,
3/9/2021,36.32,,,,,
3/8/2021,37.13,,,,,
3/5/2021,36.93,,,,,
3/4/2021,36.5,,,,,
3/3/2021,36.42,,,,,
3/2/2021,35.53,,,,,
3/1/2021,35.79,,,,,
2/26/2021,34.71,,,,,
2/25/2021,35.93,,,,,
2/24/2021,36.38,,,,,
2/23/2021,35.52,,,,,
2/22/2021,35.15,,,,,
2/19/2021,34.54,,,,,
2/18/2021,34.19,,,,,
2/17/2021,34.41,,,,,
2/16/2021,34.27,,,,,
2/12/2021,33.37,,,,,
2/11/2021,32.88,,,,,
2/10/2021,32.98,,,,,
2/9/2021,32.95,,,,,
2/8/2021,33.09,,,,,
2/5/2021,32.37,,,,,
2/4/2021,32.5,,,,,
2/3/2021,31.58,,,,,
2/2/2021,31.03,,,,,
2/1/2021,29.96,,,,,
1/29/2021,29.65,,,,,
1/28/2021,30.32,,,,,
1/27/2021,29.83,,,,,
1/26/2021,30.94,,,,,
1/25/2021,31.16,,,,,
1/22/2021,31.55,,,,,
1/21/2021,31.77,,,,,
1/20/2021,32.34,,,,,
1/19/2021,32.77,,,,,
1/15/2021,33.01,,,,,
1/14/2021,33.99,,,,,
1/13/2021,33.46,,,,,
1/12/2021,33.66,,,,,
1/11/2021,33.07,,,,,
1/8/2021,32.53,,,,,
1/7/2021,32.86,,,,,
1/6/2021,32.15,,,,,
1/5/2021,30.26,,,,,
1/4/2021,30.03,,,,,
12/31/2020,30.31,,,,,
12/30/2020,29.98,,,,,
12/29/2020,30.01,,,,,
12/28/2020,30.13,,,,,
12/24/2020,29.96,,,,,
12/23/2020,30.05,,,,,
12/22/2020,29.21,,,,,
12/21/2020,29.74,,,,,
12/18/2020,28.67,,,,,
12/17/2020,28.83,,,,,
12/16/2020,28.72,,,,,
12/15/2020,28.64,,,,,
12/14/2020,28.22,,,,,
12/11/2020,28.57,,,,,
12/10/2020,29.11,,,,,
12/9/2020,28.8,,,,,
12/8/2020,28.93,,,,,
12/7/2020,29.09,,,,,
12/4/2020,29.29,,,,,
12/3/2020,28.91,,,,,
12/2/2020,29.06,,,,,
12/1/2020,28.69,,,,,
11/30/2020,28.16,,,,,
11/27/2020,28.99,,,,,
11/25/2020,29.03,,,,,
11/24/2020,28.98,,,,,
11/23/2020,27.39,,,,,
11/20/2020,26.81,,,,,
11/19/2020,26.98,,,,,
11/18/2020,26.98,,,,,
11/17/2020,27.55,,,,,
11/16/2020,27.58,,,,,
11/13/2020,27,,,,,
11/12/2020,26.69,,,,,
11/11/2020,27.34,,,,,
11/10/2020,27.66,,,,,
11/9/2020,27.76,,,,,
11/6/2020,24.31,,,,,
11/5/2020,24.61,,,,,
11/4/2020,23.68,,,,,
11/3/2020,24.69,,,,,
11/2/2020,24.08,,,,,
10/30/2020,23.7,,,,,
10/29/2020,23.54,,,,,
10/28/2020,23.47,,,,,
10/27/2020,23.85,,,,,
10/26/2020,24.54,,,,,
10/23/2020,24.9,,,,,
10/22/2020,24.87,,,,,
10/21/2020,24.05,,,,,
10/20/2020,24.14,,,,,
10/19/2020,23.72,,,,,
10/16/2020,24.24,,,,,
10/15/2020,24.15,,,,,
10/14/2020,23.62,,,,,
10/13/2020,24.95,,,,,
10/12/2020,25.68,,,,,
10/9/2020,25.36,,,,,
10/8/2020,25.24,,,,,
10/7/2020,24.88,,,,,
10/6/2020,24.37,,,,,
10/5/2020,24.62,,,,,
10/2/2020,24.21,,,,,
10/1/2020,24.1,,,,,
9/30/2020,24.09,,,,,
9/29/2020,23.77,,,,,
9/28/2020,24.09,,,,,
9/25/2020,23.49,,,,,
9/24/2020,23.34,,,,,
9/23/2020,23.26,,,,,
9/22/2020,23.94,,,,,
9/21/2020,24.47,,,,,
9/18/2020,25.21,,,,,
9/17/2020,25.35,,,,,
9/16/2020,25.6,,,,,
9/15/2020,25.28,,,,,
9/14/2020,25.75,,,,,
9/11/2020,25.5,,,,,
9/10/2020,25.14,,,,,
9/9/2020,25.51,,,,,
9/8/2020,25.48,,,,,
9/4/2020,26.54,,,,,
9/3/2020,25.66,,,,,
9/2/2020,26.02,,,,,
9/1/2020,25.71,,,,,
8/31/2020,25.74,,,,,
8/28/2020,26.3,,,,,
8/27/2020,26.05,,,,,
8/26/2020,25.56,,,,,
8/25/2020,26,,,,,
8/24/2020,25.69,,,,,
8/21/2020,24.98,,,,,
8/20/2020,25.1,,,,,
8/19/2020,25.5,,,,,
8/18/2020,25.53,,,,,
8/17/2020,25.9,,,,,
8/14/2020,26.47,,,,,
8/13/2020,26.35,,,,,
8/12/2020,26.73,,,,,
8/11/2020,26.92,,,,,
8/10/2020,26.56,,,,,
8/7/2020,26.11,,,,,
8/6/2020,25.47,,,,,
8/5/2020,25.39,,,,,
8/4/2020,25.01,,,,,
8/3/2020,24.99,,,,,
7/31/2020,24.88,,,,,
7/30/2020,24.84,,,,,
7/29/2020,25.27,,,,,
7/28/2020,24.36,,,,,
7/27/2020,24.14,,,,,
7/24/2020,24.35,,,,,
7/23/2020,24.54,,,,,
7/22/2020,24.31,,,,,
7/21/2020,24.42,,,,,
7/20/2020,23.58,,,,,
7/17/2020,23.22,,,,,
7/16/2020,23.93,,,,,
7/15/2020,24.6,,,,,
7/14/2020,24.14,,,,,
7/13/2020,24.19,,,,,
7/10/2020,24.02,,,,,
7/9/2020,22.77,,,,,
7/8/2020,23.1,,,,,
7/7/2020,23.01,,,,,
7/6/2020,23.66,,,,,
7/2/2020,23.29,,,,,
7/1/2020,23.26,,,,,
6/30/2020,23.75,,,,,
6/29/2020,23.39,,,,,
6/26/2020,23.15,,,,,
6/25/2020,24.72,,,,,
6/24/2020,23.81,,,,,
6/23/2020,24.79,,,,,
6/22/2020,24.62,,,,,
6/19/2020,25.25,,,,,
6/18/2020,25.04,,,,,
6/17/2020,25,,,,,
6/16/2020,25.8,,,,,
6/15/2020,25.15,,,,,
6/12/2020,24.78,,,,,
6/11/2020,23.93,,,,,
6/10/2020,26.6,,,,,
6/9/2020,28.22,,,,,
6/8/2020,28.54,,,,,
6/5/2020,28.11,,,,,
6/4/2020,26.78,,,,,
6/3/2020,25.99,,,,,
6/2/2020,24.84,,,,,
6/1/2020,24.61,,,,,
5/29/2020,24.12,,,,,
5/28/2020,24.86,,,,,
5/27/2020,25.98,,,,,
5/26/2020,24.28,,,,,
5/22/2020,22.66,,,,,
5/21/2020,22.9,,,,,
5/20/2020,22.91,,,,,
5/19/2020,22.21,,,,,
5/18/2020,22.93,,,,,
5/15/2020,21.44,,,,,
5/14/2020,21.71,,,,,
5/13/2020,20.87,,,,,
5/12/2020,21.87,,,,,
5/11/2020,22.58,,,,,
5/8/2020,23.57,,,,,
5/7/2020,22.84,,,,,
5/6/2020,22.35,,,,,
5/5/2020,22.66,,,,,
5/4/2020,22.93,,,,,
5/1/2020,23.08,,,,,
4/30/2020,24.05,,,,,
4/29/2020,24.78,,,,,
4/28/2020,23.89,,,,,
4/27/2020,23.47,,,,,
4/24/2020,22.18,,,,,
4/23/2020,21.87,,,,,
4/22/2020,21.8,,,,,
4/21/2020,21.64,,,,,
4/20/2020,22.5,,,,,
4/17/2020,23.28,,,,,
4/16/2020,21.42,,,,,
4/15/2020,22.19,,,,,
4/14/2020,23.73,,,,,
4/13/2020,23.92,,,,,
4/9/2020,24.86,,,,,
4/8/2020,23.45,,,,,
4/7/2020,22.14,,,,,
4/6/2020,21.39,,,,,
4/3/2020,20.03,,,,,
4/2/2020,20.57,,,,,
4/1/2020,19.77,,,,,
3/31/2020,21.23,,,,,
3/30/2020,22.04,,,,,
3/27/2020,21.6,,,,,
3/26/2020,22.72,,,,,
3/25/2020,21.1,,,,,
3/24/2020,21.03,,,,,
3/23/2020,18.08,,,,,
3/20/2020,19.67,,,,,
3/19/2020,21.2,,,,,
3/18/2020,20.79,,,,,
3/17/2020,21.98,,,,,
3/16/2020,20.44,,,,,
3/13/2020,24.16,,,,,
3/12/2020,20.51,,,,,
3/11/2020,22.67,,,,,
3/10/2020,23.61,,,,,
3/9/2020,21.93,,,,,
3/6/2020,25.71,,,,,
3/5/2020,26.78,,,,,
3/4/2020,28.39,,,,,
3/3/2020,27.75,,,,,
3/2/2020,29.37,,,,,
2/28/2020,28.5,,,,,
2/27/2020,29.13,,,,,
2/26/2020,30.63,,,,,
2/25/2020,31.08,,,,,
2/24/2020,32.73,,,,,
2/21/2020,34.36,,,,,
2/20/2020,34.85,,,,,
2/19/2020,34.72,,,,,
2/18/2020,34.27,,,,,
2/14/2020,34.85,,,,,
2/13/2020,34.91,,,,,
2/12/2020,34.92,,,,,
2/11/2020,34.77,,,,,
2/10/2020,34.69,,,,,
2/7/2020,34.61,,,,,
2/6/2020,34.67,,,,,
2/5/2020,34.71,,,,,
2/4/2020,33.62,,,,,
2/3/2020,32.97,,,,,
1/31/2020,32.83,,,,,
1/30/2020,33.48,,,,,
1/29/2020,33.01,,,,,
1/28/2020,33.24,,,,,
1/27/2020,32.85,,,,,
1/24/2020,33.54,,,,,
1/23/2020,34.12,,,,,
1/22/2020,34.36,,,,,
1/21/2020,34.26,,,,,
1/17/2020,34.71,,,,,
1/16/2020,34.72,,,,,
1/15/2020,34.67,,,,,
1/14/2020,35.32,,,,,
1/13/2020,35.06,,,,,
1/10/2020,34.74,,,,,
1/9/2020,35.03,,,,,
1/8/2020,34.97,,,,,
1/7/2020,34.62,,,,,
1/6/2020,34.85,,,,,
1/3/2020,34.9,,,,,
1/2/2020,35.64,,,,,
12/31/2019,35.22,,,,,
12/30/2019,35.15,,,,,
12/27/2019,35.35,,,,,
12/26/2019,35.52,,,,,
12/24/2019,35.22,,,,,
12/23/2019,35.17,,,,,
12/20/2019,34.96,,,,,
12/19/2019,34.95,,,,,
12/18/2019,35.11,,,,,
12/17/2019,35.04,,,,,
12/16/2019,34.7,,,,,
12/13/2019,34.44,,,,,
12/12/2019,34.68,,,,,
12/11/2019,33.64,,,,,
12/10/2019,33.53,,,,,
12/9/2019,33.51,,,,,
12/6/2019,33.67,,,,,
12/5/2019,33.09,,,,,
12/4/2019,33.15,,,,,
12/3/2019,32.84,,,,,
12/2/2019,33.43,,,,,
11/29/2019,33.32,,,,,
11/27/2019,33.42,,,,,
11/26/2019,33.35,,,,,
11/25/2019,33.47,,,,,
11/22/2019,33.18,,,,,
11/21/2019,32.84,,,,,
11/20/2019,32.69,,,,,
11/19/2019,32.94,,,,,
11/18/2019,32.96,,,,,
11/15/2019,32.93,,,,,
11/14/2019,32.7,,,,,
11/13/2019,32.79,,,,,
11/12/2019,33.09,,,,,
11/11/2019,33.18,,,,,
11/8/2019,33.26,,,,,
11/7/2019,33.23,,,,,
11/6/2019,32.79,,,,,
11/5/2019,32.82,,,,,
11/4/2019,32.4,,,,,
11/1/2019,31.8,,,,,
10/31/2019,31.27,,,,,
10/30/2019,31.62,,,,,
10/29/2019,32.07,,,,,
10/28/2019,31.84,,,,,
10/25/2019,31.72,,,,,
10/24/2019,31.36,,,,,
10/23/2019,31.42,,,,,
10/22/2019,31.2,,,,,
10/21/2019,31.02,,,,,
10/18/2019,30.35,,,,,
10/17/2019,30.26,,,,,
10/16/2019,30.17,,,,,
10/15/2019,29.73,,,,,
10/14/2019,29.14,,,,,
10/11/2019,28.91,,,,,
10/10/2019,28.45,,,,,
10/9/2019,27.89,,,,,
10/8/2019,27.63,,,,,
10/7/2019,28.31,,,,,
10/4/2019,28.37,,,,,
10/3/2019,27.81,,,,,
10/2/2019,27.84,,,,,
10/1/2019,28.44,,,,,
9/30/2019,29.17,,,,,
9/27/2019,29.35,,,,,
9/26/2019,29.13,,,,,
9/25/2019,29.25,,,,,
9/24/2019,28.94,,,,,
9/23/2019,29.52,,,,,
9/20/2019,29.59,,,,,
9/19/2019,29.82,,,,,
9/18/2019,30,,,,,
9/17/2019,29.94,,,,,
9/16/2019,30.13,,,,,
9/13/2019,30.17,,,,,
9/12/2019,29.67,,,,,
9/11/2019,29.46,,,,,
9/10/2019,29.35,,,,,
9/9/2019,28.63,,,,,
9/6/2019,27.73,,,,,
9/5/2019,28.12,,,,,
9/4/2019,27.49,,,,,
9/3/2019,27.05,,,,,
8/30/2019,27.51,,,,,
8/29/2019,27.33,,,,,
8/28/2019,26.85,,,,,
8/27/2019,26.47,,,,,
8/26/2019,26.78,,,,,
8/23/2019,26.47,,,,,
8/22/2019,27.19,,,,,
8/21/2019,26.93,,,,,
8/20/2019,26.72,,,,,
8/19/2019,27.27,,,,,
8/16/2019,27.03,,,,,
8/15/2019,26.25,,,,,
8/14/2019,26.42,,,,,
8/13/2019,27.72,,,,,
8/12/2019,27.64,,,,,
8/9/2019,28.33,,,,,
8/8/2019,28.38,,,,,
8/7/2019,27.89,,,,,
8/6/2019,28.42,,,,,
8/5/2019,28.08,,,,,
8/2/2019,29.38,,,,,
8/1/2019,29.49,,,,,
7/31/2019,30.68,,,,,
7/30/2019,30.89,,,,,
7/29/2019,30.52,,,,,
7/26/2019,30.77,,,,,
7/25/2019,30.34,,,,,
7/24/2019,30.67,,,,,
7/23/2019,30.25,,,,,
7/22/2019,29.57,,,,,
7/19/2019,29.4,,,,,
7/18/2019,29.48,,,,,
7/17/2019,29.19,,,,,
7/16/2019,28.99,,,,,
7/15/2019,29.22,,,,,
7/12/2019,29.45,,,,,
7/11/2019,29.36,,,,,
7/10/2019,29.02,,,,,
7/9/2019,29.35,,,,,
7/8/2019,29.2,,,,,
7/5/2019,29.26,,,,,
7/3/2019,29.05,,,,,
7/2/2019,29.15,,,,,
7/1/2019,29.42,,,,,
6/28/2019,29,,,,,
6/27/2019,28.21,,,,,
6/26/2019,27.91,,,,,
6/25/2019,27.76,,,,,
6/24/2019,27.98,,,,,
6/21/2019,28.12,,,,,
6/20/2019,28.27,,,,,
6/19/2019,28.32,,,,,
6/18/2019,28.62,,,,,
6/17/2019,27.93,,,,,
6/14/2019,28.04,,,,,
6/13/2019,27.94,,,,,
6/12/2019,27.95,,,,,
6/11/2019,28.24,,,,,
6/10/2019,28.07,,,,,
6/7/2019,27.53,,,,,
6/6/2019,27.88,,,,,
6/5/2019,27.91,,,,,
6/4/2019,27.92,,,,,
6/3/2019,26.68,,,,,
5/31/2019,26.6,,,,,
5/30/2019,27.16,,,,,
5/29/2019,27.75,,,,,
5/28/2019,27.9,,,,,
5/24/2019,28.18,,,,,
5/23/2019,27.76,,,,,
5/22/2019,28.49,,,,,
5/21/2019,28.69,,,,,
5/20/2019,28.4,,,,,
5/17/2019,28.4,,,,,
5/16/2019,28.59,,,,,
5/15/2019,28.29,,,,,
5/14/2019,28.62,,,,,
5/13/2019,28.25,,,,,
5/10/2019,29.58,,,,,
5/9/2019,29.71,,,,,
5/8/2019,29.8,,,,,
5/7/2019,29.92,,,,,
5/6/2019,30.47,,,,,
5/3/2019,30.71,,,,,
5/2/2019,30.5,,,,,
5/1/2019,30.26,,,,,
4/30/2019,30.58,,,,,
4/29/2019,30.77,,,,,
4/26/2019,30.35,,,,,
4/25/2019,30.08,,,,,
4/24/2019,30.02,,,,,
4/23/2019,30.07,,,,,
4/22/2019,30.05,,,,,
4/18/2019,30.03,,,,,
4/17/2019,30.03,,,,,
4/16/2019,29.88,,,,,
4/15/2019,29.84,,,,,
4/12/2019,30.17,,,,,
4/11/2019,29.07,,,,,
4/10/2019,29.07,,,,,
4/9/2019,28.89,,,,,
4/8/2019,29.17,,,,,
4/5/2019,29.08,,,,,
4/4/2019,29.15,,,,,
4/3/2019,28.84,,,,,
4/2/2019,28.87,,,,,
4/1/2019,28.54,,,,,
3/29/2019,27.59,,,,,
3/28/2019,27.33,,,,,
3/27/2019,27.03,,,,,
3/26/2019,27.21,,,,,
3/25/2019,26.84,,,,,
3/22/2019,27.01,,,,,
3/21/2019,28.18,,,,,
3/20/2019,28.64,,,,,
3/19/2019,29.65,,,,,
3/18/2019,29.82,,,,,
3/15/2019,29.3,,,,,
3/14/2019,29.46,,,,,
3/13/2019,29.29,,,,,
3/12/2019,28.94,,,,,
3/11/2019,28.94,,,,,
3/8/2019,28.65,,,,,
3/7/2019,28.55,,,,,
3/6/2019,28.84,,,,,
3/5/2019,29.08,,,,,
3/4/2019,29.03,,,,,
3/1/2019,29.31,,,,,
2/28/2019,29.08,,,,,
2/27/2019,29.53,,,,,
2/26/2019,29.29,,,,,
2/25/2019,29.27,,,,,
2/22/2019,29.08,,,,,
2/21/2019,29.29,,,,,
2/20/2019,29.41,,,,,
2/19/2019,29.13,,,,,
2/15/2019,29.11,,,,,
2/14/2019,28.39,,,,,
2/13/2019,28.7,,,,,
2/12/2019,28.69,,,,,
2/11/2019,28.41,,,,,
2/8/2019,28.29,,,,,
2/7/2019,28.24,,,,,
2/6/2019,28.73,,,,,
2/5/2019,28.78,,,,,
2/4/2019,28.88,,,,,
2/1/2019,28.38,,,,,
1/31/2019,28.47,,,,,
1/30/2019,29.07,,,,,
1/29/2019,29.39,,,,,
1/28/2019,29.63,,,,,
1/25/2019,29.58,,,,,
1/24/2019,29.08,,,,,
1/23/2019,28.92,,,,,
1/22/2019,29.09,,,,,
1/18/2019,29.3,,,,,
1/17/2019,28.99,,,,,
1/16/2019,28.45,,,,,
1/15/2019,26.55,,,,,
1/14/2019,26.37,,,,,
1/11/2019,26.03,,,,,
1/10/2019,25.73,,,,,
1/9/2019,25.76,,,,,
1/8/2019,25.51,,,,,
1/7/2019,25.56,,,,,
1/4/2019,25.58,,,,,
1/3/2019,24.56,,,,,
1/2/2019,24.96,,,,,
12/31/2018,24.64,,,,,
12/28/2018,24.39,,,,,
12/27/2018,24.37,,,,,
12/26/2018,24.11,,,,,
12/24/2018,22.73,,,,,
12/21/2018,23.37,,,,,
12/20/2018,24.11,,,,,
12/19/2018,24.18,,,,,
12/18/2018,24.47,,,,,
12/17/2018,24.47,,,,,
12/14/2018,24.48,,,,,
12/13/2018,24.4,,,,,
12/12/2018,24.52,,,,,
12/11/2018,24.58,,,,,
12/10/2018,24.76,,,,,
12/7/2018,25.43,,,,,
12/6/2018,26.28,,,,,
12/4/2018,26.99,,,,,
12/3/2018,28.54,,,,,
11/30/2018,28.4,,,,,
11/29/2018,28.04,,,,,
11/28/2018,28.43,,,,,
11/27/2018,27.74,,,,,
11/26/2018,27.56,,,,,
11/23/2018,26.97,,,,,
11/21/2018,27.27,,,,,
11/20/2018,27.38,,,,,
11/19/2018,27.75,,,,,
11/16/2018,27.75,,,,,
11/15/2018,27.9,,,,,
11/14/2018,27.21,,,,,
11/13/2018,27.76,,,,,
11/12/2018,27.75,,,,,
11/9/2018,28.52,,,,,
11/8/2018,28.87,,,,,
11/7/2018,28.54,,,,,
11/6/2018,28.21,,,,,
11/5/2018,28.06,,,,,
11/2/2018,27.89,,,,,
11/1/2018,27.81,,,,,
10/31/2018,27.5,,,,,
10/30/2018,26.78,,,,,
10/29/2018,26.61,,,,,
10/26/2018,26.39,,,,,
10/25/2018,26.59,,,,,
10/24/2018,26.19,,,,,
10/23/2018,27.02,,,,,
10/22/2018,27.38,,,,,
10/19/2018,28.32,,,,,
10/18/2018,28.25,,,,,
10/17/2018,28.9,,,,,
10/16/2018,28.53,,,,,
10/15/2018,27.92,,,,,
10/12/2018,28.46,,,,,
10/11/2018,28.36,,,,,
10/10/2018,29.24,,,,,
10/9/2018,29.98,,,,,
10/8/2018,30.27,,,,,
10/5/2018,30.23,,,,,
10/4/2018,30.43,,,,,
10/3/2018,30,,,,,
10/2/2018,29.58,,,,,
10/1/2018,29.65,,,,,
9/28/2018,29.46,,,,,
9/27/2018,29.94,,,,,
9/26/2018,30.13,,,,,
9/25/2018,30.67,,,,,
9/24/2018,30.74,,,,,
9/21/2018,31.03,,,,,
9/20/2018,31.19,,,,,
9/19/2018,31,,,,,
9/18/2018,30.21,,,,,
9/17/2018,30.28,,,,,
9/14/2018,30.37,,,,,
9/13/2018,30.14,,,,,
9/12/2018,30.43,,,,,
9/11/2018,30.85,,,,,
9/10/2018,30.82,,,,,
9/7/2018,30.86,,,,,
9/6/2018,30.85,,,,,
9/5/2018,31.18,,,,,
9/4/2018,31.14,,,,,
8/31/2018,30.93,,,,,
8/30/2018,31.01,,,,,
8/29/2018,31.14,,,,,
8/28/2018,31.27,,,,,
8/27/2018,31.31,,,,,
8/24/2018,30.89,,,,,
8/23/2018,30.84,,,,,
8/22/2018,30.98,,,,,
8/21/2018,31.02,,,,,
8/20/2018,30.87,,,,,
8/17/2018,30.74,,,,,
8/16/2018,30.72,,,,,
8/15/2018,30.36,,,,,
8/14/2018,30.79,,,,,
8/13/2018,30.48,,,,,
8/10/2018,31.19,,,,,
8/9/2018,31.6,,,,,
8/8/2018,31.8,,,,,
8/7/2018,31.51,,,,,
8/6/2018,31.52,,,,,
8/3/2018,31.51,,,,,
8/2/2018,31.28,,,,,
8/1/2018,31.25,,,,,
7/31/2018,30.88,,,,,
7/30/2018,31.31,,,,,
7/27/2018,31.06,,,,,
7/26/2018,30.94,,,,,
7/25/2018,31.07,,,,,
7/24/2018,30.83,,,,,
7/23/2018,30.75,,,,,
7/20/2018,30.13,,,,,
7/19/2018,29.67,,,,,
7/18/2018,30.13,,,,,
7/17/2018,30.01,,,,,
7/16/2018,29.78,,,,,
7/13/2018,28.55,,,,,
7/12/2018,28.77,,,,,
7/11/2018,28.68,,,,,
7/10/2018,28.83,,,,,
7/9/2018,29.05,,,,,
7/6/2018,28.03,,,,,
7/5/2018,27.92,,,,,
7/3/2018,27.78,,,,,
7/2/2018,28.28,,,,,
6/29/2018,28.19,,,,,
6/28/2018,28.67,,,,,
6/27/2018,28.24,,,,,
6/26/2018,28.54,,,,,
6/25/2018,28.48,,,,,
6/22/2018,28.99,,,,,
6/21/2018,29.29,,,,,
6/20/2018,29.24,,,,,
6/19/2018,29.26,,,,,
6/18/2018,29.4,,,,,
6/15/2018,29.28,,,,,
6/14/2018,29.5,,,,,
6/13/2018,29.84,,,,,
6/12/2018,29.9,,,,,
6/11/2018,30.06,,,,,
6/8/2018,30.01,,,,,
6/7/2018,30.09,,,,,
6/6/2018,30.04,,,,,
6/5/2018,29.12,,,,,
6/4/2018,29.4,,,,,
6/1/2018,29.4,,,,,
5/31/2018,29.04,,,,,
5/30/2018,29.49,,,,,
5/29/2018,28.96,,,,,
5/25/2018,30.16,,,,,
5/24/2018,30.21,,,,,
5/23/2018,30.44,,,,,
5/22/2018,30.89,,,,,
5/21/2018,30.55,,,,,
5/18/2018,30.26,,,,,
5/17/2018,30.81,,,,,
5/16/2018,31.06,,,,,
5/15/2018,31.22,,,,,
5/14/2018,31.12,,,,,
5/11/2018,30.92,,,,,
5/10/2018,30.89,,,,,
5/9/2018,30.72,,,,,
5/8/2018,29.93,,,,,
5/7/2018,29.64,,,,,
5/4/2018,29.3,,,,,
5/3/2018,29.2,,,,,
5/2/2018,29.58,,,,,
5/1/2018,29.95,,,,,
4/30/2018,29.92,,,,,
4/27/2018,30.15,,,,,
4/26/2018,30.07,,,,,
4/25/2018,30.14,,,,,
4/24/2018,30.19,,,,,
4/23/2018,30.32,,,,,
4/20/2018,30.26,,,,,
4/19/2018,30.18,,,,,
4/18/2018,29.53,,,,,
4/17/2018,30.04,,,,,
4/16/2018,29.93,,,,,
4/13/2018,29.8,,,,,
4/12/2018,30.65,,,,,
4/11/2018,29.9,,,,,
4/10/2018,30.48,,,,,
4/9/2018,29.87,,,,,
4/6/2018,29.63,,,,,
4/5/2018,30.32,,,,,
4/4/2018,29.88,,,,,
4/3/2018,29.59,,,,,
4/2/2018,29.31,,,,,
3/29/2018,29.99,,,,,
3/28/2018,29.39,,,,,
3/27/2018,29.52,,,,,
3/26/2018,30.44,,,,,
3/23/2018,29.17,,,,,
3/22/2018,30.55,,,,,
3/21/2018,31.87,,,,,
3/20/2018,31.98,,,,,
3/19/2018,31.98,,,,,
3/16/2018,32.17,,,,,
3/15/2018,32.1,,,,,
3/14/2018,32.14,,,,,
3/13/2018,32.36,,,,,
3/12/2018,32.84,,,,,
3/9/2018,32.72,,,,,
3/8/2018,32.2,,,,,
3/7/2018,32.18,,,,,
3/6/2018,32.11,,,,,
3/5/2018,32.13,,,,,
3/2/2018,31.63,,,,,
3/1/2018,31.48,,,,,
2/28/2018,32.1,,,,,
2/27/2018,32.33,,,,,
2/26/2018,32.42,,,,,
2/23/2018,32.03,,,,,
2/22/2018,31.69,,,,,
2/21/2018,31.87,,,,,
2/20/2018,31.93,,,,,
2/16/2018,31.97,,,,,
2/15/2018,32.21,,,,,
2/14/2018,32,,,,,
2/13/2018,31.18,,,,,
2/12/2018,31.12,,,,,
2/9/2018,30.33,,,,,
2/8/2018,29.74,,,,,
2/7/2018,31.25,,,,,
2/6/2018,31.2,,,,,
2/5/2018,30.26,,,,,
2/2/2018,31.95,,,,,
2/1/2018,32.5,,,,,
1/31/2018,32,,,,,
1/30/2018,31.88,,,,,
1/29/2018,32.28,,,,,
1/26/2018,32.2,,,,,
1/25/2018,32.09,,,,,
1/24/2018,32.09,,,,,
1/23/2018,31.92,,,,,
1/22/2018,31.94,,,,,
1/19/2018,31.72,,,,,
1/18/2018,31.48,,,,,
1/17/2018,31.18,,,,,
1/16/2018,31.24,,,,,
1/12/2018,31.19,,,,,
1/11/2018,30.66,,,,,
1/10/2018,30.55,,,,,
1/9/2018,30.27,,,,,
1/8/2018,30.12,,,,,
1/5/2018,30.33,,,,,
1/4/2018,30.19,,,,,
1/3/2018,29.8,,,,,
1/2/2018,29.9,,,,,
12/29/2017,29.52,,,,,
12/28/2017,29.8,,,,,
12/27/2017,29.73,,,,,
12/26/2017,29.78,,,,,
12/22/2017,29.88,,,,,
12/21/2017,29.82,,,,,
12/20/2017,29.48,,,,,
12/19/2017,29.45,,,,,
12/18/2017,29.48,,,,,
12/15/2017,29.04,,,,,
12/14/2017,28.73,,,,,
12/13/2017,28.84,,,,,
12/12/2017,29.32,,,,,
12/11/2017,28.94,,,,,
12/8/2017,29.05,,,,,
12/7/2017,28.78,,,,,
12/6/2017,28.64,,,,,
12/5/2017,28.93,,,,,
12/4/2017,29.06,,,,,
12/1/2017,28.1,,,,,
11/30/2017,28.17,,,,,
11/29/2017,28.28,,,,,
11/28/2017,27.64,,,,,
11/27/2017,26.59,,,,,
11/24/2017,26.59,,,,,
11/22/2017,26.66,,,,,
11/21/2017,26.73,,,,,
11/20/2017,26.74,,,,,
11/17/2017,26.62,,,,,
11/16/2017,26.76,,,,,
11/15/2017,26.79,,,,,
11/14/2017,26.24,,,,,
11/13/2017,26.4,,,,,
11/10/2017,26.51,,,,,
11/9/2017,26.49,,,,,
11/8/2017,26.79,,,,,
11/7/2017,27.18,,,,,
11/6/2017,27.75,,,,,
11/3/2017,27.82,,,,,
11/2/2017,27.87,,,,,
11/1/2017,27.53,,,,,
10/31/2017,27.39,,,,,
10/30/2017,27.6,,,,,
10/27/2017,27.8,,,,,
10/26/2017,27.74,,,,,
10/25/2017,27.63,,,,,
10/24/2017,27.68,,,,,
10/23/2017,27.16,,,,,
10/20/2017,27.17,,,,,
10/19/2017,26.58,,,,,
10/18/2017,26.48,,,,,
10/17/2017,26.2,,,,,
10/16/2017,26.24,,,,,
10/13/2017,25.83,,,,,
10/12/2017,25.45,,,,,
10/11/2017,25.83,,,,,
10/10/2017,25.93,,,,,
10/9/2017,25.85,,,,,
10/6/2017,26.21,,,,,
10/5/2017,26.13,,,,,
10/4/2017,25.71,,,,,
10/3/2017,25.86,,,,,
10/2/2017,25.62,,,,,
9/29/2017,25.34,,,,,
9/28/2017,25.45,,,,,
9/27/2017,25.41,,,,,
9/26/2017,24.81,,,,,
9/25/2017,24.76,,,,,
9/22/2017,25.02,,,,,
9/21/2017,25.16,,,,,
9/20/2017,25.06,,,,,
9/19/2017,24.86,,,,,
9/18/2017,24.7,,,,,
9/15/2017,24.38,,,,,
9/14/2017,24.24,,,,,
9/13/2017,24.33,,,,,
9/12/2017,23.95,,,,,
9/11/2017,23.36,,,,,
9/8/2017,22.89,,,,,
9/7/2017,22.97,,,,,
9/6/2017,23.41,,,,,
9/5/2017,23.31,,,,,
9/1/2017,24.09,,,,,
8/31/2017,23.89,,,,,
8/30/2017,23.87,,,,,
8/29/2017,23.58,,,,,
8/28/2017,23.72,,,,,
8/25/2017,23.77,,,,,
8/24/2017,23.84,,,,,
8/23/2017,23.76,,,,,
8/22/2017,23.83,,,,,
8/21/2017,23.38,,,,,
8/18/2017,23.62,,,,,
8/17/2017,23.64,,,,,
8/16/2017,24.19,,,,,
8/15/2017,24.47,,,,,
8/14/2017,24.42,,,,,
8/11/2017,23.86,,,,,
8/10/2017,24.12,,,,,
8/9/2017,24.74,,,,,
8/8/2017,24.9,,,,,
8/7/2017,24.96,,,,,
8/4/2017,24.97,,,,,
8/3/2017,24.37,,,,,
8/2/2017,24.59,,,,,
8/1/2017,24.45,,,,,
7/31/2017,24.12,,,,,
7/28/2017,24.03,,,,,
7/27/2017,24.11,,,,,
7/26/2017,24.21,,,,,
7/25/2017,24.48,,,,,
7/24/2017,23.91,,,,,
7/21/2017,23.8,,,,,
7/20/2017,23.94,,,,,
7/19/2017,24.06,,,,,
7/18/2017,23.9,,,,,
7/17/2017,24.02,,,,,
7/14/2017,24.21,,,,,
7/13/2017,24.62,,,,,
7/12/2017,24.35,,,,,
7/11/2017,24.6,,,,,
7/10/2017,24.89,,,,,
7/7/2017,24.83,,,,,
7/6/2017,24.71,,,,,
7/5/2017,24.92,,,,,
7/3/2017,24.68,,,,,
6/30/2017,24.26,,,,,
6/29/2017,24.32,,,,,
6/28/2017,23.88,,,,,
6/27/2017,23.27,,,,,
6/26/2017,22.89,,,,,
6/23/2017,22.82,,,,,
6/22/2017,22.93,,,,,
6/21/2017,23.13,,,,,
6/20/2017,23.49,,,,,
6/19/2017,23.91,,,,,
6/16/2017,23.43,,,,,
6/15/2017,23.54,,,,,
6/14/2017,23.76,,,,,
6/13/2017,23.77,,,,,
6/12/2017,23.78,,,,,
6/9/2017,23.67,,,,,
6/8/2017,22.97,,,,,
6/7/2017,22.6,,,,,
6/6/2017,22.23,,,,,
6/5/2017,22.41,,,,,
6/2/2017,22.45,,,,,
6/1/2017,22.63,,,,,
5/31/2017,22.41,,,,,
5/30/2017,22.91,,,,,
5/26/2017,23.24,,,,,
5/25/2017,23.25,,,,,
5/24/2017,23.36,,,,,
5/23/2017,23.39,,,,,
5/22/2017,23.04,,,,,
5/19/2017,23.05,,,,,
5/18/2017,22.74,,,,,
5/17/2017,22.57,,,,,
5/16/2017,23.99,,,,,
5/15/2017,24.06,,,,,
5/12/2017,24,,,,,
5/11/2017,24.07,,,,,
5/10/2017,24.15,,,,,
5/9/2017,23.98,,,,,
5/8/2017,23.96,,,,,
5/5/2017,23.74,,,,,
5/4/2017,23.85,,,,,
5/3/2017,23.77,,,,,
5/2/2017,23.53,,,,,
5/1/2017,23.61,,,,,
4/28/2017,23.34,,,,,
4/27/2017,23.65,,,,,
4/26/2017,23.89,,,,,
4/25/2017,23.98,,,,,
4/24/2017,23.63,,,,,
4/21/2017,22.71,,,,,
4/20/2017,23.07,,,,,
4/19/2017,22.74,,,,,
4/18/2017,22.71,,,,,
4/17/2017,22.81,,,,,
4/13/2017,22.34,,,,,
4/12/2017,22.65,,,,,
4/11/2017,22.92,,,,,
4/10/2017,23.02,,,,,
4/7/2017,23.16,,,,,
4/6/2017,23.26,,,,,
4/5/2017,23.17,,,,,
4/4/2017,23.44,,,,,
4/3/2017,23.59,,,,,
3/31/2017,23.59,,,,,
3/30/2017,23.87,,,,,
3/29/2017,23.35,,,,,
3/28/2017,23.48,,,,,
3/27/2017,23.03,,,,,
3/24/2017,23.12,,,,,
3/23/2017,23.07,,,,,
3/22/2017,22.94,,,,,
3/21/2017,23.02,,,,,
3/20/2017,24.44,,,,,
3/17/2017,24.86,,,,,
3/16/2017,25.22,,,,,
3/15/2017,25.18,,,,,
3/14/2017,25.32,,,,,
3/13/2017,25.3,,,,,
3/10/2017,25.31,,,,,
3/9/2017,25.35,,,,,
3/8/2017,25.26,,,,,
3/7/2017,25.21,,,,,
3/6/2017,25.25,,,,,
3/3/2017,25.44,,,,,
3/2/2017,25.23,,,,,
3/1/2017,25.5,,,,,
2/28/2017,24.68,,,,,
2/27/2017,24.57,,,,,
2/24/2017,24.23,,,,,
2/23/2017,24.58,,,,,
2/22/2017,24.79,,,,,
2/21/2017,24.78,,,,,
2/17/2017,24.52,,,,,
2/16/2017,24.58,,,,,
2/15/2017,24.58,,,,,
2/14/2017,24.06,,,,,
2/13/2017,23.4,,,,,
2/10/2017,23.08,,,,,
2/9/2017,23.12,,,,,
2/8/2017,22.67,,,,,
2/7/2017,22.9,,,,,
2/6/2017,23.12,,,,,
2/3/2017,23.29,,,,,
2/2/2017,22.72,,,,,
2/1/2017,22.89,,,,,
1/31/2017,22.64,,,,,
1/30/2017,22.95,,,,,
1/27/2017,23.36,,,,,
1/26/2017,23.44,,,,,
1/25/2017,23.37,,,,,
1/24/2017,22.95,,,,,
1/23/2017,22.56,,,,,
1/20/2017,22.64,,,,,
1/19/2017,22.53,,,,,
1/18/2017,22.63,,,,,
1/17/2017,22.05,,,,,
1/13/2017,23.01,,,,,
1/12/2017,22.92,,,,,
1/11/2017,23.07,,,,,
1/10/2017,22.94,,,,,
1/9/2017,22.55,,,,,
1/6/2017,22.68,,,,,
1/5/2017,22.68,,,,,
1/4/2017,22.95,,,,,
1/3/2017,22.53,,,,,
12/30/2016,22.1,,,,,
12/29/2016,22,,,,,
12/28/2016,22.33,,,,,
12/27/2016,22.61,,,,,
12/23/2016,22.6,,,,,
12/22/2016,22.54,,,,,
12/21/2016,22.63,,,,,
12/20/2016,22.71,,,,,
12/19/2016,22.48,,,,,
12/16/2016,22.66,,,,,
12/15/2016,23.16,,,,,
12/14/2016,22.67,,,,,
12/13/2016,22.61,,,,,
12/12/2016,22.61,,,,,
12/9/2016,23.09,,,,,
12/8/2016,22.95,,,,,
12/7/2016,22.57,,,,,
12/6/2016,22.16,,,,,
12/5/2016,21.84,,,,,
12/2/2016,21.23,,,,,
12/1/2016,21.5,,,,,
11/30/2016,21.12,,,,,
11/29/2016,20.29,,,,,
11/28/2016,20.3,,,,,
11/25/2016,20.86,,,,,
11/23/2016,20.56,,,,,
11/22/2016,20.3,,,,,
11/21/2016,20.33,,,,,
11/18/2016,20,,,,,
11/17/2016,20.08,,,,,
11/16/2016,19.75,,,,,
11/15/2016,20.16,,,,,
11/14/2016,20.08,,,,,
11/11/2016,19.02,,,,,
11/10/2016,18.76,,,,,
11/9/2016,17.97,,,,,
11/8/2016,17,,,,,
11/7/2016,17.01,,,,,
11/4/2016,16.55,,,,,
11/3/2016,16.48,,,,,
11/2/2016,16.48,,,,,
11/1/2016,16.61,,,,,
10/31/2016,16.5,,,,,
10/28/2016,16.68,,,,,
10/27/2016,16.91,,,,,
10/26/2016,16.87,,,,,
10/25/2016,16.72,,,,,
10/24/2016,16.77,,,,,
10/21/2016,16.67,,,,,
10/20/2016,16.56,,,,,
10/19/2016,16.47,,,,,
10/18/2016,16.26,,,,,
10/17/2016,16.05,,,,,
10/14/2016,16,,,,,
10/13/2016,15.83,,,,,
10/12/2016,16.03,,,,,
10/11/2016,16.11,,,,,
10/10/2016,16.3,,,,,
10/7/2016,16.13,,,,,
10/6/2016,16.22,,,,,
10/5/2016,16.11,,,,,
10/4/2016,15.8,,,,,
10/3/2016,15.63,,,,,
9/30/2016,15.65,,,,,
9/29/2016,15.16,,,,,
9/28/2016,15.38,,,,,
9/27/2016,15.29,,,,,
9/26/2016,15.09,,,,,
9/23/2016,15.52,,,,,
9/22/2016,15.6,,,,,
9/21/2016,15.65,,,,,
9/20/2016,15.6,,,,,
9/19/2016,15.59,,,,,
9/16/2016,15.49,,,,,
9/15/2016,15.67,,,,,
9/14/2016,15.63,,,,,
9/13/2016,15.72,,,,,
9/12/2016,15.9,,,,,
9/9/2016,15.74,,,,,
9/8/2016,15.86,,,,,
9/7/2016,15.7,,,,,
9/6/2016,15.78,,,,,
9/2/2016,16,,,,,
9/1/2016,15.98,,,,,
8/31/2016,16.14,,,,,
8/30/2016,16.19,,,,,
8/29/2016,15.84,,,,,
8/26/2016,15.79,,,,,
8/25/2016,15.53,,,,,
8/24/2016,15.4,,,,,
8/23/2016,15.35,,,,,
8/22/2016,15.18,,,,,
8/19/2016,15.22,,,,,
8/18/2016,15.16,,,,,
8/17/2016,15.15,,,,,
8/16/2016,15.17,,,,,
8/15/2016,15.02,,,,,
8/12/2016,14.91,,,,,
8/11/2016,14.88,,,,,
8/10/2016,14.81,,,,,
8/9/2016,15.19,,,,,
8/8/2016,15.13,,,,,
8/5/2016,15.05,,,,,
8/4/2016,14.48,,,,,
8/3/2016,14.48,,,,,
8/2/2016,14.13,,,,,
8/1/2016,14.33,,,,,
7/29/2016,14.49,,,,,
7/28/2016,14.68,,,,,
7/27/2016,14.63,,,,,
7/26/2016,14.53,,,,,
7/25/2016,14.37,,,,,
7/22/2016,14.38,,,,,
7/21/2016,14.27,,,,,
7/20/2016,14.4,,,,,
7/19/2016,14.26,,,,,
7/18/2016,14.11,,,,,
7/15/2016,13.66,,,,,
7/14/2016,13.65,,,,,
7/13/2016,13.44,,,,,
7/12/2016,13.54,,,,,
7/11/2016,13.21,,,,,
7/8/2016,13.17,,,,,
7/7/2016,13.01,,,,,
7/6/2016,12.86,,,,,
7/5/2016,12.74,,,,,
7/1/2016,13.1,,,,,
6/30/2016,13.27,,,,,
6/29/2016,13.19,,,,,
6/28/2016,12.7,,,,,
6/27/2016,12.18,,,,,
6/24/2016,13,,,,,
6/23/2016,14.04,,,,,
6/22/2016,13.61,,,,,
6/21/2016,13.62,,,,,
6/20/2016,13.54,,,,,
6/17/2016,13.4,,,,,
6/16/2016,13.31,,,,,
6/15/2016,13.34,,,,,
6/14/2016,13.26,,,,,
6/13/2016,13.6,,,,,
6/10/2016,13.83,,,,,
6/9/2016,14.19,,,,,
6/8/2016,14.43,,,,,
6/7/2016,14.35,,,,,
6/6/2016,14.52,,,,,
6/3/2016,14.42,,,,,
6/2/2016,14.94,,,,,
6/1/2016,14.86,,,,,
5/31/2016,14.79,,,,,
5/27/2016,14.88,,,,,
5/26/2016,14.7,,,,,
5/25/2016,14.92,,,,,
5/24/2016,14.68,,,,,
5/23/2016,14.47,,,,,
5/20/2016,14.52,,,,,
5/19/2016,14.53,,,,,
5/18/2016,14.69,,,,,
5/17/2016,14.01,,,,,
5/16/2016,13.93,,,,,
5/13/2016,13.88,,,,,
5/12/2016,14.14,,,,,
5/11/2016,14.2,,,,,
5/10/2016,14.3,,,,,
5/9/2016,13.99,,,,,
5/6/2016,14.11,,,,,
5/5/2016,14.05,,,,,
5/4/2016,14.13,,,,,
5/3/2016,14.36,,,,,
5/2/2016,14.77,,,,,
4/29/2016,14.56,,,,,
4/28/2016,14.79,,,,,
4/27/2016,15.02,,,,,
4/26/2016,15.09,,,,,
4/25/2016,14.96,,,,,
4/22/2016,15.11,,,,,
4/21/2016,14.9,,,,,
4/20/2016,14.93,,,,,
4/19/2016,14.45,,,,,
4/18/2016,14.17,,,,,
4/15/2016,14,,,,,
4/14/2016,14.14,,,,,
4/13/2016,13.79,,,,,
4/12/2016,13.27,,,,,
4/11/2016,12.97,,,,,
4/8/2016,12.88,,,,,
4/7/2016,12.85,,,,,
4/6/2016,13.27,,,,,
4/5/2016,13.19,,,,,
4/4/2016,13.51,,,,,
4/1/2016,13.56,,,,,
3/31/2016,13.52,,,,,
3/30/2016,13.48,,,,,
3/29/2016,13.42,,,,,
3/28/2016,13.62,,,,,
3/24/2016,13.68,,,,,
3/23/2016,13.62,,,,,
3/22/2016,13.76,,,,,
3/21/2016,13.84,,,,,
3/18/2016,13.79,,,,,
3/17/2016,13.4,,,,,
3/16/2016,13.31,,,,,
3/15/2016,13.57,,,,,
3/14/2016,13.64,,,,,
3/11/2016,13.79,,,,,
3/10/2016,13.27,,,,,
3/9/2016,13.14,,,,,
3/8/2016,13.06,,,,,
3/7/2016,13.53,,,,,
3/4/2016,13.54,,,,,
3/3/2016,13.5,,,,,
3/2/2016,13.41,,,,,
3/1/2016,13.19,,,,,
2/29/2016,12.52,,,,,
2/26/2016,12.7,,,,,
2/25/2016,12.32,,,,,
2/24/2016,12.13,,,,,
2/23/2016,12.16,,,,,
2/22/2016,12.54,,,,,
2/19/2016,12.13,,,,,
2/18/2016,12.24,,,,,
2/17/2016,12.56,,,,,
2/16/2016,12.25,,,,,
2/12/2016,11.95,,,,,
2/11/2016,11.16,,,,,
2/10/2016,11.98,,,,,
2/9/2016,12.2,,,,,
2/8/2016,12.27,,,,,
2/5/2016,12.95,,,,,
2/4/2016,13.25,,,,,
2/3/2016,13.03,,,,,
2/2/2016,13.23,,,,,
2/1/2016,13.96,,,,,
1/29/2016,14.14,,,,,
1/28/2016,13.53,,,,,
1/27/2016,13.36,,,,,
1/26/2016,13.31,,,,,
1/25/2016,12.96,,,,,
1/22/2016,13.56,,,,,
1/21/2016,13.36,,,,,
1/20/2016,13.69,,,,,
1/19/2016,14.24,,,,,
1/15/2016,14.46,,,,,
1/14/2016,14.99,,,,,
1/13/2016,14.9,,,,,
1/12/2016,15.31,,,,,
1/11/2016,15.31,,,,,
1/8/2016,15.2,,,,,
1/7/2016,15.5,,,,,
1/6/2016,16.08,,,,,
1/5/2016,16.43,,,,,
1/4/2016,16.43,,,,,
12/31/2015,16.83,,,,,
12/30/2015,17.05,,,,,
12/29/2015,17.28,,,,,
12/28/2015,17.13,,,,,
12/24/2015,17.27,,,,,
12/23/2015,17.34,,,,,
12/22/2015,17.08,,,,,
12/21/2015,16.97,,,,,
12/18/2015,16.76,,,,,
12/17/2015,17.3,,,,,
12/16/2015,17.75,,,,,
12/15/2015,17.42,,,,,
12/14/2015,16.8,,,,,
12/11/2015,16.73,,,,,
12/10/2015,17.2,,,,,
12/9/2015,17.1,,,,,
12/8/2015,17.19,,,,,
12/7/2015,17.54,,,,,
12/4/2015,17.8,,,,,
12/3/2015,17.3,,,,,
12/2/2015,17.62,,,,,
12/1/2015,17.81,,,,,
11/30/2015,17.43,,,,,
11/27/2015,17.48,,,,,
11/25/2015,17.44,,,,,
11/24/2015,17.47,,,,,
11/23/2015,17.47,,,,,
11/20/2015,17.65,,,,,
11/19/2015,17.69,,,,,
11/18/2015,17.84,,,,,
11/17/2015,17.42,,,,,
11/16/2015,17.43,,,,,
11/13/2015,17.2,,,,,
11/12/2015,17.37,,,,,
11/11/2015,17.75,,,,,
11/10/2015,17.85,,,,,
11/9/2015,17.68,,,,,
11/6/2015,17.95,,,,,
11/5/2015,17.31,,,,,
11/4/2015,17.01,,,,,
11/3/2015,17.18,,,,,
11/2/2015,17.06,,,,,
10/30/2015,16.78,,,,,
10/29/2015,17.09,,,,,
10/28/2015,17.28,,,,,
10/27/2015,16.4,,,,,
10/26/2015,16.51,,,,,
10/23/2015,16.52,,,,,
10/22/2015,16.16,,,,,
10/21/2015,15.9,,,,,
10/20/2015,16.2,,,,,
10/19/2015,16.14,,,,,
10/16/2015,16.12,,,,,
10/15/2015,16.19,,,,,
10/14/2015,15.64,,,,,
10/13/2015,15.52,,,,,
10/12/2015,15.52,,,,,
10/9/2015,15.58,,,,,
10/8/2015,15.75,,,,,
10/7/2015,15.75,,,,,
10/6/2015,15.69,,,,,
10/5/2015,15.69,,,,,
10/2/2015,15.38,,,,,
10/1/2015,15.55,,,,,
9/30/2015,15.58,,,,,
9/29/2015,15.35,,,,,
9/28/2015,15.47,,,,,
9/25/2015,15.89,,,,,
9/24/2015,15.55,,,,,
9/23/2015,15.72,,,,,
9/22/2015,15.57,,,,,
9/21/2015,15.7,,,,,
9/18/2015,15.56,,,,,
9/17/2015,15.86,,,,,
9/16/2015,16.33,,,,,
9/15/2015,16.31,,,,,
9/14/2015,15.96,,,,,
9/11/2015,16.04,,,,,
9/10/2015,16.04,,,,,
9/9/2015,15.9,,,,,
9/8/2015,16.16,,,,,
9/4/2015,15.65,,,,,
9/3/2015,15.94,,,,,
9/2/2015,15.85,,,,,
9/1/2015,15.58,,,,,
8/31/2015,16.34,,,,,
8/28/2015,16.36,,,,,
8/27/2015,16.44,,,,,
8/26/2015,16.06,,,,,
8/25/2015,15.26,,,,,
8/24/2015,15.29,,,,,
8/21/2015,16.1,,,,,
8/20/2015,16.72,,,,,
8/19/2015,17.46,,,,,
8/18/2015,17.69,,,,,
8/17/2015,17.77,,,,,
8/14/2015,17.7,,,,,
8/13/2015,17.62,,,,,
8/12/2015,17.52,,,,,
8/11/2015,17.79,,,,,
8/10/2015,18.04,,,,,
8/7/2015,17.75,,,,,
8/6/2015,17.81,,,,,
8/5/2015,17.87,,,,,
8/4/2015,17.8,,,,,
8/3/2015,17.77,,,,,
7/31/2015,17.88,,,,,
7/30/2015,18.13,,,,,
7/29/2015,18.16,,,,,
7/28/2015,17.88,,,,,
7/27/2015,17.67,,,,,
7/24/2015,17.9,,,,,
7/23/2015,18.18,,,,,
7/22/2015,18.45,,,,,
7/21/2015,18.08,,,,,
7/20/2015,18.12,,,,,
7/17/2015,18.1,,,,,
7/16/2015,17.95,,,,,
7/15/2015,17.68,,,,,
7/14/2015,17.13,,,,,
7/13/2015,17.02,,,,,
7/10/2015,16.7,,,,,
7/9/2015,16.48,,,,,
7/8/2015,16.25,,,,,
7/7/2015,16.69,,,,,
7/6/2015,16.94,,,,,
7/2/2015,17.03,,,,,
7/1/2015,17.22,,,,,
6/30/2015,17.02,,,,,
6/29/2015,16.89,,,,,
6/26/2015,17.41,,,,,
6/25/2015,17.37,,,,,
6/24/2015,17.49,,,,,
6/23/2015,17.67,,,,,
6/22/2015,17.47,,,,,
6/19/2015,17.17,,,,,
6/18/2015,17.38,,,,,
6/17/2015,17.37,,,,,
6/16/2015,17.55,,,,,
6/15/2015,17.47,,,,,
6/12/2015,17.49,,,,,
6/11/2015,17.49,,,,,
6/10/2015,17.59,,,,,
6/9/2015,17.31,,,,,
6/8/2015,17.08,,,,,
6/5/2015,17.19,,,,,
6/4/2015,16.78,,,,,
6/3/2015,16.93,,,,,
6/2/2015,16.72,,,,,
6/1/2015,16.55,,,,,
5/29/2015,16.5,,,,,
5/28/2015,16.67,,,,,
5/27/2015,16.74,,,,,
5/26/2015,16.5,,,,,
5/22/2015,16.75,,,,,
5/21/2015,16.73,,,,,
5/20/2015,16.74,,,,,
5/19/2015,16.77,,,,,
5/18/2015,16.51,,,,,
5/15/2015,16.35,,,,,
5/14/2015,16.52,,,,,
5/13/2015,16.47,,,,,
5/12/2015,16.43,,,,,
5/11/2015,16.49,,,,,
5/8/2015,16.45,,,,,
5/7/2015,16.24,,,,,
5/6/2015,16.29,,,,,
5/5/2015,16.35,,,,,
5/4/2015,16.44,,,,,
5/1/2015,16.11,,,,,
4/30/2015,15.93,,,,,
4/29/2015,15.98,,,,,
4/28/2015,15.65,,,,,
4/27/2015,15.56,,,,,
4/24/2015,15.64,,,,,
4/23/2015,15.69,,,,,
4/22/2015,15.74,,,,,
4/21/2015,15.5,,,,,
4/20/2015,15.57,,,,,
4/17/2015,15.56,,,,,
4/16/2015,15.79,,,,,
4/15/2015,15.64,,,,,
4/14/2015,15.82,,,,,
4/13/2015,15.8,,,,,
4/10/2015,15.72,,,,,
4/9/2015,15.71,,,,,
4/8/2015,15.61,,,,,
4/7/2015,15.46,,,,,
4/6/2015,15.51,,,,,
4/2/2015,15.54,,,,,
4/1/2015,15.41,,,,,
3/31/2015,15.39,,,,,
3/30/2015,15.52,,,,,
3/27/2015,15.31,,,,,
3/26/2015,15.42,,,,,
3/25/2015,15.41,,,,,
3/24/2015,15.61,,,,,
3/23/2015,15.72,,,,,
3/20/2015,15.84,,,,,
3/19/2015,15.61,,,,,
3/18/2015,15.98,,,,,
3/17/2015,16.09,,,,,
3/16/2015,16.13,,,,,
3/13/2015,16.09,,,,,
3/12/2015,16.09,,,,,
3/11/2015,16.11,,,,,
3/10/2015,15.79,,,,,
3/9/2015,16.17,,,,,
3/6/2015,16.22,,,,,
3/5/2015,16,,,,,
3/4/2015,15.84,,,,,
3/3/2015,16.04,,,,,
3/2/2015,16.01,,,,,
2/27/2015,15.81,,,,,
2/26/2015,16.04,,,,,
2/25/2015,16.49,,,,,
2/24/2015,16.38,,,,,
2/23/2015,16.2,,,,,
2/20/2015,16.38,,,,,
2/19/2015,16.21,,,,,
2/18/2015,16.3,,,,,
2/17/2015,16.63,,,,,
2/13/2015,16.61,,,,,
2/12/2015,16.67,,,,,
2/11/2015,16.36,,,,,
2/10/2015,16.42,,,,,
2/9/2015,16.35,,,,,
2/6/2015,16.49,,,,,
2/5/2015,15.97,,,,,
2/4/2015,15.79,,,,,
2/3/2015,15.89,,,,,
2/2/2015,15.46,,,,,
1/30/2015,15.15,,,,,
1/29/2015,15.43,,,,,
1/28/2015,15.2,,,,,
1/27/2015,15.63,,,,,
1/26/2015,15.85,,,,,
1/23/2015,15.73,,,,,
1/22/2015,16.09,,,,,
1/21/2015,15.41,,,,,
1/20/2015,15.26,,,,,
1/16/2015,15.38,,,,,
1/15/2015,15.2,,,,,
1/14/2015,16.04,,,,,
1/13/2015,16.45,,,,,
1/12/2015,16.68,,,,,
1/9/2015,16.98,,,,,
1/8/2015,17.29,,,,,
1/7/2015,16.94,,,,,
1/6/2015,16.86,,,,,
1/5/2015,17.38,,,,,
1/2/2015,17.9,,,,,
12/31/2014,17.89,,,,,
12/30/2014,18.13,,,,,
12/29/2014,18.11,,,,,
12/26/2014,17.98,,,,,
12/24/2014,17.98,,,,,
12/23/2014,17.93,,,,,
12/22/2014,17.71,,,,,
12/19/2014,17.62,,,,,
12/18/2014,17.53,,,,,
12/17/2014,17.26,,,,,
12/16/2014,16.72,,,,,
12/15/2014,16.85,,,,,
12/12/2014,17.13,,,,,
12/11/2014,17.47,,,,,
12/10/2014,17.38,,,,,
12/9/2014,17.56,,,,,
12/8/2014,17.66,,,,,
12/5/2014,17.68,,,,,
12/4/2014,17.21,,,,,
12/3/2014,17.29,,,,,
12/2/2014,17.15,,,,,
12/1/2014,16.79,,,,,
11/28/2014,17.04,,,,,
11/26/2014,17.11,,,,,
11/25/2014,17.1,,,,,
11/24/2014,17.18,,,,,
11/21/2014,17.12,,,,,
11/20/2014,17,,,,,
11/19/2014,17.06,,,,,
11/18/2014,17.14,,,,,
11/17/2014,17.09,,,,,
11/14/2014,17.14,,,,,
11/13/2014,17.22,,,,,
11/12/2014,17.29,,,,,
11/11/2014,17.32,,,,,
11/10/2014,17.37,,,,,
11/7/2014,17.36,,,,,
11/6/2014,17.36,,,,,
11/5/2014,17.34,,,,,
11/4/2014,17.21,,,,,
11/3/2014,17.27,,,,,
10/31/2014,17.16,,,,,
10/30/2014,17.03,,,,,
10/29/2014,16.99,,,,,
10/28/2014,16.8,,,,,
10/27/2014,16.59,,,,,
10/24/2014,16.72,,,,,
10/23/2014,16.6,,,,,
10/22/2014,16.4,,,,,
10/21/2014,16.6,,,,,
10/20/2014,16.26,,,,,
10/17/2014,16.21,,,,,
10/16/2014,16.08,,,,,
10/15/2014,15.76,,,,,
10/14/2014,16.52,,,,,
10/13/2014,16.4,,,,,
10/10/2014,16.48,,,,,
10/9/2014,16.59,,,,,
10/8/2014,17.12,,,,,
10/7/2014,16.88,,,,,
10/6/2014,17.29,,,,,
10/3/2014,17.29,,,,,
10/2/2014,16.88,,,,,
10/1/2014,16.82,,,,,
9/30/2014,17.05,,,,,
9/29/2014,17.01,,,,,
9/26/2014,17.03,,,,,
9/25/2014,16.85,,,,,
9/24/2014,17.18,,,,,
9/23/2014,17.05,,,,,
9/22/2014,17.03,,,,,
9/19/2014,16.95,,,,,
9/18/2014,17.04,,,,,
9/17/2014,16.77,,,,,
9/16/2014,16.71,,,,,
9/15/2014,16.74,,,,,
9/12/2014,16.79,,,,,
9/11/2014,16.57,,,,,
9/10/2014,16.36,,,,,
9/9/2014,16.14,,,,,
9/8/2014,16.35,,,,,
9/5/2014,16.02,,,,,
9/4/2014,16.11,,,,,
9/3/2014,16.1,,,,,
9/2/2014,16.27,,,,,
8/29/2014,16.09,,,,,
8/28/2014,16.01,,,,,
8/27/2014,16.2,,,,,
8/26/2014,16.33,,,,,
8/25/2014,16.29,,,,,
8/22/2014,16.13,,,,,
8/21/2014,16.16,,,,,
8/20/2014,15.52,,,,,
8/19/2014,15.45,,,,,
8/18/2014,15.45,,,,,
8/15/2014,15.22,,,,,
8/14/2014,15.32,,,,,
8/13/2014,15.25,,,,,
8/12/2014,15.21,,,,,
8/11/2014,15.22,,,,,
8/8/2014,15.2,,,,,
8/7/2014,15.12,,,,,
8/6/2014,15.2,,,,,
8/5/2014,15,,,,,
8/4/2014,15.05,,,,,
8/1/2014,14.98,,,,,
7/31/2014,15.25,,,,,
7/30/2014,15.58,,,,,
7/29/2014,15.34,,,,,
7/28/2014,15.5,,,,,
7/25/2014,15.59,,,,,
7/24/2014,15.62,,,,,
7/23/2014,15.52,,,,,
7/22/2014,15.52,,,,,
7/21/2014,15.52,,,,,
7/18/2014,15.49,,,,,
7/17/2014,15.2,,,,,
7/16/2014,15.51,,,,,
7/15/2014,15.81,,,,,
7/14/2014,15.57,,,,,
7/11/2014,15.38,,,,,
7/10/2014,15.44,,,,,
7/9/2014,15.6,,,,,
7/8/2014,15.58,,,,,
7/7/2014,15.94,,,,,
7/3/2014,16.03,,,,,
7/2/2014,15.85,,,,,
7/1/2014,15.6,,,,,
6/30/2014,15.37,,,,,
6/27/2014,15.33,,,,,
6/26/2014,15.41,,,,,
6/25/2014,15.47,,,,,
6/24/2014,15.49,,,,,
6/23/2014,15.64,,,,,
6/20/2014,15.45,,,,,
6/19/2014,15.55,,,,,
6/18/2014,15.65,,,,,
6/17/2014,15.59,,,,,
6/16/2014,15.28,,,,,
6/13/2014,15.44,,,,,
6/12/2014,15.42,,,,,
6/11/2014,15.59,,,,,
6/10/2014,15.92,,,,,
6/9/2014,15.84,,,,,
6/6/2014,15.59,,,,,
6/5/2014,15.43,,,,,
6/4/2014,15.21,,,,,
6/3/2014,15.21,,,,,
6/2/2014,15.26,,,,,
5/30/2014,15.14,,,,,
5/29/2014,15.15,,,,,
5/28/2014,15.14,,,,,
5/27/2014,15.22,,,,,
5/23/2014,14.72,,,,,
5/22/2014,14.71,,,,,
5/21/2014,14.61,,,,,
5/20/2014,14.53,,,,,
5/19/2014,14.67,,,,,
5/16/2014,14.51,,,,,
5/15/2014,14.55,,,,,
5/14/2014,14.84,,,,,
5/13/2014,15.03,,,,,
5/12/2014,15.07,,,,,
5/9/2014,14.74,,,,,
5/8/2014,14.93,,,,,
5/7/2014,14.8,,,,,
5/6/2014,14.73,,,,,
5/5/2014,15.08,,,,,
5/2/2014,15.25,,,,,
5/1/2014,15.09,,,,,
4/30/2014,15.14,,,,,
4/29/2014,15.24,,,,,
4/28/2014,14.95,,,,,
4/25/2014,15.95,,,,,
4/24/2014,16.34,,,,,
4/23/2014,16.37,,,,,
4/22/2014,16.29,,,,,
4/21/2014,16.09,,,,,
4/17/2014,16.15,,,,,
4/16/2014,16.13,,,,,
4/15/2014,16.39,,,,,
4/14/2014,16,,,,,
4/11/2014,15.77,,,,,
4/10/2014,16.12,,,,,
4/9/2014,16.62,,,,,
4/8/2014,16.44,,,,,
4/7/2014,16.38,,,,,
4/4/2014,16.72,,,,,
4/3/2014,17.15,,,,,
4/2/2014,17.23,,,,,
4/1/2014,17.34,,,,,
3/31/2014,17.2,,,,,
3/28/2014,16.98,,,,,
3/27/2014,17.01,,,,,
3/26/2014,17.18,,,,,
3/25/2014,17.21,,,,,
3/24/2014,17.37,,,,,
3/21/2014,17.56,,,,,
3/20/2014,17.92,,,,,
3/19/2014,17.44,,,,,
3/18/2014,17.19,,,,,
3/17/2014,17.11,,,,,
3/14/2014,16.8,,,,,
3/13/2014,17.16,,,,,
3/12/2014,17.28,,,,,
3/11/2014,17.27,,,,,
3/10/2014,17.47,,,,,
3/7/2014,17.33,,,,,
3/6/2014,17.35,,,,,
3/5/2014,17.25,,,,,
3/4/2014,16.73,,,,,
3/3/2014,16.3,,,,,
2/28/2014,16.53,,,,,
2/27/2014,16.49,,,,,
2/26/2014,16.33,,,,,
2/25/2014,16.34,,,,,
2/24/2014,16.53,,,,,
2/21/2014,16.29,,,,,
2/20/2014,16.3,,,,,
2/19/2014,16.2,,,,,
2/18/2014,16.47,,,,,
2/14/2014,16.7,,,,,
2/13/2014,16.75,,,,,
2/12/2014,16.75,,,,,
2/11/2014,16.88,,,,,
2/10/2014,16.72,,,,,
2/7/2014,16.82,,,,,
2/6/2014,16.69,,,,,
2/5/2014,16.4,,,,,
2/4/2014,16.35,,,,,
2/3/2014,16.35,,,,,
1/31/2014,16.75,,,,,
1/30/2014,16.93,,,,,
1/29/2014,16.68,,,,,
1/28/2014,16.73,,,,,
1/27/2014,16.31,,,,,
1/24/2014,16.45,,,,,
1/23/2014,16.86,,,,,
1/22/2014,17.15,,,,,
1/21/2014,17.01,,,,,
1/17/2014,17.01,,,,,
1/16/2014,17.08,,,,,
1/15/2014,17.15,,,,,
1/14/2014,16.77,,,,,
1/13/2014,16.43,,,,,
1/10/2014,16.77,,,,,
1/9/2014,16.83,,,,,
1/8/2014,16.58,,,,,
1/7/2014,16.5,,,,,
1/6/2014,16.66,,,,,
1/3/2014,16.41,,,,,
1/2/2014,16.1,,,,,
12/31/2013,15.57,,,,,
12/30/2013,15.54,,,,,
12/27/2013,15.67,,,,,
12/26/2013,15.65,,,,,
12/24/2013,15.7,,,,,
12/23/2013,15.69,,,,,
12/20/2013,15.6,,,,,
12/19/2013,15.75,,,,,
12/18/2013,15.69,,,,,
12/17/2013,15.18,,,,,
12/16/2013,15.24,,,,,
12/13/2013,15.18,,,,,
12/12/2013,15.25,,,,,
12/11/2013,15.25,,,,,
12/10/2013,15.56,,,,,
12/9/2013,15.58,,,,,
12/6/2013,15.56,,,,,
12/5/2013,15.43,,,,,
12/4/2013,15.63,,,,,
12/3/2013,15.54,,,,,
12/2/2013,15.73,,,,,
11/29/2013,15.82,,,,,
11/27/2013,15.83,,,,,
11/26/2013,15.88,,,,,
11/25/2013,15.81,,,,,
11/22/2013,15.64,,,,,
11/21/2013,15.59,,,,,
11/20/2013,15.14,,,,,
11/19/2013,15.2,,,,,
11/18/2013,14.92,,,,,
11/15/2013,14.92,,,,,
11/14/2013,14.79,,,,,
11/13/2013,14.64,,,,,
11/12/2013,14.32,,,,,
11/11/2013,14.4,,,,,
11/8/2013,14.32,,,,,
11/7/2013,13.8,,,,,
11/6/2013,13.96,,,,,
11/5/2013,13.93,,,,,
11/4/2013,14.04,,,,,
11/1/2013,14.02,,,,,
10/31/2013,13.97,,,,,
10/30/2013,14.17,,,,,
10/29/2013,14.15,,,,,
10/28/2013,14.23,,,,,
10/25/2013,14.26,,,,,
10/24/2013,14.17,,,,,
10/23/2013,14.21,,,,,
10/22/2013,14.52,,,,,
10/21/2013,14.52,,,,,
10/18/2013,14.63,,,,,
10/17/2013,14.66,,,,,
10/16/2013,14.56,,,,,
10/15/2013,14.24,,,,,
10/14/2013,14.35,,,,,
10/11/2013,14.19,,,,,
10/10/2013,14.23,,,,,
10/9/2013,13.84,,,,,
10/8/2013,13.69,,,,,
10/7/2013,13.81,,,,,
10/4/2013,14.05,,,,,
10/3/2013,14,,,,,
10/2/2013,14.06,,,,,
10/1/2013,13.9,,,,,
9/30/2013,13.8,,,,,
9/27/2013,13.9,,,,,
9/26/2013,14.08,,,,,
9/25/2013,14.14,,,,,
9/24/2013,14.09,,,,,
9/23/2013,14.14,,,,,
9/20/2013,14.44,,,,,
9/19/2013,14.61,,,,,
9/18/2013,14.71,,,,,
9/17/2013,14.55,,,,,
9/16/2013,14.53,,,,,
9/13/2013,14.49,,,,,
9/12/2013,14.48,,,,,
9/11/2013,14.65,,,,,
9/10/2013,14.61,,,,,
9/9/2013,14.48,,,,,
9/6/2013,14.36,,,,,
9/5/2013,14.37,,,,,
9/4/2013,14.32,,,,,
9/3/2013,14.25,,,,,
8/30/2013,14.12,,,,,
8/29/2013,14.17,,,,,
8/28/2013,14.12,,,,,
8/27/2013,14.11,,,,,
8/26/2013,14.49,,,,,
8/23/2013,14.57,,,,,
8/22/2013,14.57,,,,,
8/21/2013,14.34,,,,,
8/20/2013,14.29,,,,,
8/19/2013,14.15,,,,,
8/16/2013,14.42,,,,,
8/15/2013,14.32,,,,,
8/14/2013,14.6,,,,,
8/13/2013,14.51,,,,,
8/12/2013,14.41,,,,,
8/9/2013,14.45,,,,,
8/8/2013,14.61,,,,,
8/7/2013,14.53,,,,,
8/6/2013,14.64,,,,,
8/5/2013,14.8,,,,,
8/2/2013,14.84,,,,,
8/1/2013,14.95,,,,,
7/31/2013,14.6,,,,,
7/30/2013,14.52,,,,,
7/29/2013,14.52,,,,,
7/26/2013,14.73,,,,,
7/25/2013,14.83,,,,,
7/24/2013,14.71,,,,,
7/23/2013,14.94,,,,,
7/22/2013,14.92,,,,,
7/19/2013,14.75,,,,,
7/18/2013,14.76,,,,,
7/17/2013,14.31,,,,,
7/16/2013,13.92,,,,,
7/15/2013,13.88,,,,,
7/12/2013,13.78,,,,,
7/11/2013,13.51,,,,,
7/10/2013,13.37,,,,,
7/9/2013,13.53,,,,,
7/8/2013,13.28,,,,,
7/5/2013,13.06,,,,,
7/3/2013,12.83,,,,,
7/2/2013,12.9,,,,,
7/1/2013,12.93,,,,,
6/28/2013,12.86,,,,,
6/27/2013,13.01,,,,,
6/26/2013,12.76,,,,,
6/25/2013,12.67,,,,,
6/24/2013,12.3,,,,,
6/21/2013,12.69,,,,,
6/20/2013,12.89,,,,,
6/19/2013,13.19,,,,,
6/18/2013,13.27,,,,,
6/17/2013,13.21,,,,,
6/14/2013,13.07,,,,,
6/13/2013,13.21,,,,,
6/12/2013,13.06,,,,,
6/11/2013,13.12,,,,,
6/10/2013,13.3,,,,,
6/7/2013,13.38,,,,,
6/6/2013,13.2,,,,,
6/5/2013,13.09,,,,,
6/4/2013,13.36,,,,,
6/3/2013,13.55,,,,,
5/31/2013,13.66,,,,,
5/30/2013,13.83,,,,,
5/29/2013,13.48,,,,,
5/28/2013,13.35,,,,,
5/24/2013,13.24,,,,,
5/23/2013,13.21,,,,,
5/22/2013,13.31,,,,,
5/21/2013,13.44,,,,,
5/20/2013,13.51,,,,,
5/17/2013,13.43,,,,,
5/16/2013,13.36,,,,,
5/15/2013,13.44,,,,,
5/14/2013,13.34,,,,,
5/13/2013,12.98,,,,,
5/10/2013,13.02,,,,,
5/9/2013,12.91,,,,,
5/8/2013,13.02,,,,,
5/7/2013,12.9,,,,,
5/6/2013,12.88,,,,,
5/3/2013,12.24,,,,,
5/2/2013,12.19,,,,,
5/1/2013,12.14,,,,,
4/30/2013,12.31,,,,,
4/29/2013,12.38,,,,,
4/26/2013,12.42,,,,,
4/25/2013,12.44,,,,,
4/24/2013,12.31,,,,,
4/23/2013,12.07,,,,,
4/22/2013,11.72,,,,,
4/19/2013,11.66,,,,,
4/18/2013,11.44,,,,,
4/17/2013,11.7,,,,,
4/16/2013,12.28,,,,,
4/15/2013,11.98,,,,,
4/12/2013,12.17,,,,,
4/11/2013,12.27,,,,,
4/10/2013,12.32,,,,,
4/9/2013,12.25,,,,,
4/8/2013,12.21,,,,,
4/5/2013,11.97,,,,,
4/4/2013,11.94,,,,,
4/3/2013,11.81,,,,,
4/2/2013,12.15,,,,,
4/1/2013,12.15,,,,,
3/28/2013,12.18,,,,,
3/27/2013,12.23,,,,,
3/26/2013,12.28,,,,,
3/25/2013,12.4,,,,,
3/22/2013,12.56,,,,,
3/21/2013,12.57,,,,,
3/20/2013,12.78,,,,,
3/19/2013,12.71,,,,,
3/18/2013,12.56,,,,,
3/15/2013,12.57,,,,,
3/14/2013,12.11,,,,,
3/13/2013,12.06,,,,,
3/12/2013,12.01,,,,,
3/11/2013,12.15,,,,,
3/8/2013,12.07,,,,,
3/7/2013,12.26,,,,,
3/6/2013,11.92,,,,,
3/5/2013,11.55,,,,,
3/4/2013,11.41,,,,,
3/1/2013,11.34,,,,,
2/28/2013,11.23,,,,,
2/27/2013,11.3,,,,,
2/26/2013,11.13,,,,,
2/25/2013,11.03,,,,,
2/22/2013,11.44,,,,,
2/21/2013,11.42,,,,,
2/20/2013,11.8,,,,,
2/19/2013,12.19,,,,,
2/15/2013,12.03,,,,,
2/14/2013,12.13,,,,,
2/13/2013,12.17,,,,,
2/12/2013,12.24,,,,,
2/11/2013,11.86,,,,,
2/8/2013,11.76,,,,,
2/7/2013,11.84,,,,,
2/6/2013,11.93,,,,,
2/5/2013,11.88,,,,,
2/4/2013,11.48,,,,,
2/1/2013,11.71,,,,,
1/31/2013,11.32,,,,,
1/30/2013,11.38,,,,,
1/29/2013,11.49,,,,,
1/28/2013,11.48,,,,,
1/25/2013,11.62,,,,,
1/24/2013,11.53,,,,,
1/23/2013,11.42,,,,,
1/22/2013,11.35,,,,,
1/18/2013,11.14,,,,,
1/17/2013,11.28,,,,,
1/16/2013,11.78,,,,,
1/15/2013,11.55,,,,,
1/14/2013,11.47,,,,,
1/11/2013,11.63,,,,,
1/10/2013,11.78,,,,,
1/9/2013,11.43,,,,,
1/8/2013,11.98,,,,,
1/7/2013,12.09,,,,,
1/4/2013,12.11,,,,,
1/3/2013,11.96,,,,,
1/2/2013,12.03,,,,,
12/31/2012,11.61,,,,,
12/28/2012,11.36,,,,,
12/27/2012,11.47,,,,,
12/26/2012,11.54,,,,,
12/24/2012,11.25,,,,,
12/21/2012,11.29,,,,,
12/20/2012,11.52,,,,,
12/19/2012,11.19,,,,,
12/18/2012,11.36,,,,,
12/17/2012,11,,,,,
12/14/2012,10.58,,,,,
12/13/2012,10.54,,,,,
12/12/2012,10.61,,,,,
12/11/2012,10.51,,,,,
12/10/2012,10.57,,,,,
12/7/2012,10.63,,,,,
12/6/2012,10.46,,,,,
12/5/2012,10.46,,,,,
12/4/2012,9.91,,,,,
12/3/2012,9.8,,,,,
11/30/2012,9.86,,,,,
11/29/2012,9.83,,,,,
11/28/2012,9.76,,,,,
11/27/2012,9.66,,,,,
11/26/2012,9.84,,,,,
11/23/2012,9.9,,,,,
11/21/2012,9.77,,,,,
11/20/2012,9.63,,,,,
11/19/2012,9.49,,,,,
11/16/2012,9.12,,,,,
11/15/2012,9.09,,,,,
11/14/2012,8.99,,,,,
11/13/2012,9.33,,,,,
11/12/2012,9.39,,,,,
11/9/2012,9.43,,,,,
11/8/2012,9.39,,,,,
11/7/2012,9.23,,,,,
11/6/2012,9.94,,,,,
11/5/2012,9.75,,,,,
11/2/2012,9.85,,,,,
11/1/2012,9.74,,,,,
10/31/2012,9.32,,,,,
10/26/2012,9.12,,,,,
10/25/2012,9.24,,,,,
10/24/2012,9.31,,,,,
10/23/2012,9.36,,,,,
10/22/2012,9.55,,,,,
10/19/2012,9.44,,,,,
10/18/2012,9.47,,,,,
10/17/2012,9.44,,,,,
10/16/2012,9.46,,,,,
10/15/2012,9.44,,,,,
10/12/2012,9.12,,,,,
10/11/2012,9.34,,,,,
10/10/2012,9.21,,,,,
10/9/2012,9.21,,,,,
10/8/2012,9.28,,,,,
10/5/2012,9.32,,,,,
10/4/2012,9.41,,,,,
10/3/2012,9.11,,,,,
10/2/2012,8.93,,,,,
10/1/2012,8.96,,,,,
9/28/2012,8.83,,,,,
9/27/2012,8.97,,,,,
9/26/2012,8.81,,,,,
9/25/2012,8.93,,,,,
9/24/2012,9.1,,,,,
9/21/2012,9.11,,,,,
9/20/2012,9.19,,,,,
9/19/2012,9.29,,,,,
9/18/2012,9.23,,,,,
9/17/2012,9.3,,,,,
9/14/2012,9.55,,,,,
9/13/2012,9.4,,,,,
9/12/2012,8.97,,,,,
9/11/2012,9.03,,,,,
9/10/2012,8.58,,,,,
9/7/2012,8.8,,,,,
9/6/2012,8.35,,,,,
9/5/2012,7.95,,,,,
9/4/2012,8,,,,,
8/31/2012,7.99,,,,,
8/30/2012,7.91,,,,,
8/29/2012,8,,,,,
8/28/2012,7.96,,,,,
8/27/2012,8.07,,,,,
8/24/2012,8.16,,,,,
8/23/2012,8.15,,,,,
8/22/2012,8.22,,,,,
8/21/2012,8.19,,,,,
8/20/2012,8.15,,,,,
8/17/2012,8,,,,,
8/16/2012,7.93,,,,,
8/15/2012,7.87,,,,,
8/14/2012,7.78,,,,,
8/13/2012,7.72,,,,,
8/10/2012,7.74,,,,,
8/9/2012,7.72,,,,,
8/8/2012,7.67,,,,,
8/7/2012,7.67,,,,,
8/6/2012,7.64,,,,,
8/3/2012,7.43,,,,,
8/2/2012,7.18,,,,,
8/1/2012,7.22,,,,,
7/31/2012,7.34,,,,,
7/30/2012,7.28,,,,,
7/27/2012,7.31,,,,,
7/26/2012,7.17,,,,,
7/25/2012,7.07,,,,,
7/24/2012,7.04,,,,,
7/23/2012,7.09,,,,,
7/20/2012,7.07,,,,,
7/19/2012,7.26,,,,,
7/18/2012,7.53,,,,,
7/17/2012,7.92,,,,,
7/16/2012,7.81,,,,,
7/13/2012,7.82,,,,,
7/12/2012,7.48,,,,,
7/11/2012,7.63,,,,,
7/10/2012,7.48,,,,,
7/9/2012,7.56,,,,,
7/6/2012,7.66,,,,,
7/5/2012,7.82,,,,,
7/3/2012,8.06,,,,,
7/2/2012,8.05,,,,,
6/29/2012,8.18,,,,,
6/28/2012,7.74,,,,,
6/27/2012,7.77,,,,,
6/26/2012,7.62,,,,,
6/25/2012,7.6,,,,,
6/22/2012,7.94,,,,,
6/21/2012,7.82,,,,,
6/20/2012,8.14,,,,,
6/19/2012,8.11,,,,,
6/18/2012,7.76,,,,,
6/15/2012,7.9,,,,,
6/14/2012,7.66,,,,,
6/13/2012,7.5,,,,,
6/12/2012,7.49,,,,,
6/11/2012,7.28,,,,,
6/8/2012,7.56,,,,,
6/7/2012,7.42,,,,,
6/6/2012,7.64,,,,,
6/5/2012,7.1,,,,,
6/4/2012,6.9,,,,,
6/1/2012,7.02,,,,,
5/31/2012,7.35,,,,,
5/30/2012,7.2,,,,,
5/29/2012,7.44,,,,,
5/25/2012,7.15,,,,,
5/24/2012,7.14,,,,,
5/23/2012,7.17,,,,,
5/22/2012,6.98,,,,,
5/21/2012,6.83,,,,,
5/18/2012,7.02,,,,,
5/17/2012,6.98,,,,,
5/16/2012,7.11,,,,,
5/15/2012,7.3,,,,,
5/14/2012,7.35,,,,,
5/11/2012,7.55,,,,,
5/10/2012,7.7,,,,,
5/9/2012,7.73,,,,,
5/8/2012,7.79,,,,,
5/7/2012,7.96,,,,,
5/4/2012,7.74,,,,,
5/3/2012,8,,,,,
5/2/2012,8.16,,,,,
5/1/2012,8.31,,,,,
4/30/2012,8.11,,,,,
4/27/2012,8.25,,,,,
4/26/2012,8.27,,,,,
4/25/2012,8.26,,,,,
4/24/2012,8.21,,,,,
4/23/2012,8.18,,,,,
4/20/2012,8.36,,,,,
4/19/2012,8.77,,,,,
4/18/2012,8.92,,,,,
4/17/2012,8.92,,,,,
4/16/2012,8.79,,,,,
4/13/2012,8.68,,,,,
4/12/2012,9.17,,,,,
4/11/2012,8.86,,,,,
4/10/2012,8.54,,,,,
4/9/2012,8.93,,,,,
4/5/2012,9.23,,,,,
4/4/2012,9.2,,,,,
4/3/2012,9.49,,,,,
4/2/2012,9.68,,,,,
3/30/2012,9.57,,,,,
3/29/2012,9.53,,,,,
3/28/2012,9.75,,,,,
3/27/2012,9.6,,,,,
3/26/2012,9.93,,,,,
3/23/2012,9.85,,,,,
3/22/2012,9.6,,,,,
3/21/2012,9.82,,,,,
3/20/2012,9.81,,,,,
3/19/2012,9.53,,,,,
3/16/2012,9.8,,,,,
3/15/2012,9.24,,,,,
3/14/2012,8.84,,,,,
3/13/2012,8.49,,,,,
3/12/2012,7.99,,,,,
3/9/2012,8.05,,,,,
3/8/2012,8.06,,,,,
3/7/2012,8.02,,,,,
3/6/2012,7.71,,,,,
3/5/2012,7.97,,,,,
3/2/2012,8.13,,,,,
3/1/2012,8.12,,,,,
2/29/2012,7.97,,,,,
2/28/2012,8.12,,,,,
2/27/2012,8.04,,,,,
2/24/2012,7.88,,,,,
2/23/2012,8.02,,,,,
2/22/2012,7.95,,,,,
2/21/2012,8.11,,,,,
2/17/2012,8.02,,,,,
2/16/2012,8.09,,,,,
2/15/2012,7.78,,,,,
2/14/2012,7.98,,,,,
2/13/2012,8.25,,,,,
2/10/2012,8.07,,,,,
2/9/2012,8.18,,,,,
2/8/2012,8.13,,,,,
2/7/2012,7.85,,,,,
2/6/2012,7.97,,,,,
2/3/2012,7.84,,,,,
2/2/2012,7.45,,,,,
2/1/2012,7.36,,,,,
1/31/2012,7.13,,,,,
1/30/2012,7.07,,,,,
1/27/2012,7.29,,,,,
1/26/2012,7.3,,,,,
1/25/2012,7.35,,,,,
1/24/2012,7.29,,,,,
1/23/2012,7.25,,,,,
1/20/2012,7.07,,,,,
1/19/2012,6.96,,,,,
1/18/2012,6.8,,,,,
1/17/2012,6.48,,,,,
1/13/2012,6.61,,,,,
1/12/2012,6.79,,,,,
1/11/2012,6.87,,,,,
1/10/2012,6.63,,,,,
1/9/2012,6.27,,,,,
1/6/2012,6.18,,,,,
1/5/2012,6.31,,,,,
1/4/2012,5.81,,,,,
1/3/2012,5.8,,,,,
12/30/2011,5.56,,,,,
12/29/2011,5.46,,,,,
12/28/2011,5.29,,,,,
12/27/2011,5.48,,,,,
12/23/2011,5.6,,,,,
12/22/2011,5.47,,,,,
12/21/2011,5.23,,,,,
12/20/2011,5.17,,,,,
12/19/2011,4.99,,,,,
12/16/2011,5.2,,,,,
12/15/2011,5.26,,,,,
12/14/2011,5.23,,,,,
12/13/2011,5.32,,,,,
12/12/2011,5.45,,,,,
12/9/2011,5.72,,,,,
12/8/2011,5.59,,,,,
12/7/2011,5.89,,,,,
12/6/2011,5.78,,,,,
12/5/2011,5.79,,,,,
12/2/2011,5.64,,,,,
12/1/2011,5.53,,,,,
11/30/2011,5.44,,,,,
11/29/2011,5.08,,,,,
11/28/2011,5.25,,,,,
11/25/2011,5.17,,,,,
11/23/2011,5.14,,,,,
11/22/2011,5.37,,,,,
11/21/2011,5.49,,,,,
11/18/2011,5.78,,,,,
11/17/2011,5.8,,,,,
11/16/2011,5.9,,,,,
11/15/2011,6.13,,,,,
11/14/2011,6.05,,,,,
11/11/2011,6.21,,,,,
11/10/2011,6.03,,,,,
11/9/2011,6.16,,,,,
11/8/2011,6.53,,,,,
11/7/2011,6.45,,,,,
11/4/2011,6.49,,,,,
11/3/2011,6.91,,,,,
11/2/2011,6.72,,,,,
11/1/2011,6.4,,,,,
10/31/2011,6.83,,,,,
10/28/2011,7.35,,,,,
10/27/2011,7.22,,,,,
10/26/2011,6.59,,,,,
10/25/2011,6.46,,,,,
10/24/2011,6.72,,,,,
10/21/2011,6.46,,,,,
10/20/2011,6.47,,,,,
10/19/2011,6.4,,,,,
10/18/2011,6.64,,,,,
10/17/2011,6.03,,,,,
10/14/2011,6.19,,,,,
10/13/2011,6.22,,,,,
10/12/2011,6.58,,,,,
10/11/2011,6.37,,,,,
10/10/2011,6.28,,,,,
10/7/2011,5.9,,,,,
10/6/2011,6.28,,,,,
10/5/2011,5.77,,,,,
10/4/2011,5.76,,,,,
10/3/2011,5.53,,,,,
9/30/2011,6.12,,,,,
9/29/2011,6.35,,,,,
9/28/2011,6.16,,,,,
9/27/2011,6.48,,,,,
9/26/2011,6.6,,,,,
9/23/2011,6.31,,,,,
9/22/2011,6.06,,,,,
9/21/2011,6.38,,,,,
9/20/2011,6.9,,,,,
9/19/2011,6.99,,,,,
9/16/2011,7.23,,,,,
9/15/2011,7.33,,,,,
9/14/2011,7.05,,,,,
9/13/2011,7,,,,,
9/12/2011,7.05,,,,,
9/9/2011,6.98,,,,,
9/8/2011,7.2,,,,,
9/7/2011,7.48,,,,,
9/6/2011,6.99,,,,,
9/2/2011,7.25,,,,,
9/1/2011,7.91,,,,,
8/31/2011,8.17,,,,,
8/30/2011,8.12,,,,,
8/29/2011,8.39,,,,,
8/26/2011,7.76,,,,,
8/25/2011,7.65,,,,,
8/24/2011,6.99,,,,,
8/23/2011,6.3,,,,,
8/22/2011,6.42,,,,,
8/19/2011,6.97,,,,,
8/18/2011,7.01,,,,,
8/17/2011,7.46,,,,,
8/16/2011,7.4,,,,,
8/15/2011,7.76,,,,,
8/12/2011,7.19,,,,,
8/11/2011,7.25,,,,,
8/10/2011,6.77,,,,,
8/9/2011,7.6,,,,,
8/8/2011,6.51,,,,,
8/5/2011,8.17,,,,,
8/4/2011,8.83,,,,,
8/3/2011,9.54,,,,,
8/2/2011,9.49,,,,,
8/1/2011,9.81,,,,,
7/29/2011,9.71,,,,,
7/28/2011,9.79,,,,,
7/27/2011,9.68,,,,,
7/26/2011,10,,,,,
7/25/2011,10.01,,,,,
7/22/2011,10.13,,,,,
7/21/2011,10.23,,,,,
7/20/2011,9.85,,,,,
7/19/2011,9.57,,,,,
7/18/2011,9.72,,,,,
7/15/2011,10,,,,,
7/14/2011,10.07,,,,,
7/13/2011,10.2,,,,,
7/12/2011,10.21,,,,,
7/11/2011,10.35,,,,,
7/8/2011,10.7,,,,,
7/7/2011,10.92,,,,,
7/6/2011,10.74,,,,,
7/5/2011,11,,,,,
7/1/2011,11.09,,,,,
6/30/2011,10.96,,,,,
6/29/2011,11.14,,,,,
6/28/2011,10.82,,,,,
6/27/2011,10.85,,,,,
6/24/2011,10.52,,,,,
6/23/2011,10.71,,,,,
6/22/2011,10.79,,,,,
6/21/2011,10.83,,,,,
6/20/2011,10.6,,,,,
6/17/2011,10.68,,,,,
6/16/2011,10.6,,,,,
6/15/2011,10.5,,,,,
6/14/2011,10.8,,,,,
6/13/2011,10.97,,,,,
6/10/2011,10.8,,,,,
6/9/2011,10.65,,,,,
6/8/2011,10.54,,,,,
6/7/2011,10.65,,,,,
6/6/2011,10.83,,,,,
6/3/2011,11.28,,,,,
6/2/2011,11.29,,,,,
6/1/2011,11.24,,,,,
5/31/2011,11.75,,,,,
5/27/2011,11.69,,,,,
5/26/2011,11.46,,,,,
5/25/2011,11.38,,,,,
5/24/2011,11.46,,,,,
5/23/2011,11.42,,,,,
5/20/2011,11.58,,,,,
5/19/2011,11.69,,,,,
5/18/2011,11.79,,,,,
5/17/2011,11.9,,,,,
5/16/2011,11.86,,,,,
5/13/2011,11.93,,,,,
5/12/2011,12.2,,,,,
5/11/2011,12.25,,,,,
5/10/2011,12.28,,,,,
5/9/2011,12.18,,,,,
5/6/2011,12.31,,,,,
5/5/2011,12.3,,,,,
5/4/2011,12.49,,,,,
5/3/2011,12.6,,,,,
5/2/2011,12.34,,,,,
4/29/2011,12.28,,,,,
4/28/2011,12.42,,,,,
4/27/2011,12.33,,,,,
4/26/2011,12.23,,,,,
4/25/2011,12.44,,,,,
4/21/2011,12.31,,,,,
4/20/2011,12.27,,,,,
4/19/2011,12.34,,,,,
4/18/2011,12.42,,,,,
4/15/2011,12.82,,,,,
4/14/2011,13.13,,,,,
4/13/2011,13.27,,,,,
4/12/2011,13.47,,,,,
4/11/2011,13.49,,,,,
4/8/2011,13.48,,,,,
4/7/2011,13.61,,,,,
4/6/2011,13.72,,,,,
4/5/2011,13.47,,,,,
4/4/2011,13.44,,,,,
4/1/2011,13.37,,,,,
3/31/2011,13.33,,,,,
3/30/2011,13.45,,,,,
3/29/2011,13.35,,,,,
3/28/2011,13.37,,,,,
3/25/2011,13.34,,,,,
3/24/2011,13.48,,,,,
3/23/2011,13.65,,,,,
3/22/2011,13.88,,,,,
3/21/2011,14.05,,,,,
3/18/2011,14.04,,,,,
3/17/2011,13.98,,,,,
3/16/2011,13.69,,,,,
3/15/2011,13.96,,,,,
3/14/2011,14.23,,,,,
3/11/2011,14.38,,,,,
3/10/2011,14.26,,,,,
3/9/2011,14.59,,,,,
3/8/2011,14.69,,,,,
3/7/2011,14.03,,,,,
3/4/2011,14.12,,,,,
3/3/2011,14.27,,,,,
3/2/2011,13.83,,,,,
3/1/2011,13.93,,,,,
2/28/2011,14.29,,,,,
2/25/2011,14.2,,,,,
2/24/2011,13.97,,,,,
2/23/2011,14.17,,,,,
2/22/2011,14.18,,,,,
2/18/2011,14.75,,,,,
2/17/2011,14.81,,,,,
2/16/2011,14.84,,,,,
2/15/2011,14.77,,,,,
2/14/2011,14.89,,,,,
2/11/2011,14.77,,,,,
2/10/2011,14.49,,,,,
2/9/2011,14.64,,,,,
2/8/2011,14.61,,,,,
2/7/2011,14.67,,,,,
2/4/2011,14.29,,,,,
2/3/2011,14.43,,,,,
2/2/2011,14.24,,,,,
2/1/2011,14.31,,,,,
1/31/2011,13.73,,,,,
1/28/2011,13.6,,,,,
1/27/2011,13.67,,,,,
1/26/2011,13.55,,,,,
1/25/2011,13.63,,,,,
1/24/2011,13.92,,,,,
1/21/2011,14.25,,,,,
1/20/2011,14.54,,,,,
1/19/2011,14.37,,,,,
1/18/2011,15,,,,,
1/14/2011,15.25,,,,,
1/13/2011,14.77,,,,,
1/12/2011,14.99,,,,,
1/11/2011,14.69,,,,,
1/10/2011,14.4,,,,,
1/7/2011,14.25,,,,,
1/6/2011,14.44,,,,,
1/5/2011,14.5,,,,,
1/4/2011,14.24,,,,,
1/3/2011,14.19,,,,,
12/31/2010,13.34,,,,,
12/30/2010,13.28,,,,,
12/29/2010,13.31,,,,,
12/28/2010,13.34,,,,,
12/27/2010,13.27,,,,,
12/23/2010,13.06,,,,,
12/22/2010,13.38,,,,,
12/21/2010,12.98,,,,,
12/20/2010,12.62,,,,,
12/17/2010,12.57,,,,,
12/16/2010,12.52,,,,,
12/15/2010,12.29,,,,,
12/14/2010,12.4,,,,,
12/13/2010,12.54,,,,,
12/10/2010,12.8,,,,,
12/9/2010,12.65,,,,,
12/8/2010,12,,,,,
12/7/2010,11.57,,,,,
12/6/2010,11.64,,,,,
12/3/2010,11.86,,,,,
12/2/2010,11.68,,,,,
12/1/2010,11.29,,,,,
11/30/2010,10.95,,,,,
11/29/2010,11.31,,,,,
11/26/2010,11.11,,,,,
11/24/2010,11.28,,,,,
11/23/2010,11.09,,,,,
11/22/2010,11.3,,,,,
11/19/2010,11.66,,,,,
11/18/2010,11.7,,,,,
11/17/2010,11.62,,,,,
11/16/2010,11.94,,,,,
11/15/2010,12.1,,,,,
11/12/2010,12.12,,,,,
11/11/2010,12.37,,,,,
11/10/2010,12.57,,,,,
11/9/2010,12.27,,,,,
11/8/2010,12.6,,,,,
11/5/2010,12.36,,,,,
11/4/2010,12.13,,,,,
11/3/2010,11.52,,,,,
11/2/2010,11.4,,,,,
11/1/2010,11.5,,,,,
10/29/2010,11.45,,,,,
10/28/2010,11.53,,,,,
10/27/2010,11.54,,,,,
10/26/2010,11.3,,,,,
10/25/2010,11.16,,,,,
10/22/2010,11.44,,,,,
10/21/2010,11.36,,,,,
10/20/2010,11.75,,,,,
10/19/2010,11.8,,,,,
10/18/2010,12.34,,,,,
10/15/2010,11.98,,,,,
10/14/2010,12.6,,,,,
10/13/2010,13.29,,,,,
10/12/2010,13.52,,,,,
10/11/2010,13.15,,,,,
10/8/2010,13.18,,,,,
10/7/2010,13.31,,,,,
10/6/2010,13.39,,,,,
10/5/2010,13.56,,,,,
10/4/2010,13.15,,,,,
10/1/2010,13.3,,,,,
9/30/2010,13.1,,,,,
9/29/2010,13.11,,,,,
9/28/2010,13.27,,,,,
9/27/2010,13.24,,,,,
9/24/2010,13.6,,,,,
9/23/2010,13.17,,,,,
9/22/2010,13.42,,,,,
9/21/2010,13.65,,,,,
9/20/2010,13.74,,,,,
9/17/2010,13.4,,,,,
9/16/2010,13.55,,,,,
9/15/2010,13.71,,,,,
9/14/2010,13.68,,,,,
9/13/2010,13.95,,,,,
9/10/2010,13.55,,,,,
9/9/2010,13.5,,,,,
9/8/2010,13.37,,,,,
9/7/2010,13.21,,,,,
9/3/2010,13.5,,,,,
9/2/2010,13.28,,,,,
9/1/2010,13.21,,,,,
8/31/2010,12.46,,,,,
8/30/2010,12.32,,,,,
8/27/2010,12.64,,,,,
8/26/2010,12.47,,,,,
8/25/2010,12.66,,,,,
8/24/2010,12.64,,,,,
8/23/2010,12.87,,,,,
8/20/2010,12.87,,,,,
8/19/2010,13.02,,,,,
8/18/2010,13.32,,,,,
8/17/2010,13.21,,,,,
8/16/2010,13.19,,,,,
8/13/2010,13.23,,,,,
8/12/2010,13.06,,,,,
8/11/2010,13.19,,,,,
8/10/2010,13.63,,,,,
8/9/2010,13.91,,,,,
8/6/2010,13.96,,,,,
8/5/2010,14.02,,,,,
8/4/2010,14.19,,,,,
8/3/2010,14.34,,,,,
8/2/2010,14.44,,,,,
7/30/2010,14.04,,,,,
7/29/2010,14.03,,,,,
7/28/2010,13.99,,,,,
7/27/2010,14.19,,,,,
7/26/2010,14.15,,,,,
7/23/2010,13.74,,,,,
7/22/2010,13.66,,,,,
7/21/2010,13.36,,,,,
7/20/2010,13.77,,,,,
7/19/2010,13.61,,,,,
7/16/2010,13.98,,,,,
7/15/2010,15.39,,,,,
7/14/2010,15.67,,,,,
7/13/2010,15.67,,,,,
7/12/2010,15.21,,,,,
7/9/2010,15.11,,,,,
7/8/2010,14.86,,,,,
7/7/2010,14.71,,,,,
7/6/2010,14.06,,,,,
7/2/2010,13.84,,,,,
7/1/2010,14.02,,,,,
6/30/2010,14.37,,,,,
6/29/2010,14.57,,,,,
6/28/2010,15.24,,,,,
6/25/2010,15.42,,,,,
6/24/2010,15.02,,,,,
6/23/2010,15.43,,,,,
6/22/2010,15.58,,,,,
6/21/2010,15.79,,,,,
6/18/2010,15.82,,,,,
6/17/2010,15.82,,,,,
6/16/2010,15.87,,,,,
6/15/2010,15.8,,,,,
6/14/2010,15.41,,,,,
6/11/2010,15.6,,,,,
6/10/2010,15.46,,,,,
6/9/2010,15.01,,,,,
6/8/2010,15.33,,,,,
6/7/2010,14.83,,,,,
6/4/2010,15.35,,,,,
6/3/2010,15.81,,,,,
6/2/2010,15.89,,,,,
6/1/2010,15.44,,,,,
5/28/2010,15.74,,,,,
5/27/2010,16.18,,,,,
5/26/2010,15.47,,,,,
5/25/2010,15.49,,,,,
5/24/2010,15.4,,,,,
5/21/2010,15.99,,,,,
5/20/2010,15.3,,,,,
5/19/2010,16.31,,,,,
5/18/2010,15.95,,,,,
5/17/2010,16.35,,,,,
5/14/2010,16.34,,,,,
5/13/2010,16.87,,,,,
5/12/2010,17.07,,,,,
5/11/2010,17.16,,,,,
5/10/2010,17.3,,,,,
5/7/2010,16.18,,,,,
5/6/2010,16.28,,,,,
5/5/2010,17.53,,,,,
5/4/2010,17.56,,,,,
5/3/2010,18.06,,,,,
4/30/2010,17.83,,,,,
4/29/2010,18.3,,,,,
4/28/2010,17.78,,,,,
4/27/2010,17.47,,,,,
4/26/2010,18.05,,,,,
4/23/2010,18.43,,,,,
4/22/2010,18.54,,,,,
4/21/2010,18.28,,,,,
4/20/2010,18.61,,,,,
4/19/2010,18.39,,,,,
4/16/2010,18.41,,,,,
4/15/2010,19.48,,,,,
4/14/2010,19.4,,,,,
4/13/2010,18.67,,,,,
4/12/2010,18.66,,,,,
4/9/2010,18.59,,,,,
4/8/2010,18.65,,,,,
4/7/2010,18.62,,,,,
4/6/2010,18.49,,,,,
4/5/2010,18.13,,,,,
4/1/2010,18.04,,,,,
3/31/2010,17.85,,,,,
3/30/2010,17.76,,,,,
3/29/2010,18.04,,,,,
3/26/2010,17.9,,,,,
3/25/2010,17.74,,,,,
3/24/2010,17.57,,,,,
3/23/2010,17.13,,,,,
3/22/2010,16.96,,,,,
3/19/2010,16.82,,,,,
3/18/2010,17.08,,,,,
3/17/2010,17.27,,,,,
3/16/2010,17.03,,,,,
3/15/2010,16.85,,,,,
3/12/2010,16.85,,,,,
3/11/2010,17.12,,,,,
3/10/2010,17.11,,,,,
3/9/2010,16.8,,,,,
3/8/2010,16.74,,,,,
3/5/2010,16.7,,,,,
3/4/2010,16.4,,,,,
3/3/2010,16.37,,,,,
3/2/2010,16.46,,,,,
3/1/2010,16.71,,,,,
2/26/2010,16.66,,,,,
2/25/2010,16.55,,,,,
2/24/2010,16.33,,,,,
2/23/2010,15.94,,,,,
2/22/2010,16.21,,,,,
2/19/2010,15.88,,,,,
2/18/2010,15.88,,,,,
2/17/2010,15.66,,,,,
2/16/2010,15.16,,,,,
2/12/2010,14.45,,,,,
2/11/2010,14.63,,,,,
2/10/2010,14.67,,,,,
2/9/2010,14.47,,,,,
2/8/2010,14.48,,,,,
2/5/2010,15,,,,,
2/4/2010,14.75,,,,,
2/3/2010,15.53,,,,,
2/2/2010,15.6,,,,,
2/1/2010,15.42,,,,,
1/29/2010,15.18,,,,,
1/28/2010,15.37,,,,,
1/27/2010,15.19,,,,,
1/26/2010,14.77,,,,,
1/25/2010,14.98,,,,,
1/22/2010,14.9,,,,,
1/21/2010,15.47,,,,,
1/20/2010,16.49,,,,,
1/19/2010,16.32,,,,,
1/15/2010,16.26,,,,,
1/14/2010,16.82,,,,,
1/13/2010,16.62,,,,,
1/12/2010,16.36,,,,,
1/11/2010,16.93,,,,,
1/8/2010,16.78,,,,,
1/7/2010,16.93,,,,,
1/6/2010,16.39,,,,,
1/5/2010,16.2,,,,,
1/4/2010,15.69,,,,,
12/31/2009,15.06,,,,,
12/30/2009,15.07,,,,,
12/29/2009,15.12,,,,,
12/28/2009,15.29,,,,,
12/24/2009,15.25,,,,,
12/23/2009,15.19,,,,,
12/22/2009,15.33,,,,,
12/21/2009,15.28,,,,,
12/18/2009,15.03,,,,,
12/17/2009,14.86,,,,,
12/16/2009,15.28,,,,,
12/15/2009,15.19,,,,,
12/14/2009,15.63,,,,,
12/11/2009,15.63,,,,,
12/10/2009,15.21,,,,,
12/9/2009,15.39,,,,,
12/8/2009,15.41,,,,,
12/7/2009,15.89,,,,,
12/4/2009,16.28,,,,,
12/3/2009,15.76,,,,,
12/2/2009,15.65,,,,,
12/1/2009,15.9,,,,,
11/30/2009,15.85,,,,,
11/27/2009,15.47,,,,,
11/25/2009,15.95,,,,,
11/24/2009,16.1,,,,,
11/23/2009,16.29,,,,,
11/20/2009,16.09,,,,,
11/19/2009,16.08,,,,,
11/18/2009,16.35,,,,,
11/17/2009,15.77,,,,,
11/16/2009,15.87,,,,,
11/13/2009,15.98,,,,,
11/12/2009,16.06,,,,,
11/11/2009,16.43,,,,,
11/10/2009,16.03,,,,,
11/9/2009,15.77,,,,,
11/6/2009,15.05,,,,,
11/5/2009,15.13,,,,,
11/4/2009,14.7,,,,,
11/3/2009,14.8,,,,,
11/2/2009,14.63,,,,,
10/30/2009,14.58,,,,,
10/29/2009,15.73,,,,,
10/28/2009,15.01,,,,,
10/27/2009,15.45,,,,,
10/26/2009,15.4,,,,,
10/23/2009,16.22,,,,,
10/22/2009,16.52,,,,,
10/21/2009,16.51,,,,,
10/20/2009,17.01,,,,,
10/19/2009,17.16,,,,,
10/16/2009,17.26,,,,,
10/15/2009,18.1,,,,,
10/14/2009,18.59,,,,,
10/13/2009,17.81,,,,,
10/12/2009,18.03,,,,,
10/9/2009,17.5,,,,,
10/8/2009,17.33,,,,,
10/7/2009,17.35,,,,,
10/6/2009,17,,,,,
10/5/2009,16.96,,,,,
10/2/2009,16.34,,,,,
10/1/2009,16.21,,,,,
9/30/2009,16.92,,,,,
9/29/2009,17.16,,,,,
9/28/2009,17.22,,,,,
9/25/2009,16.6,,,,,
9/24/2009,16.98,,,,,
9/23/2009,17.5,,,,,
9/22/2009,17.61,,,,,
9/21/2009,17.25,,,,,
9/18/2009,17.63,,,,,
9/17/2009,17.61,,,,,
9/16/2009,17.25,,,,,
9/15/2009,16.79,,,,,
9/14/2009,16.99,,,,,
9/11/2009,16.97,,,,,
9/10/2009,17.22,,,,,
9/9/2009,17.04,,,,,
9/8/2009,17.02,,,,,
9/4/2009,17.09,,,,,
9/3/2009,16.84,,,,,
9/2/2009,16.27,,,,,
9/1/2009,16.46,,,,,
8/31/2009,17.59,,,,,
8/28/2009,17.98,,,,,
8/27/2009,17.92,,,,,
8/26/2009,17.79,,,,,
8/25/2009,17.75,,,,,
8/24/2009,17.35,,,,,
8/21/2009,17.46,,,,,
8/20/2009,17.14,,,,,
8/19/2009,16.75,,,,,
8/18/2009,16.9,,,,,
8/17/2009,16.56,,,,,
8/14/2009,17.39,,,,,
8/13/2009,17,,,,,
8/12/2009,15.93,,,,,
8/11/2009,15.85,,,,,
8/10/2009,16.68,,,,,
8/7/2009,16.42,,,,,
8/6/2009,16.7,,,,,
8/5/2009,16.66,,,,,
8/4/2009,15.64,,,,,
8/3/2009,15.32,,,,,
7/31/2009,14.79,,,,,
7/30/2009,13.97,,,,,
7/29/2009,13.52,,,,,
7/28/2009,13.34,,,,,
7/27/2009,13.09,,,,,
7/24/2009,12.51,,,,,
7/23/2009,12.69,,,,,
7/22/2009,12.23,,,,,
7/21/2009,12.19,,,,,
7/20/2009,12.24,,,,,
7/17/2009,12.89,,,,,
7/16/2009,13.17,,,,,
7/15/2009,13.42,,,,,
7/14/2009,12.91,,,,,
7/13/2009,12.99,,,,,
7/10/2009,11.88,,,,,
7/9/2009,11.97,,,,,
7/8/2009,11.84,,,,,
7/7/2009,12.15,,,,,
7/6/2009,12.15,,,,,
7/2/2009,12.64,,,,,
7/1/2009,13.05,,,,,
6/30/2009,13.2,,,,,
6/29/2009,13.19,,,,,
6/26/2009,12.75,,,,,
6/25/2009,12.35,,,,,
6/24/2009,12.35,,,,,
6/23/2009,12.23,,,,,
6/22/2009,11.94,,,,,
6/19/2009,13.22,,,,,
6/18/2009,12.9,,,,,
6/17/2009,12.3,,,,,
6/16/2009,12.73,,,,,
6/15/2009,13.33,,,,,
6/12/2009,13.72,,,,,
6/11/2009,12.97,,,,,
6/10/2009,11.98,,,,,
6/9/2009,12.06,,,,,
6/8/2009,12.06,,,,,
6/5/2009,11.86,,,,,
6/4/2009,11.87,,,,,
6/3/2009,11.21,,,,,
6/2/2009,11.41,,,,,
6/1/2009,11.21,,,,,
5/29/2009,11.27,,,,,
5/28/2009,11.3,,,,,
5/27/2009,10.91,,,,,
5/26/2009,10.98,,,,,
5/22/2009,11.07,,,,,
5/21/2009,11.41,,,,,
5/20/2009,11.49,,,,,
5/19/2009,11.25,,,,,
5/18/2009,11.73,,,,,
5/15/2009,10.67,,,,,
5/14/2009,11.31,,,,,
5/13/2009,11.01,,,,,
5/12/2009,12.26,,,,,
5/11/2009,12.94,,,,,
5/8/2009,14.17,,,,,
5/7/2009,13.51,,,,,
5/6/2009,12.69,,,,,
5/5/2009,10.84,,,,,
5/4/2009,10.38,,,,,
5/1/2009,8.7,,,,,
4/30/2009,8.93,,,,,
4/29/2009,8.68,,,,,
4/28/2009,8.15,,,,,
4/27/2009,8.92,,,,,
4/24/2009,9.1,,,,,
4/23/2009,8.82,,,,,
4/22/2009,8.26,,,,,
4/21/2009,8.76,,,,,
4/20/2009,8.02,,,,,
4/17/2009,10.6,,,,,
4/16/2009,10.34,,,,,
4/15/2009,10.44,,,,,
4/14/2009,10.09,,,,,
4/13/2009,11.02,,,,,
4/9/2009,9.55,,,,,
4/8/2009,7.06,,,,,
4/7/2009,7.36,,,,,
4/6/2009,7.48,,,,,
4/3/2009,7.6,,,,,
4/2/2009,7.24,,,,,
4/1/2009,7.05,,,,,
3/31/2009,6.82,,,,,
3/30/2009,6.03,,,,,
3/27/2009,7.34,,,,,
3/26/2009,7.58,,,,,
3/25/2009,7.7,,,,,
3/24/2009,7.15,,,,,
3/23/2009,7.8,,,,,
3/20/2009,6.19,,,,,
3/19/2009,6.93,,,,,
3/18/2009,7.67,,,,,
3/17/2009,6.27,,,,,
3/16/2009,6.18,,,,,
3/13/2009,5.76,,,,,
3/12/2009,5.85,,,,,
3/11/2009,4.93,,,,,
3/10/2009,4.79,,,,,
3/9/2009,3.75,,,,,
3/6/2009,3.14,,,,,
3/5/2009,3.17,,,,,
3/4/2009,3.59,,,,,
3/3/2009,3.65,,,,,
3/2/2009,3.63,,,,,
2/27/2009,3.95,,,,,
2/26/2009,5.32,,,,,
2/25/2009,5.16,,,,,
2/24/2009,4.73,,,,,
2/23/2009,3.91,,,,,
2/20/2009,3.79,,,,,
2/19/2009,3.93,,,,,
2/18/2009,4.57,,,,,
2/17/2009,4.9,,,,,
2/13/2009,5.57,,,,,
2/12/2009,5.87,,,,,
2/11/2009,6.07,,,,,
2/10/2009,5.56,,,,,
2/9/2009,6.89,,,,,
2/6/2009,6.13,,,,,
2/5/2009,4.84,,,,,
2/4/2009,4.7,,,,,
2/3/2009,5.3,,,,,
2/2/2009,6,,,,,
1/30/2009,6.58,,,,,
1/29/2009,6.78,,,,,
1/28/2009,7.39,,,,,
1/27/2009,6.5,,,,,
1/26/2009,6,,,,,
1/23/2009,6.24,,,,,
1/22/2009,5.71,,,,,
1/21/2009,6.68,,,,,
1/20/2009,5.1,,,,,
1/16/2009,7.18,,,,,
1/15/2009,8.32,,,,,
1/14/2009,10.2,,,,,
1/13/2009,10.65,,,,,
1/12/2009,11.43,,,,,
1/9/2009,12.99,,,,,
1/8/2009,13.54,,,,,
1/7/2009,13.71,,,,,
1/6/2009,14.28,,,,,
1/5/2009,13.98,,,,,
1/2/2009,14.33,,,,,
12/31/2008,14.08,,,,,
12/30/2008,13.24,,,,,
12/29/2008,12.94,,,,,
12/26/2008,13.36,,,,,
12/24/2008,13.53,,,,,
12/23/2008,12.75,,,,,
12/22/2008,13.53,,,,,
12/19/2008,13.8,,,,,
12/18/2008,13.96,,,,,
12/17/2008,14.62,,,,,
12/16/2008,15.1,,,,,
12/15/2008,14.11,,,,,
12/12/2008,14.93,,,,,
12/11/2008,14.91,,,,,
12/10/2008,16.69,,,,,
12/9/2008,16.95,,,,,
12/8/2008,17.84,,,,,
12/5/2008,15.24,,,,,
12/4/2008,14.34,,,,,
12/3/2008,15.05,,,,,
12/2/2008,14.37,,,,,
12/1/2008,12.85,,,,,
11/28/2008,16.25,,,,,
11/26/2008,15.43,,,,,
11/25/2008,14.8,,,,,
11/24/2008,14.59,,,,,
11/21/2008,11.47,,,,,
11/20/2008,11.25,,,,,
11/19/2008,13.06,,,,,
11/18/2008,15.19,,,,,
11/17/2008,15.03,,,,,
11/14/2008,16.42,,,,,
11/13/2008,17.1,,,,,
11/12/2008,17,,,,,
11/11/2008,18.69,,,,,
11/10/2008,19.48,,,,,
11/7/2008,20.49,,,,,
11/6/2008,20.12,,,,,
11/5/2008,21.75,,,,,
11/4/2008,24.53,,,,,
11/3/2008,23.61,,,,,
10/31/2008,24.17,,,,,
10/30/2008,22.78,,,,,
10/29/2008,22.32,,,,,
10/28/2008,23.02,,,,,
10/27/2008,20.53,,,,,
10/24/2008,21.07,,,,,
10/23/2008,23,,,,,
10/22/2008,22.66,,,,,
10/21/2008,23.97,,,,,
10/20/2008,24.4,,,,,
10/17/2008,23.24,,,,,
10/16/2008,24.25,,,,,
10/15/2008,23.82,,,,,
10/14/2008,26.53,,,,,
10/13/2008,22.79,,,,,
10/10/2008,20.87,,,,,
10/9/2008,19.63,,,,,
10/8/2008,22.1,,,,,
10/7/2008,23.77,,,,,
10/6/2008,32.22,,,,,
10/3/2008,34.48,,,,,
10/2/2008,36.37,,,,,
10/1/2008,38.13,,,,,
9/30/2008,35,,,,,
9/29/2008,30.25,,,,,
9/26/2008,36.7,,,,,
9/25/2008,34.37,,,,,
9/24/2008,33.07,,,,,
9/23/2008,33.3,,,,,
9/22/2008,34.15,,,,,
9/19/2008,37.48,,,,,
9/18/2008,30.58,,,,,
9/17/2008,27.2,,,,,
9/16/2008,29.55,,,,,
9/15/2008,26.55,,,,,
9/12/2008,33.74,,,,,
9/11/2008,33.06,,,,,
9/10/2008,32.4,,,,,
9/9/2008,32.52,,,,,
9/8/2008,34.73,,,,,
9/5/2008,32.23,,,,,
9/4/2008,30.6,,,,,
9/3/2008,32.96,,,,,
9/2/2008,32.63,,,,,
8/29/2008,31.14,,,,,
8/28/2008,31.43,,,,,
8/27/2008,29.65,,,,,
8/26/2008,29.02,,,,,
8/25/2008,28.96,,,,,
8/22/2008,30.21,,,,,
8/21/2008,29.04,,,,,
8/20/2008,29.29,,,,,
8/19/2008,28.08,,,,,
8/18/2008,29.3,,,,,
8/15/2008,30.7,,,,,
8/14/2008,30.18,,,,,
8/13/2008,28.86,,,,,
8/12/2008,31.13,,,,,
8/11/2008,33.38,,,,,
8/8/2008,32.25,,,,,
8/7/2008,31.52,,,,,
8/6/2008,33.45,,,,,
8/5/2008,33.58,,,,,
8/4/2008,32.62,,,,,
8/1/2008,33.33,,,,,
7/31/2008,32.9,,,,,
7/30/2008,33.61,,,,,
7/29/2008,32.22,,,,,
7/28/2008,28.06,,,,,
7/25/2008,29.58,,,,,
7/24/2008,30.64,,,,,
7/23/2008,33.44,,,,,
7/22/2008,32.35,,,,,
7/21/2008,28.56,,,,,
7/18/2008,27.49,,,,,
7/17/2008,26.5,,,,,
7/16/2008,22.67,,,,,
7/15/2008,18.52,,,,,
7/14/2008,20.15,,,,,
7/11/2008,21.67,,,,,
7/10/2008,22.36,,,,,
7/9/2008,22.06,,,,,
7/8/2008,23.54,,,,,
7/7/2008,21.53,,,,,
7/3/2008,22.4,,,,,
7/2/2008,22.54,,,,,
7/1/2008,23.81,,,,,
6/30/2008,23.87,,,,,
6/27/2008,24.59,,,,,
6/26/2008,24.81,,,,,
6/25/2008,26.61,,,,,
6/24/2008,26.62,,,,,
6/23/2008,25.88,,,,,
6/20/2008,27.1,,,,,
6/19/2008,28.14,,,,,
6/18/2008,28.37,,,,,
6/17/2008,29.24,,,,,
6/16/2008,30.32,,,,,
6/13/2008,29.78,,,,,
6/12/2008,29.44,,,,,
6/11/2008,28.85,,,,,
6/10/2008,29.62,,,,,
6/9/2008,29.61,,,,,
6/6/2008,30.5,,,,,
6/5/2008,31.99,,,,,
6/4/2008,31.99,,,,,
6/3/2008,33.31,,,,,
6/2/2008,33.58,,,,,
5/30/2008,34.01,,,,,
5/29/2008,34.6,,,,,
5/28/2008,33.87,,,,,
5/27/2008,34.17,,,,,
5/23/2008,33.93,,,,,
5/22/2008,34.73,,,,,
5/21/2008,34.63,,,,,
5/20/2008,35.39,,,,,
5/19/2008,36.1,,,,,
5/16/2008,36.17,,,,,
5/15/2008,36.71,,,,,
5/14/2008,36.8,,,,,
5/13/2008,36.61,,,,,
5/12/2008,37.44,,,,,
5/9/2008,36.65,,,,,
5/8/2008,37.33,,,,,
5/7/2008,38,,,,,
5/6/2008,39.24,,,,,
5/5/2008,38.97,,,,,
5/2/2008,39.79,,,,,
5/1/2008,39.39,,,,,
4/30/2008,37.54,,,,,
4/29/2008,37.86,,,,,
4/28/2008,38.18,,,,,
4/25/2008,38.3,,,,,
4/24/2008,37.87,,,,,
4/23/2008,36.86,,,,,
4/22/2008,37,,,,,
4/21/2008,37.61,,,,,
4/18/2008,38.56,,,,,
4/17/2008,37.47,,,,,
4/16/2008,36.98,,,,,
4/15/2008,35.58,,,,,
4/14/2008,35.58,,,,,
4/11/2008,36.94,,,,,
4/10/2008,37.69,,,,,
4/9/2008,37.93,,,,,
4/8/2008,38.38,,,,,
4/7/2008,39.5,,,,,
4/4/2008,39.41,,,,,
4/3/2008,40.37,,,,,
4/2/2008,40.3,,,,,
4/1/2008,40.86,,,,,
3/31/2008,37.91,,,,,
3/28/2008,38.07,,,,,
3/27/2008,38.64,,,,,
3/26/2008,39.84,,,,,
3/25/2008,40.97,,,,,
3/24/2008,42.45,,,,,
3/20/2008,41.86,,,,,
3/19/2008,38.56,,,,,
3/18/2008,38.93,,,,,
3/17/2008,35.96,,,,,
3/14/2008,35.69,,,,,
3/13/2008,37.14,,,,,
3/12/2008,37.03,,,,,
3/11/2008,37.72,,,,,
3/10/2008,35.31,,,,,
3/7/2008,36.74,,,,,
3/6/2008,36.52,,,,,
3/5/2008,37.55,,,,,
3/4/2008,38.78,,,,,
3/3/2008,39.18,,,,,
2/29/2008,39.74,,,,,
2/28/2008,41.42,,,,,
2/27/2008,42.88,,,,,
2/26/2008,42.72,,,,,
2/25/2008,42.94,,,,,
2/22/2008,42.6,,,,,
2/21/2008,42.21,,,,,
2/20/2008,42.97,,,,,
2/19/2008,42.67,,,,,
2/15/2008,42.7,,,,,
2/14/2008,42.24,,,,,
2/13/2008,43.33,,,,,
2/12/2008,42.82,,,,,
2/11/2008,42.14,,,,,
2/8/2008,42.16,,,,,
2/7/2008,43.37,,,,,
2/6/2008,42.33,,,,,
2/5/2008,42.37,,,,,
2/4/2008,44.03,,,,,
2/1/2008,45.03,,,,,
1/31/2008,44.15,,,,,
1/30/2008,42.21,,,,,
1/29/2008,41.94,,,,,
1/28/2008,41.2,,,,,
1/25/2008,39.48,,,,,
1/24/2008,39.9,,,,,
1/23/2008,40.57,,,,,
1/22/2008,37.39,,,,,
1/18/2008,35.97,,,,,
1/17/2008,36.91,,,,,
1/16/2008,38.69,,,,,
1/15/2008,37.88,,,,,
1/14/2008,39.22,,,,,
1/11/2008,38.5,,,,,
1/10/2008,39.3,,,,,
1/9/2008,38.74,,,,,
1/8/2008,38.41,,,,,
1/7/2008,39.9,,,,,
1/4/2008,39.85,,,,,
1/3/2008,40.3,,,,,
1/2/2008,40.56,,,,,
