Date,ET
5/20/2025,18.14
5/19/2025,18
5/16/2025,17.95
5/15/2025,17.97
5/14/2025,18.16
5/13/2025,18
5/12/2025,17.44
5/9/2025,17.21
5/8/2025,17.37
5/7/2025,16.89
5/6/2025,15.81
5/5/2025,16.19
5/2/2025,16.67
5/1/2025,16.53
4/30/2025,16.54
4/29/2025,17.04
4/28/2025,17.28
4/25/2025,17.45
4/24/2025,17.59
4/23/2025,17.1
4/22/2025,16.98
4/21/2025,16.56
4/17/2025,17.27
4/16/2025,16.92
4/15/2025,17.11
4/14/2025,16.82
4/11/2025,16.33
4/10/2025,15.91
4/9/2025,16.67
4/8/2025,15.65
4/7/2025,15.87
4/4/2025,16.16
4/3/2025,17.73
4/2/2025,18.93
4/1/2025,18.73
3/31/2025,18.59
3/28/2025,18.71
3/27/2025,18.88
3/26/2025,18.93
3/25/2025,18.88
3/24/2025,18.88
3/21/2025,18.6
3/20/2025,18.85
3/19/2025,18.94
3/18/2025,18.68
3/17/2025,18.9
3/14/2025,18.73
3/13/2025,18.17
3/12/2025,18.4
3/11/2025,17.83
3/10/2025,17.26
3/7/2025,17.46
3/6/2025,17.7
3/5/2025,18.2
3/4/2025,18.47
3/3/2025,19.03
2/28/2025,19.29
2/27/2025,18.94
2/26/2025,19.16
2/25/2025,18.92
2/24/2025,18.97
2/21/2025,19.39
2/20/2025,19.94
2/19/2025,20.12
2/18/2025,20.3
2/14/2025,19.99
2/13/2025,19.82
2/12/2025,19.65
2/11/2025,19.81
2/10/2025,20.09
2/7/2025,19.93
2/6/2025,20.37
2/5/2025,20.79
2/4/2025,20.77
2/3/2025,20.76
1/31/2025,20.48
1/30/2025,21.08
1/29/2025,20.53
1/28/2025,20.35
1/27/2025,19.81
1/24/2025,21.05
1/23/2025,21.06
1/22/2025,20.92
1/21/2025,20.91
1/17/2025,20.29
1/16/2025,20.25
1/15/2025,20.04
1/14/2025,19.93
1/13/2025,19.47
1/10/2025,19.42
1/8/2025,19.73
1/7/2025,19.49
1/6/2025,19.62
1/3/2025,19.64
1/2/2025,19.71
12/31/2024,19.59
12/30/2024,19.57
12/27/2024,19.28
12/26/2024,19.26
12/24/2024,19.6
12/23/2024,19.04
12/20/2024,18.86
12/19/2024,18.27
12/18/2024,18.2
12/17/2024,18.64
12/16/2024,18.7
12/13/2024,19.04
12/12/2024,19.21
12/11/2024,19.18
12/10/2024,18.74
12/9/2024,18.84
12/6/2024,19.26
12/5/2024,19.07
12/4/2024,18.98
12/3/2024,19.26
12/2/2024,19.42
11/29/2024,19.86
11/27/2024,19.42
11/26/2024,19.2
11/25/2024,18.97
11/22/2024,19.07
11/21/2024,18.97
11/20/2024,18.28
11/19/2024,17.96
11/18/2024,17.58
11/15/2024,17.29
11/14/2024,17.15
11/13/2024,17.1
11/12/2024,17.05
11/11/2024,17.24
11/8/2024,17.3
11/7/2024,17.41
11/6/2024,17.42
11/5/2024,16.9
11/4/2024,16.51
11/1/2024,16.43
10/31/2024,16.48
10/30/2024,16.47
10/29/2024,16.38
10/28/2024,16.4
10/25/2024,16.45
10/24/2024,16.4
10/23/2024,16.38
10/22/2024,16.38
10/21/2024,16.4
10/18/2024,16.41
10/17/2024,16.49
10/16/2024,16.4
10/15/2024,16.37
10/14/2024,16.55
10/11/2024,16.52
10/10/2024,16.36
10/9/2024,16.27
10/8/2024,16.17
10/7/2024,16.22
10/4/2024,16.3
10/3/2024,16.31
10/2/2024,16.05
10/1/2024,16.1
9/30/2024,16.05
9/27/2024,16.07
9/26/2024,15.92
9/25/2024,16.2
9/24/2024,16.21
9/23/2024,16.28
9/20/2024,16.2
9/19/2024,16.17
9/18/2024,16.11
9/17/2024,16.02
9/16/2024,16.18
9/13/2024,16.17
9/12/2024,16
9/11/2024,15.87
9/10/2024,15.83
9/9/2024,15.81
9/6/2024,15.89
9/5/2024,16.02
9/4/2024,15.92
9/3/2024,16.03
8/30/2024,16.1
8/29/2024,15.96
8/28/2024,15.88
8/27/2024,15.91
8/26/2024,16.11
8/23/2024,16.15
8/22/2024,15.95
8/21/2024,16.02
8/20/2024,16.06
8/19/2024,16.3
8/16/2024,16.3
8/15/2024,15.99
8/14/2024,15.97
8/13/2024,15.58
8/12/2024,15.55
8/9/2024,15.66
8/8/2024,16.25
8/7/2024,15.62
8/6/2024,15.99
8/5/2024,15.43
8/2/2024,15.95
8/1/2024,16.19
7/31/2024,16.27
7/30/2024,16.21
7/29/2024,16.02
7/26/2024,16.27
7/25/2024,16.13
7/24/2024,16.18
7/23/2024,16.4
7/22/2024,16.38
7/19/2024,16.44
7/18/2024,16.35
7/17/2024,16.11
7/16/2024,16.36
7/15/2024,16.39
7/12/2024,16.25
7/11/2024,16.31
7/10/2024,16.28
7/9/2024,16.12
7/8/2024,16.09
7/5/2024,16.18
7/3/2024,16.33
7/2/2024,16.4
7/1/2024,16.36
6/28/2024,16.22
6/27/2024,16.03
6/26/2024,15.92
6/25/2024,16
6/24/2024,15.91
6/21/2024,15.72
6/20/2024,15.7
6/18/2024,15.48
6/17/2024,15.32
6/14/2024,15.16
6/13/2024,15.3
6/12/2024,15.48
6/11/2024,15.57
6/10/2024,15.7
6/7/2024,15.48
6/6/2024,15.45
6/5/2024,15.38
6/4/2024,15.37
6/3/2024,15.38
5/31/2024,15.67
5/30/2024,15.54
5/29/2024,15.43
5/28/2024,15.49
5/24/2024,15.44
5/23/2024,15.41
5/22/2024,15.73
5/21/2024,15.93
5/20/2024,16.13
5/17/2024,15.96
5/16/2024,15.83
5/15/2024,15.89
5/14/2024,15.87
5/13/2024,15.82
5/10/2024,15.94
5/9/2024,16.23
5/8/2024,16.25
5/7/2024,16.13
5/6/2024,16.06
5/3/2024,15.89
5/2/2024,15.78
5/1/2024,15.48
4/30/2024,15.73
4/29/2024,15.98
4/26/2024,15.96
4/25/2024,15.94
4/24/2024,15.87
4/23/2024,15.9
4/22/2024,15.83
4/19/2024,15.77
4/18/2024,15.53
4/17/2024,15.23
4/16/2024,15.1
4/15/2024,15.23
4/12/2024,15.42
4/11/2024,15.68
4/10/2024,15.78
4/9/2024,15.72
4/8/2024,15.82
4/5/2024,15.84
4/4/2024,15.81
4/3/2024,16
4/2/2024,15.78
4/1/2024,15.69
3/28/2024,15.73
3/27/2024,15.54
3/26/2024,15.49
3/25/2024,15.56
3/22/2024,15.56
3/21/2024,15.59
3/20/2024,15.66
3/19/2024,15.68
3/18/2024,15.56
3/15/2024,15.34
3/14/2024,15.04
3/13/2024,15.1
3/12/2024,15.01
3/11/2024,15.01
3/8/2024,15.03
3/7/2024,15.19
3/6/2024,15.15
3/5/2024,15.02
3/4/2024,14.9
3/1/2024,14.98
2/29/2024,14.64
2/28/2024,14.53
2/27/2024,14.69
2/26/2024,14.69
2/23/2024,14.89
2/22/2024,14.79
2/21/2024,14.85
2/20/2024,14.64
2/16/2024,14.55
2/15/2024,14.42
2/14/2024,14.11
2/13/2024,13.96
2/12/2024,14.09
2/9/2024,13.94
2/8/2024,13.91
2/7/2024,13.9
2/6/2024,13.97
2/5/2024,14.31
2/2/2024,14.33
2/1/2024,14.37
1/31/2024,14.3
1/30/2024,14.56
1/29/2024,14.53
1/26/2024,14.46
1/25/2024,14.28
1/24/2024,14.07
1/23/2024,13.94
1/22/2024,13.88
1/19/2024,13.79
1/18/2024,13.72
1/17/2024,13.77
1/16/2024,13.9
1/12/2024,14.01
1/11/2024,13.92
1/10/2024,13.92
1/9/2024,14
1/8/2024,13.98
1/5/2024,13.95
1/4/2024,13.87
1/3/2024,14.02
1/2/2024,13.88
12/29/2023,13.8
12/28/2023,13.77
12/27/2023,13.79
12/26/2023,13.78
12/22/2023,13.76
12/21/2023,13.79
12/20/2023,13.72
12/19/2023,13.87
12/18/2023,13.85
12/15/2023,13.71
12/14/2023,13.76
12/13/2023,13.53
12/12/2023,13.25
12/11/2023,13.27
12/8/2023,13.3
12/7/2023,13.33
12/6/2023,13.48
12/5/2023,13.76
12/4/2023,13.89
12/1/2023,13.89
11/30/2023,13.89
11/29/2023,13.68
11/28/2023,13.67
11/27/2023,13.67
11/24/2023,13.72
11/22/2023,13.74
11/21/2023,13.7
11/20/2023,13.56
11/17/2023,13.52
11/16/2023,13.18
11/15/2023,13.36
11/14/2023,13.31
11/13/2023,13.19
11/10/2023,13.14
11/9/2023,13.02
11/8/2023,13.07
11/7/2023,13.31
11/6/2023,13.51
11/3/2023,13.66
11/2/2023,13.64
11/1/2023,13.15
10/31/2023,13.15
10/30/2023,13.15
10/27/2023,13.11
10/26/2023,13.57
10/25/2023,13.69
10/24/2023,13.75
10/23/2023,13.78
10/20/2023,14
10/19/2023,14.03
10/18/2023,13.93
10/17/2023,13.84
10/16/2023,13.9
10/13/2023,13.83
10/12/2023,13.77
10/11/2023,13.76
10/10/2023,13.81
10/9/2023,13.69
10/6/2023,13.46
10/5/2023,13.36
10/4/2023,13.34
10/3/2023,13.55
10/2/2023,13.78
9/29/2023,14.03
9/28/2023,14.02
9/27/2023,13.95
9/26/2023,13.86
9/25/2023,14.01
9/22/2023,13.82
9/21/2023,13.71
9/20/2023,13.9
9/19/2023,13.82
9/18/2023,13.77
9/15/2023,13.59
9/14/2023,13.57
9/13/2023,13.54
9/12/2023,13.66
9/11/2023,13.6
9/8/2023,13.76
9/7/2023,13.7
9/6/2023,13.5
9/5/2023,13.78
9/1/2023,13.62
8/31/2023,13.47
8/30/2023,13.55
8/29/2023,13.52
8/28/2023,13.41
8/25/2023,13.16
8/24/2023,12.94
8/23/2023,12.96
8/22/2023,12.97
8/21/2023,13
8/18/2023,13
8/17/2023,12.9
8/16/2023,12.77
8/15/2023,12.56
8/14/2023,12.72
8/11/2023,12.76
8/10/2023,13.07
8/9/2023,12.98
8/8/2023,12.88
8/7/2023,12.94
8/4/2023,12.75
8/3/2023,12.84
8/2/2023,13.14
8/1/2023,13.28
7/31/2023,13.29
7/28/2023,13.25
7/27/2023,13.14
7/26/2023,13.16
7/25/2023,13.21
7/24/2023,13.28
7/21/2023,13.15
7/20/2023,13.2
7/19/2023,13.18
7/18/2023,13.11
7/17/2023,12.97
7/14/2023,12.9
7/13/2023,13.03
7/12/2023,12.99
7/11/2023,12.95
7/10/2023,12.84
7/7/2023,12.75
7/6/2023,12.8
7/5/2023,12.84
7/3/2023,12.85
6/30/2023,12.7
6/29/2023,12.77
6/28/2023,12.74
6/27/2023,12.64
6/26/2023,12.6
6/23/2023,12.5
6/22/2023,12.67
6/21/2023,12.78
6/20/2023,12.75
6/16/2023,12.82
6/15/2023,12.84
6/14/2023,12.65
6/13/2023,12.67
6/12/2023,12.61
6/9/2023,12.74
6/8/2023,12.89
6/7/2023,12.9
6/6/2023,12.91
6/5/2023,12.89
6/2/2023,12.88
6/1/2023,12.6
5/31/2023,12.4
5/30/2023,12.49
5/26/2023,12.65
5/25/2023,12.73
5/24/2023,12.8
5/23/2023,12.76
5/22/2023,12.73
5/19/2023,12.76
5/18/2023,12.72
5/17/2023,12.53
5/16/2023,12.46
5/15/2023,12.51
5/12/2023,12.32
5/11/2023,12.34
5/10/2023,12.45
5/9/2023,12.5
5/8/2023,12.33
5/5/2023,12.36
5/4/2023,12.61
5/3/2023,12.66
5/2/2023,12.69
5/1/2023,12.91
4/28/2023,12.88
4/27/2023,12.79
4/26/2023,12.48
4/25/2023,12.53
4/24/2023,12.69
4/21/2023,12.77
4/20/2023,12.67
4/19/2023,12.68
4/18/2023,12.91
4/17/2023,12.88
4/14/2023,12.84
4/13/2023,12.76
4/12/2023,12.62
4/11/2023,12.56
4/10/2023,12.51
4/6/2023,12.51
4/5/2023,12.76
4/4/2023,12.75
4/3/2023,12.82
3/31/2023,12.47
3/30/2023,12.44
3/29/2023,12.2
3/28/2023,12.05
3/27/2023,11.84
3/24/2023,11.7
3/23/2023,11.68
3/22/2023,11.76
3/21/2023,12.11
3/20/2023,11.84
3/17/2023,11.99
3/16/2023,12.25
3/15/2023,11.94
3/14/2023,12.34
3/13/2023,12.26
3/10/2023,12.6
3/9/2023,12.9
3/8/2023,13.16
3/7/2023,13.13
3/6/2023,13.2
3/3/2023,13.05
3/2/2023,12.95
3/1/2023,12.79
2/28/2023,12.66
2/27/2023,12.76
2/24/2023,12.86
2/23/2023,13.01
2/22/2023,13
2/21/2023,12.74
2/17/2023,12.87
2/16/2023,13.05
2/15/2023,13.14
2/14/2023,13.09
2/13/2023,12.95
2/10/2023,12.84
2/9/2023,12.76
2/8/2023,12.78
2/7/2023,12.85
2/6/2023,12.98
2/3/2023,13.28
2/2/2023,13.28
2/1/2023,13.07
1/31/2023,13.28
1/30/2023,13.1
1/27/2023,13.36
1/26/2023,13.5
1/25/2023,13.15
1/24/2023,13.07
1/23/2023,13.01
1/20/2023,12.76
1/19/2023,12.6
1/18/2023,12.51
1/17/2023,12.62
1/13/2023,12.67
1/12/2023,12.64
1/11/2023,12.53
1/10/2023,12.39
1/9/2023,12.31
1/6/2023,12.15
1/5/2023,11.93
1/4/2023,11.66
1/3/2023,11.62
12/30/2022,11.87
12/29/2022,11.86
12/28/2022,11.67
12/27/2022,11.9
12/23/2022,11.96
12/22/2022,11.81
12/21/2022,11.95
12/20/2022,11.68
12/19/2022,11.56
12/16/2022,11.66
12/15/2022,11.66
12/14/2022,11.79
12/13/2022,11.91
12/12/2022,11.7
12/9/2022,11.42
12/8/2022,11.7
12/7/2022,11.91
12/6/2022,11.94
12/5/2022,12.18
12/2/2022,12.53
12/1/2022,12.44
11/30/2022,12.54
11/29/2022,12.41
11/28/2022,12.15
11/25/2022,12.36
11/23/2022,12.43
11/22/2022,12.49
11/21/2022,12.16
11/18/2022,12.17
11/17/2022,11.95
11/16/2022,12.11
11/15/2022,12.04
11/14/2022,12.03
11/11/2022,12.2
11/10/2022,12.32
11/9/2022,11.97
11/8/2022,12.27
11/7/2022,12.39
11/4/2022,12.3
11/3/2022,12.19
11/2/2022,12.36
11/1/2022,12.75
10/31/2022,12.77
10/28/2022,12.53
10/27/2022,12.44
10/26/2022,12.28
10/25/2022,12.04
10/24/2022,12.07
10/21/2022,12.09
10/20/2022,11.89
10/19/2022,11.88
10/18/2022,11.79
10/17/2022,11.7
10/14/2022,11.47
10/13/2022,11.71
10/12/2022,11.5
10/11/2022,11.53
10/10/2022,11.34
10/7/2022,11.54
10/6/2022,11.55
10/5/2022,11.85
10/4/2022,11.73
10/3/2022,11.34
9/30/2022,11.03
9/29/2022,10.97
9/28/2022,11.11
9/27/2022,10.49
9/26/2022,10.22
9/23/2022,10.54
9/22/2022,11.32
9/21/2022,11.86
9/20/2022,11.93
9/19/2022,11.9
9/16/2022,11.81
9/15/2022,12.03
9/14/2022,12.01
9/13/2022,11.68
9/12/2022,12.12
9/9/2022,11.91
9/8/2022,11.58
9/7/2022,11.47
9/6/2022,11.54
9/2/2022,11.75
9/1/2022,11.73
8/31/2022,11.71
8/30/2022,11.81
8/29/2022,12.3
8/26/2022,12.14
8/25/2022,12.36
8/24/2022,12.29
8/23/2022,12.18
8/22/2022,11.82
8/19/2022,11.81
8/18/2022,11.93
8/17/2022,11.62
8/16/2022,11.8
8/15/2022,11.58
8/12/2022,11.67
8/11/2022,11.49
8/10/2022,11.27
8/9/2022,10.97
8/8/2022,10.89
8/5/2022,10.82
8/4/2022,11.11
8/3/2022,11.25
8/2/2022,11.27
8/1/2022,11.32
7/29/2022,11.31
7/28/2022,11.18
7/27/2022,10.95
7/26/2022,10.65
7/25/2022,10.6
7/22/2022,10.25
7/21/2022,10.36
7/20/2022,10.47
7/19/2022,10.43
7/18/2022,10.09
7/15/2022,9.82
7/14/2022,9.66
7/13/2022,9.86
7/12/2022,9.68
7/11/2022,9.73
7/8/2022,9.95
7/7/2022,9.87
7/6/2022,9.54
7/5/2022,9.88
7/1/2022,10.02
6/30/2022,9.98
6/29/2022,10.18
6/28/2022,10.34
6/27/2022,10.14
6/24/2022,10.1
6/23/2022,9.79
6/22/2022,10
6/21/2022,10.38
6/17/2022,9.83
6/16/2022,10.13
6/15/2022,10.72
6/14/2022,10.82
6/13/2022,11.06
6/10/2022,11.64
6/9/2022,12.04
6/8/2022,12.26
6/7/2022,12.31
6/6/2022,11.86
6/3/2022,11.85
6/2/2022,12.01
6/1/2022,11.94
5/31/2022,11.66
5/27/2022,11.65
5/26/2022,11.57
5/25/2022,11.44
5/24/2022,11.17
5/23/2022,11.27
5/20/2022,11.11
5/19/2022,11.06
5/18/2022,11.23
5/17/2022,11.73
5/16/2022,11.34
5/13/2022,11.05
5/12/2022,10.66
5/11/2022,10.73
5/10/2022,10.69
5/9/2022,10.83
5/6/2022,11.63
5/5/2022,11.88
5/4/2022,12.08
5/3/2022,11.74
5/2/2022,11.28
4/29/2022,11.08
4/28/2022,11.4
4/27/2022,11.25
4/26/2022,11.27
4/25/2022,11.11
4/22/2022,11.28
4/21/2022,11.65
4/20/2022,11.89
4/19/2022,11.72
4/18/2022,11.62
4/14/2022,11.53
4/13/2022,11.56
4/12/2022,11.36
4/11/2022,11.05
4/8/2022,11.23
4/7/2022,11.04
4/6/2022,11.09
4/5/2022,11.19
4/4/2022,11.45
4/1/2022,11.52
3/31/2022,11.19
3/30/2022,11.53
3/29/2022,11.05
3/28/2022,10.88
3/25/2022,10.57
3/24/2022,10.25
3/23/2022,10.09
3/22/2022,10.2
3/21/2022,9.9
3/18/2022,9.79
3/17/2022,9.9
3/16/2022,9.84
3/15/2022,9.75
3/14/2022,9.82
3/11/2022,10.1
3/10/2022,10.31
3/9/2022,10.18
3/8/2022,10.42
3/7/2022,10.34
3/4/2022,10.43
3/3/2022,10.37
3/2/2022,10.49
3/1/2022,10.42
2/28/2022,10.14
2/25/2022,9.79
2/24/2022,9.7
2/23/2022,9.78
2/22/2022,9.76
2/18/2022,10.05
2/17/2022,10.22
2/16/2022,10.13
2/15/2022,10.17
2/14/2022,10.1
2/11/2022,10.3
2/10/2022,10
2/9/2022,9.98
2/8/2022,9.97
2/7/2022,9.93
2/4/2022,10.24
2/3/2022,10.24
2/2/2022,9.96
2/1/2022,9.8
1/31/2022,9.57
1/28/2022,9.5
1/27/2022,9.6
1/26/2022,9.69
1/25/2022,9.29
1/24/2022,9.18
1/21/2022,9.17
1/20/2022,9.53
1/19/2022,9.59
1/18/2022,9.7
1/14/2022,9.59
1/13/2022,9.44
1/12/2022,9.63
1/11/2022,9.33
1/10/2022,9.12
1/7/2022,9.24
1/6/2022,9.08
1/5/2022,8.81
1/4/2022,8.92
1/3/2022,8.71
12/31/2021,8.23
12/30/2021,8.16
12/29/2021,8.15
12/28/2021,8.27
12/27/2021,8.3
12/23/2021,8.22
12/22/2021,8.21
12/21/2021,8.18
12/20/2021,8.25
12/17/2021,8.35
12/16/2021,8.49
12/15/2021,8.36
12/14/2021,8.25
12/13/2021,8.23
12/10/2021,8.48
12/9/2021,8.57
12/8/2021,8.52
12/7/2021,8.36
12/6/2021,8.18
12/3/2021,8.23
12/2/2021,8.32
12/1/2021,8.16
11/30/2021,8.42
11/29/2021,8.61
11/26/2021,8.84
11/24/2021,9.04
11/23/2021,8.95
11/22/2021,8.82
11/19/2021,8.7
11/18/2021,8.88
11/17/2021,8.98
11/16/2021,9.24
11/15/2021,9.29
11/12/2021,9.13
11/11/2021,9.17
11/10/2021,9.08
11/9/2021,9.36
11/8/2021,9.35
11/5/2021,9.3
11/4/2021,9.23
11/3/2021,9.68
11/2/2021,9.83
11/1/2021,9.93
10/29/2021,9.51
10/28/2021,9.68
10/27/2021,9.73
10/26/2021,9.86
10/25/2021,9.98
10/22/2021,9.88
10/21/2021,9.89
10/20/2021,10.19
10/19/2021,10.07
10/18/2021,10.05
10/15/2021,9.99
10/14/2021,9.94
10/13/2021,9.96
10/12/2021,9.9
10/11/2021,9.93
10/8/2021,9.94
10/7/2021,9.64
10/6/2021,9.42
10/5/2021,9.86
10/4/2021,10.08
10/1/2021,9.75
9/30/2021,9.58
9/29/2021,9.58
9/28/2021,9.51
9/27/2021,9.63
9/24/2021,9.28
9/23/2021,9.49
9/22/2021,9.25
9/21/2021,8.85
9/20/2021,8.73
9/17/2021,9.1
9/16/2021,9.14
9/15/2021,9.24
9/14/2021,9.3
9/13/2021,9.34
9/10/2021,9.3
9/9/2021,9.32
9/8/2021,9.44
9/7/2021,9.5
9/3/2021,9.65
9/2/2021,9.67
9/1/2021,9.44
8/31/2021,9.3
8/30/2021,9.3
8/27/2021,9.49
8/26/2021,9.2
8/25/2021,9.48
8/24/2021,9.33
8/23/2021,9.21
8/20/2021,9.02
8/19/2021,8.95
8/18/2021,9.1
8/17/2021,9.32
8/16/2021,9.51
8/13/2021,9.51
8/12/2021,9.72
8/11/2021,9.54
8/10/2021,9.4
8/9/2021,9.23
8/6/2021,9.27
8/5/2021,9.12
8/4/2021,9.27
8/3/2021,9.71
8/2/2021,9.7
7/30/2021,9.86
7/29/2021,9.97
7/28/2021,9.95
7/27/2021,9.75
7/26/2021,10.03
7/23/2021,10
7/22/2021,9.94
7/21/2021,9.97
7/20/2021,9.77
7/19/2021,9.31
7/16/2021,9.68
7/15/2021,9.79
7/14/2021,10.08
7/13/2021,10.28
7/12/2021,10.46
7/9/2021,10.59
7/8/2021,10.37
7/7/2021,10.47
7/6/2021,10.66
7/2/2021,10.71
7/1/2021,10.7
6/30/2021,10.63
6/29/2021,10.55
6/28/2021,10.37
6/25/2021,10.72
6/24/2021,10.93
6/23/2021,10.82
6/22/2021,10.94
6/21/2021,11.01
6/18/2021,10.56
6/17/2021,10.67
6/16/2021,11.35
6/15/2021,11.22
6/14/2021,11.15
6/11/2021,11.3
6/10/2021,11.05
6/9/2021,10.87
6/8/2021,10.87
6/7/2021,10.91
6/4/2021,10.78
6/3/2021,10.49
6/2/2021,10.47
6/1/2021,10.26
5/28/2021,9.9
5/27/2021,10.01
5/26/2021,10.06
5/25/2021,9.89
5/24/2021,10.29
5/21/2021,10.19
5/20/2021,10.02
5/19/2021,10.05
5/18/2021,10.37
5/17/2021,10.41
5/14/2021,10.11
5/13/2021,9.98
5/12/2021,9.55
5/11/2021,9.53
5/10/2021,9.79
5/7/2021,9.84
5/6/2021,9.2
5/5/2021,8.95
5/4/2021,8.81
5/3/2021,8.63
4/30/2021,8.61
4/29/2021,8.84
4/28/2021,8.6
4/27/2021,8.41
4/26/2021,8.18
4/23/2021,8.19
4/22/2021,8.06
4/21/2021,7.98
4/20/2021,7.93
4/19/2021,8.04
4/16/2021,7.87
4/15/2021,8.06
4/14/2021,8.02
4/13/2021,8
4/12/2021,8.07
4/9/2021,8.04
4/8/2021,7.88
4/7/2021,7.8
4/6/2021,7.81
4/5/2021,7.82
4/1/2021,7.85
3/31/2021,7.68
3/30/2021,7.76
3/29/2021,7.82
3/26/2021,7.93
3/25/2021,7.76
3/24/2021,7.63
3/23/2021,7.72
3/22/2021,8.1
3/19/2021,7.98
3/18/2021,7.77
3/17/2021,8.14
3/16/2021,8.09
3/15/2021,8.31
3/12/2021,8.48
3/11/2021,8.36
3/10/2021,8.58
3/9/2021,8.05
3/8/2021,8.1
3/5/2021,8.15
3/4/2021,8.04
3/3/2021,7.87
3/2/2021,7.98
3/1/2021,8.12
2/26/2021,7.64
2/25/2021,8.06
2/24/2021,8.12
2/23/2021,7.72
2/22/2021,7.47
2/19/2021,7
2/18/2021,6.78
2/17/2021,6.89
2/16/2021,6.96
2/12/2021,6.82
2/11/2021,6.78
2/10/2021,6.83
2/9/2021,6.78
2/8/2021,7.06
2/5/2021,6.72
2/4/2021,6.75
2/3/2021,6.67
2/2/2021,6.53
2/1/2021,6.36
1/29/2021,6.27
1/28/2021,6.41
1/27/2021,6.47
1/26/2021,6.62
1/25/2021,6.57
1/22/2021,6.5
1/21/2021,6.62
1/20/2021,6.83
1/19/2021,6.85
1/15/2021,7.01
1/14/2021,7.13
1/13/2021,7.24
1/12/2021,7.14
1/11/2021,6.83
1/8/2021,6.73
1/7/2021,6.65
1/6/2021,6.62
1/5/2021,6.46
1/4/2021,6.1
12/31/2020,6.18
12/30/2020,6.16
12/29/2020,6.2
12/28/2020,6.23
12/24/2020,6.44
12/23/2020,6.52
12/22/2020,6.46
12/21/2020,6.6
12/18/2020,6.78
12/17/2020,6.88
12/16/2020,6.87
12/15/2020,6.99
12/14/2020,6.95
12/11/2020,7.01
12/10/2020,6.82
12/9/2020,6.49
12/8/2020,6.74
12/7/2020,6.7
12/4/2020,6.93
12/3/2020,6.55
12/2/2020,6.33
12/1/2020,6.17
11/30/2020,6.18
11/27/2020,6.36
11/25/2020,6.49
11/24/2020,6.71
11/23/2020,6.43
11/20/2020,6.08
11/19/2020,6.12
11/18/2020,5.65
11/17/2020,5.63
11/16/2020,5.44
11/13/2020,5.36
11/12/2020,5.3
11/11/2020,5.35
11/10/2020,5.44
11/9/2020,5.6
11/6/2020,5.11
11/5/2020,5.36
11/4/2020,5.35
11/3/2020,5.5
11/2/2020,5.17
10/30/2020,5.15
10/29/2020,5.29
10/28/2020,5.27
10/27/2020,5.65
10/26/2020,6.18
10/23/2020,6.3
10/22/2020,6.25
10/21/2020,5.83
10/20/2020,5.92
10/19/2020,5.88
10/16/2020,6.02
10/15/2020,6.29
10/14/2020,6.29
10/13/2020,6.13
10/12/2020,6.05
10/9/2020,5.89
10/8/2020,5.92
10/7/2020,5.49
10/6/2020,5.39
10/5/2020,5.52
10/2/2020,5.43
10/1/2020,5.42
9/30/2020,5.42
9/29/2020,5.6
9/28/2020,5.55
9/25/2020,5.49
9/24/2020,5.52
9/23/2020,5.56
9/22/2020,5.82
9/21/2020,5.9
9/18/2020,6
9/17/2020,6.04
9/16/2020,6.08
9/15/2020,5.84
9/14/2020,5.92
9/11/2020,5.86
9/10/2020,5.96
9/9/2020,6.06
9/8/2020,6.05
9/4/2020,6.25
9/3/2020,6.22
9/2/2020,6.3
9/1/2020,6.29
8/31/2020,6.42
8/28/2020,6.6
8/27/2020,6.53
8/26/2020,6.46
8/25/2020,6.57
8/24/2020,6.61
8/21/2020,6.65
8/20/2020,6.65
8/19/2020,6.52
8/18/2020,6.49
8/17/2020,6.59
8/14/2020,6.62
8/13/2020,6.55
8/12/2020,6.55
8/11/2020,6.53
8/10/2020,6.51
8/7/2020,6.43
8/6/2020,6.63
8/5/2020,7.15
8/4/2020,6.91
8/3/2020,6.74
7/31/2020,6.55
7/30/2020,6.52
7/29/2020,6.67
7/28/2020,6.24
7/27/2020,6.38
7/24/2020,6.65
7/23/2020,6.62
7/22/2020,6.59
7/21/2020,6.74
7/20/2020,6.48
7/17/2020,6.47
7/16/2020,6.59
7/15/2020,6.62
7/14/2020,6.36
7/13/2020,6.36
7/10/2020,6.44
7/9/2020,6.34
7/8/2020,6.54
7/7/2020,6.31
7/6/2020,6.17
7/2/2020,7.04
7/1/2020,7.09
6/30/2020,7.12
6/29/2020,7.02
6/26/2020,7.06
6/25/2020,7.41
6/24/2020,7.48
6/23/2020,7.88
6/22/2020,7.93
6/19/2020,7.97
6/18/2020,8.06
6/17/2020,8.09
6/16/2020,8.25
6/15/2020,8.14
6/12/2020,7.77
6/11/2020,7.83
6/10/2020,8.77
6/9/2020,8.95
6/8/2020,9.34
6/5/2020,9.16
6/4/2020,8.82
6/3/2020,8.53
6/2/2020,8.31
6/1/2020,8.21
5/29/2020,8.16
5/28/2020,8.27
5/27/2020,8.26
5/26/2020,8.42
5/22/2020,8.2
5/21/2020,8.18
5/20/2020,8.29
5/19/2020,7.95
5/18/2020,7.81
5/15/2020,7.2
5/14/2020,6.93
5/13/2020,6.94
5/12/2020,7.51
5/11/2020,7.69
5/8/2020,7.64
5/7/2020,7.49
5/6/2020,7.58
5/5/2020,8.22
5/4/2020,8.09
5/1/2020,7.81
4/30/2020,8.4
4/29/2020,8.14
4/28/2020,7.25
4/27/2020,7.23
4/24/2020,7.19
4/23/2020,7.05
4/22/2020,6.48
4/21/2020,6.14
4/20/2020,6.08
4/17/2020,6.16
4/16/2020,5.69
4/15/2020,5.89
4/14/2020,6.14
4/13/2020,5.96
4/9/2020,5.81
4/8/2020,5.65
4/7/2020,5.58
4/6/2020,5.54
4/3/2020,5.47
4/2/2020,5.22
4/1/2020,5.03
3/31/2020,4.6
3/30/2020,4.53
3/27/2020,4.77
3/26/2020,5.08
3/25/2020,4.92
3/24/2020,4.8
3/23/2020,4.79
3/20/2020,5.25
3/19/2020,5.45
3/18/2020,4.56
3/17/2020,5.25
3/16/2020,5.75
3/13/2020,6.73
3/12/2020,6.3
3/11/2020,7.05
3/10/2020,7.63
3/9/2020,7.37
3/6/2020,10.21
3/5/2020,11.25
3/4/2020,11.54
3/3/2020,11.55
3/2/2020,11.83
2/28/2020,11.08
2/27/2020,10.75
2/26/2020,10.78
2/25/2020,11.22
2/24/2020,11.55
2/21/2020,12.14
2/20/2020,12.54
2/19/2020,12.68
2/18/2020,12.7
2/14/2020,12.72
2/13/2020,12.81
2/12/2020,12.83
2/11/2020,12.37
2/10/2020,12.19
2/7/2020,12.56
2/6/2020,12.71
2/5/2020,13
2/4/2020,12.88
2/3/2020,12.8
1/31/2020,12.59
1/30/2020,12.78
1/29/2020,12.85
1/28/2020,12.79
1/27/2020,12.61
1/24/2020,12.75
1/23/2020,12.99
1/22/2020,12.71
1/21/2020,13.08
1/17/2020,13.56
1/16/2020,13.58
1/15/2020,13.5
1/14/2020,13.56
1/13/2020,13.51
1/10/2020,13.27
1/9/2020,13.43
1/8/2020,13.34
1/7/2020,13.63
1/6/2020,13.68
1/3/2020,13.55
1/2/2020,13.34
12/31/2019,12.83
12/30/2019,12.71
12/27/2019,12.99
12/26/2019,13.14
12/24/2019,13.07
12/23/2019,13.05
12/20/2019,13.07
12/19/2019,12.92
12/18/2019,12.95
12/17/2019,12.62
12/16/2019,12.8
12/13/2019,12.73
12/12/2019,12.64
12/11/2019,12.16
12/10/2019,12.04
12/9/2019,11.79
12/6/2019,11.5
12/5/2019,11.6
12/4/2019,11.33
12/3/2019,11.4
12/2/2019,11.63
11/29/2019,11.81
11/27/2019,11.87
11/26/2019,11.96
11/25/2019,12.3
11/22/2019,11.93
11/21/2019,11.91
11/20/2019,11.36
11/19/2019,11.38
11/18/2019,11.33
11/15/2019,11.62
11/14/2019,11.18
11/13/2019,11.16
11/12/2019,11.66
11/11/2019,11.97
11/8/2019,12.22
11/7/2019,12.11
11/6/2019,12.26
11/5/2019,12.66
11/4/2019,12.64
11/1/2019,12.91
10/31/2019,12.59
10/30/2019,12.35
10/29/2019,12.35
10/28/2019,12.36
10/25/2019,12.55
10/24/2019,12.44
10/23/2019,12.6
10/22/2019,12.7
10/21/2019,12.86
10/18/2019,12.74
10/17/2019,12.56
10/16/2019,12.55
10/15/2019,12.49
10/14/2019,12.47
10/11/2019,12.57
10/10/2019,12.42
10/9/2019,12.33
10/8/2019,12.36
10/7/2019,12.71
10/4/2019,12.9
10/3/2019,12.87
10/2/2019,12.67
10/1/2019,12.99
9/30/2019,13.08
9/27/2019,13.1
9/26/2019,13.1
9/25/2019,13.25
9/24/2019,13.27
9/23/2019,13.55
9/20/2019,13.72
9/19/2019,13.58
9/18/2019,13.5
9/17/2019,13.3
9/16/2019,13.43
9/13/2019,14.02
9/12/2019,13.92
9/11/2019,14.04
9/10/2019,13.95
9/9/2019,13.93
9/6/2019,13.37
9/5/2019,13.48
9/4/2019,13.61
9/3/2019,13.6
8/30/2019,13.61
8/29/2019,13.47
8/28/2019,13.29
8/27/2019,13.02
8/26/2019,13.19
8/23/2019,13.18
8/22/2019,13.68
8/21/2019,13.83
8/20/2019,13.8
8/19/2019,13.74
8/16/2019,13.47
8/15/2019,13.09
8/14/2019,13.14
8/13/2019,13.51
8/12/2019,13.38
8/9/2019,13.9
8/8/2019,14.03
8/7/2019,13.33
8/6/2019,13.55
8/5/2019,13.3
8/2/2019,14.14
8/1/2019,14.3
7/31/2019,14.38
7/30/2019,14.37
7/29/2019,14.41
7/26/2019,14.72
7/25/2019,14.82
7/24/2019,14.99
7/23/2019,14.97
7/22/2019,15.07
7/19/2019,15.1
7/18/2019,14.97
7/17/2019,15.06
7/16/2019,14.95
7/15/2019,14.91
7/12/2019,14.82
7/11/2019,14.75
7/10/2019,14.7
7/9/2019,14.52
7/8/2019,14.61
7/5/2019,14.6
7/3/2019,14.48
7/2/2019,14.18
7/1/2019,14.1
6/28/2019,14.08
6/27/2019,14.02
6/26/2019,14.15
6/25/2019,13.98
6/24/2019,14.2
6/21/2019,14.42
6/20/2019,14.25
6/19/2019,14.14
6/18/2019,14.14
6/17/2019,14.07
6/14/2019,14.17
6/13/2019,14.32
6/12/2019,14.24
6/11/2019,14.32
6/10/2019,14.1
6/7/2019,14.06
6/6/2019,14.13
6/5/2019,13.98
6/4/2019,14.47
6/3/2019,14.04
5/31/2019,13.74
5/30/2019,13.94
5/29/2019,14.39
5/28/2019,14.33
5/24/2019,14.6
5/23/2019,14.47
5/22/2019,14.92
5/21/2019,14.93
5/20/2019,14.73
5/17/2019,14.8
5/16/2019,14.84
5/15/2019,14.94
5/14/2019,14.88
5/13/2019,14.78
5/10/2019,15.11
5/9/2019,14.88
5/8/2019,15.08
5/7/2019,15.11
5/6/2019,15.14
5/3/2019,15.36
5/2/2019,14.91
5/1/2019,15.16
4/30/2019,15.12
4/29/2019,15.25
4/26/2019,15.2
4/25/2019,15.26
4/24/2019,15.41
4/23/2019,15.56
4/22/2019,15.58
4/18/2019,15.28
4/17/2019,15.34
4/16/2019,15.35
4/15/2019,15.41
4/12/2019,15.55
4/11/2019,15.49
4/10/2019,15.43
4/9/2019,15.47
4/8/2019,15.73
4/5/2019,15.74
4/4/2019,15.53
4/3/2019,15.51
4/2/2019,15.5
4/1/2019,15.6
3/29/2019,15.37
3/28/2019,15.22
3/27/2019,15.19
3/26/2019,15.28
3/25/2019,15.3
3/22/2019,15.38
3/21/2019,15.51
3/20/2019,15.48
3/19/2019,15.42
3/18/2019,15.3
3/15/2019,15.06
3/14/2019,15.08
3/13/2019,15.16
3/12/2019,15.22
3/11/2019,15.17
3/8/2019,14.82
3/7/2019,15.02
3/6/2019,14.85
3/5/2019,14.95
3/4/2019,14.99
3/1/2019,14.98
2/28/2019,14.79
2/27/2019,14.86
2/26/2019,14.91
2/25/2019,15.37
2/22/2019,15.37
2/21/2019,15.54
2/20/2019,15.5
2/19/2019,15.62
2/15/2019,15.05
2/14/2019,15.01
2/13/2019,14.82
2/12/2019,14.54
2/11/2019,14.25
2/8/2019,14.36
2/7/2019,14.41
2/6/2019,14.98
2/5/2019,15.1
2/4/2019,15.08
2/1/2019,15.04
1/31/2019,14.71
1/30/2019,14.67
1/29/2019,14.28
1/28/2019,14.2
1/25/2019,14.34
1/24/2019,14.12
1/23/2019,14.04
1/22/2019,14.1
1/18/2019,14.57
1/17/2019,14.61
1/16/2019,14.65
1/15/2019,14.87
1/14/2019,14.71
1/11/2019,15.04
1/10/2019,15.1
1/9/2019,15.11
1/8/2019,14.78
1/7/2019,14.46
1/4/2019,14.18
1/3/2019,13.34
1/2/2019,13.25
12/31/2018,13.21
12/28/2018,12.77
12/27/2018,12.84
12/26/2018,12.94
12/24/2018,11.8
12/21/2018,12.24
12/20/2018,12.84
12/19/2018,12.97
12/18/2018,12.94
12/17/2018,13.4
12/14/2018,14.07
12/13/2018,14.57
12/12/2018,14.31
12/11/2018,14.08
12/10/2018,13.85
12/7/2018,14.25
12/6/2018,14.22
12/4/2018,14.26
12/3/2018,15.16
11/30/2018,14.57
11/29/2018,14.73
11/28/2018,14.62
11/27/2018,14.49
11/26/2018,14.42
11/23/2018,14.23
11/21/2018,14.68
11/20/2018,14.3
11/19/2018,14.8
11/16/2018,14.8
11/15/2018,14.75
11/14/2018,14.57
11/13/2018,14.93
11/12/2018,15.4
11/9/2018,15.66
11/8/2018,16.06
11/7/2018,15.97
11/6/2018,15.9
11/5/2018,15.97
11/2/2018,15.66
11/1/2018,15.83
10/31/2018,15.54
10/30/2018,15
10/29/2018,14.84
10/26/2018,15.46
10/25/2018,15.69
10/24/2018,15.34
10/23/2018,16.08
10/22/2018,16.47
10/19/2018,17.06
10/18/2018,16.82
10/17/2018,17.08
10/16/2018,17.01
10/15/2018,17.05
10/12/2018,17.01
10/11/2018,16.73
10/10/2018,17.07
10/9/2018,17.42
10/8/2018,17.31
10/5/2018,17.5
10/4/2018,17.52
10/3/2018,17.77
10/2/2018,17.88
10/1/2018,18.09
9/28/2018,17.43
9/27/2018,17.16
9/26/2018,17.15
9/25/2018,17.48
9/24/2018,17.6
9/21/2018,17.66
9/20/2018,17.48
9/19/2018,17.55
9/18/2018,17.4
9/17/2018,17.32
9/14/2018,17.47
9/13/2018,17.56
9/12/2018,17.73
9/11/2018,17.63
9/10/2018,17.66
9/7/2018,17.36
9/6/2018,17.51
9/5/2018,17.8
9/4/2018,17.76
8/31/2018,17.5
8/30/2018,17.58
8/29/2018,17.76
8/28/2018,17.74
8/27/2018,18.14
8/24/2018,18.28
8/23/2018,18.15
8/22/2018,18.26
8/21/2018,18.11
8/20/2018,18.18
8/17/2018,17.92
8/16/2018,17.4
8/15/2018,17.38
8/14/2018,17.59
8/13/2018,17.41
8/10/2018,18.11
8/9/2018,18.28
8/8/2018,18.45
8/7/2018,18.5
8/6/2018,18.97
8/3/2018,18.92
8/2/2018,18.95
8/1/2018,18.43
7/31/2018,18.21
7/30/2018,18.17
7/27/2018,18.02
7/26/2018,18.24
7/25/2018,17.98
7/24/2018,17.71
7/23/2018,17.86
7/20/2018,17.67
7/19/2018,17.7
7/18/2018,17.16
7/17/2018,17.08
7/16/2018,17.05
7/13/2018,17.24
7/12/2018,17.4
7/11/2018,17.52
7/10/2018,17.64
7/9/2018,17.62
7/6/2018,17.73
7/5/2018,17.6
7/3/2018,17.38
7/2/2018,17.23
6/29/2018,17.25
6/28/2018,17.31
6/27/2018,17.19
6/26/2018,17.3
6/25/2018,17.18
6/22/2018,17.42
6/21/2018,17.04
6/20/2018,17.3
6/19/2018,17.14
6/18/2018,17.13
6/15/2018,17.2
6/14/2018,17.47
6/13/2018,17.45
6/12/2018,17.76
6/11/2018,17.89
6/8/2018,17.62
6/7/2018,17.68
6/6/2018,17.47
6/5/2018,17.61
6/4/2018,17.68
6/1/2018,17.49
5/31/2018,17.28
5/30/2018,17.39
5/29/2018,16.8
5/25/2018,16.75
5/24/2018,16.78
5/23/2018,17.18
5/22/2018,17.18
5/21/2018,17.09
5/18/2018,16.92
5/17/2018,16.92
5/16/2018,16.69
5/15/2018,16.52
5/14/2018,16.62
5/11/2018,16.47
5/10/2018,16.4
5/9/2018,16.81
5/8/2018,16.69
5/7/2018,16.52
5/4/2018,16.29
5/3/2018,16.29
5/2/2018,16
5/1/2018,15.86
4/30/2018,15.8
4/27/2018,15.69
4/26/2018,15.85
4/25/2018,15.63
4/24/2018,15.51
4/23/2018,15.96
4/20/2018,15.87
4/19/2018,16.11
4/18/2018,15.8
4/17/2018,15.7
4/16/2018,15.26
4/13/2018,14.75
4/12/2018,14.82
4/11/2018,14.9
4/10/2018,14.87
4/9/2018,14.27
4/6/2018,14.19
4/5/2018,14.37
4/4/2018,14.27
4/3/2018,14.31
4/2/2018,14.17
3/29/2018,14.21
3/28/2018,14.25
3/27/2018,14.2
3/26/2018,14.42
3/23/2018,14.24
3/22/2018,14.42
3/21/2018,14.66
3/20/2018,14.55
3/19/2018,14.47
3/16/2018,14.86
3/15/2018,14.54
3/14/2018,15.16
3/13/2018,15.34
3/12/2018,15.52
3/9/2018,15.54
3/8/2018,15.44
3/7/2018,15.36
3/6/2018,15.56
3/5/2018,15.74
3/2/2018,15.64
3/1/2018,15.62
2/28/2018,15.5
2/27/2018,15.95
2/26/2018,16.34
2/23/2018,16.7
2/22/2018,16.67
2/21/2018,16.26
2/20/2018,16.51
2/16/2018,16.76
2/15/2018,17.16
2/14/2018,17.37
2/13/2018,17.34
2/12/2018,17.04
2/9/2018,16.62
2/8/2018,16.6
2/7/2018,17.33
2/6/2018,17.48
2/5/2018,17
2/2/2018,17.48
2/1/2018,18.18
1/31/2018,18.3
1/30/2018,18.19
1/29/2018,18.51
1/26/2018,18.95
1/25/2018,18.9
1/24/2018,18.91
1/23/2018,19.18
1/22/2018,18.54
1/19/2018,17.91
1/18/2018,17.9
1/17/2018,18.21
1/16/2018,18.28
1/12/2018,18.03
1/11/2018,17.83
1/10/2018,17.31
1/9/2018,17.3
1/8/2018,17.29
1/5/2018,17.28
1/4/2018,17.56
1/3/2018,17.82
1/2/2018,17.74
12/29/2017,17.26
12/28/2017,17.19
12/27/2017,17
12/26/2017,17.04
12/22/2017,16.85
12/21/2017,16.81
12/20/2017,16.82
12/19/2017,16.86
12/18/2017,17
12/15/2017,16.77
12/14/2017,16.7
12/13/2017,16.5
12/12/2017,16.33
12/11/2017,16.03
12/8/2017,16.07
12/7/2017,16.27
12/6/2017,16.27
12/5/2017,16.59
12/4/2017,16.73
12/1/2017,16.42
11/30/2017,16.2
11/29/2017,15.79
11/28/2017,16.06
11/27/2017,16.1
11/24/2017,16.23
11/22/2017,16.17
11/21/2017,16.05
11/20/2017,16.18
11/17/2017,16.31
11/16/2017,16.64
11/15/2017,16.38
11/14/2017,16.65
11/13/2017,16.72
11/10/2017,17.47
11/9/2017,17.51
11/8/2017,17.79
11/7/2017,18.7
11/6/2017,18.07
11/3/2017,17.79
11/2/2017,17.51
11/1/2017,17.92
10/31/2017,17.75
10/30/2017,17.69
10/27/2017,17.67
10/26/2017,16.72
10/25/2017,16.1
10/24/2017,16.82
10/23/2017,16.91
10/20/2017,17.26
10/19/2017,17.49
10/18/2017,17.45
10/17/2017,17.74
10/16/2017,17.75
10/13/2017,18
10/12/2017,18.2
10/11/2017,18.24
10/10/2017,18
10/9/2017,17.9
10/6/2017,17.92
10/5/2017,17.84
10/4/2017,17.48
10/3/2017,17.44
10/2/2017,17.2
9/29/2017,17.38
9/28/2017,17.41
9/27/2017,17.48
9/26/2017,17.42
9/25/2017,17.55
9/22/2017,17.33
9/21/2017,17.31
9/20/2017,17.7
9/19/2017,17.76
9/18/2017,17.64
9/15/2017,17.49
9/14/2017,17.5
9/13/2017,17.75
9/12/2017,17.75
9/11/2017,17.7
9/8/2017,17.78
9/7/2017,17.84
9/6/2017,17.84
9/5/2017,17.73
9/1/2017,17.76
8/31/2017,17.37
8/30/2017,16.94
8/29/2017,16.91
8/28/2017,16.86
8/25/2017,16.9
8/24/2017,16.8
8/23/2017,16.83
8/22/2017,16.52
8/21/2017,16.24
8/18/2017,16.67
8/17/2017,16.75
8/16/2017,17.11
8/15/2017,17.71
8/14/2017,17.06
8/11/2017,16.99
8/10/2017,17.23
8/9/2017,17.67
8/8/2017,16.7
8/7/2017,17.3
8/4/2017,17.33
8/3/2017,17.31
8/2/2017,17.8
8/1/2017,17.99
7/31/2017,17.67
7/28/2017,17.85
7/27/2017,17.93
7/26/2017,17.8
7/25/2017,17.89
7/24/2017,17.63
7/21/2017,17.66
7/20/2017,18.04
7/19/2017,18
7/18/2017,18
7/17/2017,17.89
7/14/2017,18.04
7/13/2017,17.85
7/12/2017,17.92
7/11/2017,17.91
7/10/2017,17.85
7/7/2017,17.75
7/6/2017,17.56
7/5/2017,17.65
7/3/2017,18.14
6/30/2017,17.96
6/29/2017,17.79
6/28/2017,17.24
6/27/2017,16.51
6/26/2017,16.41
6/23/2017,16.16
6/22/2017,15.23
6/21/2017,15.15
6/20/2017,15.44
6/19/2017,16.07
6/16/2017,16.45
6/15/2017,15.95
6/14/2017,16.03
6/13/2017,16.65
6/12/2017,16.71
6/9/2017,16.52
6/8/2017,16.28
6/7/2017,16.64
6/6/2017,17.2
6/5/2017,16.97
6/2/2017,17.06
6/1/2017,17.2
5/31/2017,17.04
5/30/2017,17.17
5/26/2017,17.96
5/25/2017,18.33
5/24/2017,18.56
5/23/2017,18.51
5/22/2017,18.47
5/19/2017,18.62
5/18/2017,17.97
5/17/2017,18.09
5/16/2017,18.83
5/15/2017,19.04
5/12/2017,18.73
5/11/2017,18.58
5/10/2017,18.69
5/9/2017,17.45
5/8/2017,17.67
5/5/2017,17.76
5/4/2017,17.11
5/3/2017,18.22
5/2/2017,18.33
5/1/2017,18.7
4/28/2017,18.66
4/27/2017,18.62
4/26/2017,19.13
4/25/2017,18.55
4/24/2017,18.2
4/21/2017,18.26
4/20/2017,18.63
4/19/2017,18.44
4/18/2017,18.56
4/17/2017,18.69
4/13/2017,18.4
4/12/2017,18.75
4/11/2017,18.9
4/10/2017,19.17
4/7/2017,19.27
4/6/2017,19.43
4/5/2017,19.09
4/4/2017,19.28
4/3/2017,19.45
3/31/2017,19.73
3/30/2017,19.42
3/29/2017,19.32
3/28/2017,18.78
3/27/2017,18.31
3/24/2017,18.9
3/23/2017,18.46
3/22/2017,18.3
3/21/2017,18.61
3/20/2017,18.74
3/17/2017,18.96
3/16/2017,18.99
3/15/2017,19.06
3/14/2017,18.38
3/13/2017,18.69
3/10/2017,18.51
3/9/2017,18.54
3/8/2017,18.81
3/7/2017,19.26
3/6/2017,19.41
3/3/2017,19.28
3/2/2017,19.11
3/1/2017,19.05
2/28/2017,18.84
2/27/2017,18.96
2/24/2017,18.87
2/23/2017,18.98
2/22/2017,18.92
2/21/2017,19.05
2/17/2017,19.06
2/16/2017,19.12
2/15/2017,19.36
2/14/2017,19.38
2/13/2017,18.58
2/10/2017,18.84
2/9/2017,19.15
2/8/2017,19.25
2/7/2017,19.05
2/6/2017,18.54
2/3/2017,19.05
2/2/2017,18.51
2/1/2017,18.09
1/31/2017,17.95
1/30/2017,18.02
1/27/2017,18.56
1/26/2017,18.96
1/25/2017,18.92
1/24/2017,18.62
1/23/2017,18.25
1/20/2017,18.02
1/19/2017,17.71
1/18/2017,18
1/17/2017,18.54
1/13/2017,18.6
1/12/2017,18.8
1/11/2017,18.83
1/10/2017,18.74
1/9/2017,18.92
1/6/2017,19.86
1/5/2017,19.58
1/4/2017,19.57
1/3/2017,19.17
12/30/2016,19.31
12/29/2016,19.38
12/28/2016,19.25
12/27/2016,19.53
12/23/2016,19.59
12/22/2016,19.29
12/21/2016,18.76
12/20/2016,18.74
12/19/2016,17.96
12/16/2016,17.79
12/15/2016,17.47
12/14/2016,17.1
12/13/2016,17.22
12/12/2016,17.1
12/9/2016,17.18
12/8/2016,17.29
12/7/2016,16.99
12/6/2016,16.56
12/5/2016,16.07
12/2/2016,16.48
12/1/2016,16.31
11/30/2016,17.03
11/29/2016,16.48
11/28/2016,16.44
11/25/2016,17.3
11/23/2016,17.56
11/22/2016,17.76
11/21/2016,17.92
11/18/2016,17.29
11/17/2016,16.67
11/16/2016,16.39
11/15/2016,16.86
11/14/2016,16.83
11/11/2016,16.99
11/10/2016,16.31
11/9/2016,16.35
11/8/2016,14
11/7/2016,14.07
11/4/2016,13.8
11/3/2016,14.01
11/2/2016,14.59
11/1/2016,14.68
10/31/2016,14.93
10/28/2016,15.09
10/27/2016,15.35
10/26/2016,15.75
10/25/2016,16.11
10/24/2016,16.48
10/21/2016,16.49
10/20/2016,16.48
10/19/2016,16.61
10/18/2016,16.27
10/17/2016,15.73
10/14/2016,15.72
10/13/2016,15.66
10/12/2016,15.58
10/11/2016,15.97
10/10/2016,16.35
10/7/2016,15.95
10/6/2016,16.49
10/5/2016,16.59
10/4/2016,16.22
10/3/2016,16.71
9/30/2016,16.79
9/29/2016,16.58
9/28/2016,16.7
9/27/2016,16.41
9/26/2016,16.73
9/23/2016,16.81
9/22/2016,16.91
9/21/2016,16.79
9/20/2016,16.43
9/19/2016,16.42
9/16/2016,16.16
9/15/2016,16.66
9/14/2016,16.69
9/13/2016,16.81
9/12/2016,18
9/9/2016,18.11
9/8/2016,18.96
9/7/2016,18.49
9/6/2016,18.08
9/2/2016,17.84
9/1/2016,17.81
8/31/2016,17.9
8/30/2016,18.23
8/29/2016,18.18
8/26/2016,18.19
8/25/2016,18.01
8/24/2016,18.06
8/23/2016,18.15
8/22/2016,17.87
8/19/2016,18.04
8/18/2016,18.02
8/17/2016,17.7
8/16/2016,17.84
8/15/2016,17.82
8/12/2016,17.32
8/11/2016,16.95
8/10/2016,16.61
8/9/2016,16.72
8/8/2016,16.8
8/5/2016,16.51
8/4/2016,16.03
8/3/2016,16.82
8/2/2016,15.89
8/1/2016,15.6
7/29/2016,16.59
7/28/2016,16.72
7/27/2016,16.45
7/26/2016,16.49
7/25/2016,16.15
7/22/2016,16.86
7/21/2016,16.88
7/20/2016,16.99
7/19/2016,16.81
7/18/2016,17
7/15/2016,16.34
7/14/2016,16.4
7/13/2016,15.92
7/12/2016,16.05
7/11/2016,15.5
7/8/2016,15.58
7/7/2016,15.28
7/6/2016,15.1
7/5/2016,14.11
7/1/2016,13.8
6/30/2016,14.37
6/29/2016,14.7
6/28/2016,14.41
6/27/2016,13.6
6/24/2016,13.83
6/23/2016,14.35
6/22/2016,14.35
6/21/2016,14.32
6/20/2016,12.2
6/17/2016,12.99
6/16/2016,12.96
6/15/2016,12.65
6/14/2016,12.69
6/13/2016,12.87
6/10/2016,12.94
6/9/2016,13.53
6/8/2016,14.07
6/7/2016,13.8
6/6/2016,13.72
6/3/2016,13.58
6/2/2016,13.61
6/1/2016,13.66
5/31/2016,12.64
5/27/2016,11.64
5/26/2016,11.01
5/25/2016,11.13
5/24/2016,12.2
5/23/2016,12.66
5/20/2016,12.78
5/19/2016,13.05
5/18/2016,12.67
5/17/2016,13.05
5/16/2016,12.79
5/13/2016,12.64
5/12/2016,12.97
5/11/2016,13.09
5/10/2016,12.82
5/9/2016,12.69
5/6/2016,12.94
5/5/2016,13.07
5/4/2016,12.2
5/3/2016,12.03
5/2/2016,12.12
4/29/2016,12.43
4/28/2016,12.62
4/27/2016,13.29
4/26/2016,11.79
4/25/2016,11.31
4/22/2016,11.66
4/21/2016,11.2
4/20/2016,10.45
4/19/2016,10.33
4/18/2016,9.85
4/15/2016,8.95
4/14/2016,9.35
4/13/2016,9.36
4/12/2016,8.6
4/11/2016,8.54
4/8/2016,8.05
4/7/2016,7.07
4/6/2016,6.94
4/5/2016,6.45
4/4/2016,6.55
4/1/2016,6.88
3/31/2016,7.13
3/30/2016,6.84
3/29/2016,6.82
3/28/2016,6.68
3/24/2016,7
3/23/2016,7.15
3/22/2016,7.67
3/21/2016,7.6
3/18/2016,8.01
3/17/2016,7.92
3/16/2016,7.65
3/15/2016,7.07
3/14/2016,7.2
3/11/2016,6.82
3/10/2016,7.13
3/9/2016,7.5
3/8/2016,7.32
3/7/2016,8.26
3/4/2016,8.33
3/3/2016,7.9
3/2/2016,7.23
3/1/2016,7.02
2/29/2016,7
2/26/2016,6.81
2/25/2016,6.8
2/24/2016,7.17
2/23/2016,6.62
2/22/2016,7.16
2/19/2016,6.81
2/18/2016,6.86
2/17/2016,6.52
2/16/2016,6.06
2/12/2016,5.59
2/11/2016,5.52
2/10/2016,5.25
2/9/2016,4.57
2/8/2016,4.05
2/5/2016,6.98
2/4/2016,7.83
2/3/2016,7.87
2/2/2016,8.13
2/1/2016,8.66
1/29/2016,8.68
1/28/2016,8.78
1/27/2016,8.85
1/26/2016,9.9
1/25/2016,9.17
1/22/2016,9.63
1/21/2016,7.19
1/20/2016,7
1/19/2016,7.54
1/15/2016,8.78
1/14/2016,9.96
1/13/2016,8.09
1/12/2016,8.98
1/11/2016,10.29
1/8/2016,10.82
1/7/2016,10.56
1/6/2016,11.93
1/5/2016,13.98
1/4/2016,14.07
12/31/2015,13.74
12/30/2015,13.18
12/29/2015,13.45
12/28/2015,13.47
12/24/2015,13.43
12/23/2015,13.97
12/22/2015,11.86
12/21/2015,11.77
12/18/2015,11.09
12/17/2015,11.76
12/16/2015,13.02
12/15/2015,13.11
12/14/2015,12.88
12/11/2015,13.34
12/10/2015,15.38
12/9/2015,14.9
12/8/2015,13.2
12/7/2015,12.99
12/4/2015,15.29
12/3/2015,16.85
12/2/2015,18.19
12/1/2015,19.14
11/30/2015,18.94
11/27/2015,18.67
11/25/2015,18.96
11/24/2015,19.32
11/23/2015,19.01
11/20/2015,19.09
11/19/2015,19.8
11/18/2015,20
11/17/2015,19.7
11/16/2015,19.84
11/13/2015,18.24
11/12/2015,18.17
11/11/2015,18.85
11/10/2015,19.27
11/9/2015,19.42
11/6/2015,20.11
11/5/2015,20.48
11/4/2015,20.94
11/3/2015,21.82
11/2/2015,21.71
10/30/2015,21.55
10/29/2015,20.85
10/28/2015,20.84
10/27/2015,20.28
10/26/2015,20.21
10/23/2015,21.29
10/22/2015,21.72
10/21/2015,22.15
10/20/2015,22.73
10/19/2015,23.07
10/16/2015,23.45
10/15/2015,23.19
10/14/2015,22.81
10/13/2015,23.03
10/12/2015,23.95
10/9/2015,24.88
10/8/2015,24.65
10/7/2015,24.69
10/6/2015,23.79
10/5/2015,23.4
10/2/2015,22.99
10/1/2015,22.04
9/30/2015,20.81
9/29/2015,18.77
9/28/2015,20.29
9/25/2015,23.24
9/24/2015,23.67
9/23/2015,23.95
9/22/2015,24.65
9/21/2015,25.84
9/18/2015,25.71
9/17/2015,25.56
9/16/2015,25.74
9/15/2015,25.31
9/14/2015,25.43
9/11/2015,25.82
9/10/2015,27.02
9/9/2015,26.77
9/8/2015,27
9/4/2015,26.87
9/3/2015,27.24
9/2/2015,27.1
9/1/2015,26.98
8/31/2015,28.05
8/28/2015,28.78
8/27/2015,27.9
8/26/2015,26.55
8/25/2015,26.38
8/24/2015,26.76
8/21/2015,27.5
8/20/2015,28.25
8/19/2015,29.75
8/18/2015,30.15
8/17/2015,30.73
8/14/2015,29.85
8/13/2015,29.49
8/12/2015,29.25
8/11/2015,28.73
8/10/2015,28.43
8/7/2015,27.39
8/6/2015,27.78
8/5/2015,27.94
8/4/2015,29.19
8/3/2015,29.65
7/31/2015,30.08
7/30/2015,30
7/29/2015,30.65
7/28/2015,30.18
7/27/2015,28.96
7/24/2015,29.48
7/23/2015,29.64
7/22/2015,29.67
7/21/2015,30.14
7/20/2015,30.7
7/17/2015,31.21
7/16/2015,32.1
7/15/2015,32.26
7/14/2015,32.65
7/13/2015,32.78
7/10/2015,32.7
7/9/2015,32.26
7/8/2015,31.49
7/7/2015,31.8
7/6/2015,31.98
7/2/2015,32.36
7/1/2015,31.54
6/30/2015,32.09
6/29/2015,32.11
6/26/2015,32.58
6/25/2015,31.59
6/24/2015,32.37
6/23/2015,32.03
6/22/2015,32.53
6/19/2015,34.2
6/18/2015,34.84
6/17/2015,34.92
6/16/2015,34.95
6/15/2015,35.24
6/12/2015,34.52
6/11/2015,34.26
6/10/2015,34.24
6/9/2015,34.14
6/8/2015,33.89
6/5/2015,33.98
6/4/2015,33.17
6/3/2015,33.26
6/2/2015,34.05
6/1/2015,34.08
5/29/2015,34.34
5/28/2015,34.16
5/27/2015,34.73
5/26/2015,34.59
5/22/2015,34.88
5/21/2015,34.65
5/20/2015,34.33
5/19/2015,34.27
5/18/2015,34.26
5/15/2015,34.44
5/14/2015,34.58
5/13/2015,34.59
5/12/2015,34.3
5/11/2015,34.25
5/8/2015,34.2
5/7/2015,33.52
5/6/2015,32.77
5/5/2015,33.41
5/4/2015,34.01
5/1/2015,34.09
4/30/2015,33.33
4/29/2015,33.41
4/28/2015,33.01
4/27/2015,33.1
4/24/2015,33.06
4/23/2015,33
4/22/2015,32.47
4/21/2015,32.38
4/20/2015,32.49
4/17/2015,32.52
4/16/2015,33.13
4/15/2015,33.3
4/14/2015,33.27
4/13/2015,32.72
4/10/2015,33
4/9/2015,32.85
4/8/2015,32.67
4/7/2015,31.64
4/6/2015,31.95
4/2/2015,31.88
4/1/2015,31.82
3/31/2015,31.68
3/30/2015,31.91
3/27/2015,31.1
3/26/2015,31
3/25/2015,31.07
3/24/2015,31.44
3/23/2015,32.3
3/20/2015,31.95
3/19/2015,31.29
3/18/2015,32.06
3/17/2015,31.26
3/16/2015,30.35
3/13/2015,30.2
3/12/2015,30.7
3/11/2015,30.88
3/10/2015,31.21
3/9/2015,31.52
3/6/2015,31.84
3/5/2015,32.11
3/4/2015,32.2
3/3/2015,31.95
3/2/2015,31.75
2/27/2015,31.93
2/26/2015,31.47
2/25/2015,31.99
2/24/2015,31.57
2/23/2015,31.62
2/20/2015,31.7
2/19/2015,30.49
2/18/2015,30.07
2/17/2015,30.25
2/13/2015,29.88
2/12/2015,29.15
2/11/2015,28.82
2/10/2015,28.94
2/9/2015,28.94
2/6/2015,29.46
2/5/2015,28.58
2/4/2015,28.23
2/3/2015,29.64
2/2/2015,29.95
1/30/2015,29.71
1/29/2015,28.59
1/28/2015,29.13
1/27/2015,30.04
1/26/2015,29.35
1/23/2015,27
1/22/2015,27
1/21/2015,26.89
1/20/2015,26.38
1/16/2015,26.43
1/15/2015,25.59
1/14/2015,25.87
1/13/2015,25.27
1/12/2015,25.65
1/9/2015,26.27
1/8/2015,26.07
1/7/2015,25.89
1/6/2015,25.52
1/5/2015,27
1/2/2015,29.28
12/31/2014,28.69
12/30/2014,28.65
12/29/2014,28.88
12/26/2014,28.46
12/24/2014,28.52
12/23/2014,28.51
12/22/2014,28.18
12/19/2014,28.17
12/18/2014,27.86
12/17/2014,27.45
12/16/2014,25.23
12/15/2014,25.12
12/12/2014,25.95
12/11/2014,25.87
12/10/2014,26.26
12/9/2014,26.91
12/8/2014,26.48
12/5/2014,28.57
12/4/2014,29.3
12/3/2014,29.8
12/2/2014,29.06
12/1/2014,28.5
11/28/2014,29.7
11/26/2014,32.02
11/25/2014,31.8
11/24/2014,31.87
11/21/2014,31.91
11/20/2014,31.64
11/19/2014,31.95
11/18/2014,32.24
11/17/2014,31.36
11/14/2014,30.84
11/13/2014,30.46
11/12/2014,30.98
11/11/2014,31.02
11/10/2014,30.99
11/7/2014,31.03
11/6/2014,29.89
11/5/2014,29.2
11/4/2014,28.89
11/3/2014,29.68
10/31/2014,29.18
10/30/2014,28.98
10/29/2014,28.96
10/28/2014,28.5
10/27/2014,27.7
10/24/2014,28.64
10/23/2014,28.86
10/22/2014,29.12
10/21/2014,29.62
10/20/2014,28.86
10/17/2014,28.82
10/16/2014,28.37
10/15/2014,26.12
10/14/2014,23.91
10/13/2014,23.48
10/10/2014,25.77
10/9/2014,26.45
10/8/2014,28.16
10/7/2014,27.95
10/6/2014,28.52
10/3/2014,29.3
10/2/2014,29.5
10/1/2014,30.7
9/30/2014,30.84
9/29/2014,31.01
9/26/2014,30.45
9/25/2014,29.86
9/24/2014,30.61
9/23/2014,29.91
9/22/2014,30.4
9/19/2014,31
9/18/2014,30.41
9/17/2014,30.2
9/16/2014,30.12
9/15/2014,29.93
9/12/2014,30.23
9/11/2014,31.18
9/10/2014,31.33
9/9/2014,31.2
9/8/2014,30.96
9/5/2014,30.97
9/4/2014,30.62
9/3/2014,31.25
9/2/2014,30.36
8/29/2014,30.32
8/28/2014,30.59
8/27/2014,30
8/26/2014,29.64
8/25/2014,29.27
8/22/2014,28.57
8/21/2014,28.71
8/20/2014,28.68
8/19/2014,28.72
8/18/2014,28.46
8/15/2014,28.96
8/14/2014,28.88
8/13/2014,28.41
8/12/2014,28.05
8/11/2014,28.11
8/8/2014,27.86
8/7/2014,27.89
8/6/2014,27.29
8/5/2014,27.2
8/4/2014,27.71
8/1/2014,27
7/31/2014,27.2
7/30/2014,28.35
7/29/2014,29.07
7/28/2014,29.48
7/25/2014,29.89
7/24/2014,29.78
7/23/2014,29.27
7/22/2014,29.38
7/21/2014,28.84
7/18/2014,28.81
7/17/2014,28.61
7/16/2014,28.9
7/15/2014,28.67
7/14/2014,28.67
7/11/2014,28.76
7/10/2014,28.46
7/9/2014,28.58
7/8/2014,28.41
7/7/2014,28.95
7/3/2014,29.13
7/2/2014,29.27
7/1/2014,29.48
6/30/2014,29.47
6/27/2014,29.2
6/26/2014,29
6/25/2014,29.08
6/24/2014,27.16
6/23/2014,27.45
6/20/2014,27.3
6/19/2014,26.86
6/18/2014,26.91
6/17/2014,27.12
6/16/2014,26.91
6/13/2014,26.2
6/12/2014,26.43
6/11/2014,26.5
6/10/2014,26.96
6/9/2014,27.39
6/6/2014,27.14
6/5/2014,26.81
6/4/2014,26.11
6/3/2014,25.64
6/2/2014,25.82
5/30/2014,25.48
5/29/2014,25.34
5/28/2014,25.55
5/27/2014,25.52
5/23/2014,25.71
5/22/2014,25.39
5/21/2014,25.07
5/20/2014,24.95
5/19/2014,24.97
5/16/2014,25.54
5/15/2014,25.07
5/14/2014,25.2
5/13/2014,25.05
5/12/2014,25.09
5/9/2014,24.77
5/8/2014,24.7
5/7/2014,24.71
5/6/2014,23.64
5/5/2014,23.38
5/2/2014,23.39
5/1/2014,23.4
4/30/2014,23.3
4/29/2014,23.48
4/28/2014,23.37
4/25/2014,23.43
4/24/2014,23.74
4/23/2014,23.87
4/22/2014,24.13
4/21/2014,24.27
4/17/2014,24.18
4/16/2014,24.18
4/15/2014,24.12
4/14/2014,23.91
4/11/2014,23.91
4/10/2014,23.93
4/9/2014,24.2
4/8/2014,23.19
4/7/2014,23.03
4/4/2014,23.71
4/3/2014,23.98
4/2/2014,23.95
4/1/2014,23.81
3/31/2014,23.38
3/28/2014,23.36
3/27/2014,22.9
3/26/2014,23.41
3/25/2014,23.21
3/24/2014,22.7
3/21/2014,23.15
3/20/2014,23.29
3/19/2014,23.04
3/18/2014,23.18
3/17/2014,23.14
3/14/2014,23.2
3/13/2014,22.77
3/12/2014,22.7
3/11/2014,22.55
3/10/2014,22.27
3/7/2014,22.61
3/6/2014,22.98
3/5/2014,22.74
3/4/2014,22.59
3/3/2014,22.5
2/28/2014,21.82
2/27/2014,21.93
2/26/2014,22.01
2/25/2014,21.75
2/24/2014,21.77
2/21/2014,21.48
2/20/2014,21.27
2/19/2014,21.34
2/18/2014,21.77
2/14/2014,21.57
2/13/2014,22.02
2/12/2014,21.39
2/11/2014,20.59
2/10/2014,20.7
2/7/2014,20.58
2/6/2014,20.12
2/5/2014,19.87
2/4/2014,20.29
2/3/2014,20.59
1/31/2014,20.86
1/30/2014,20.64
1/29/2014,20.48
1/28/2014,20.57
1/27/2014,20.32
1/24/2014,20.94
1/23/2014,21.2
1/22/2014,21.22
1/21/2014,21.06
1/17/2014,21.02
1/16/2014,21.16
1/15/2014,21.01
1/14/2014,21.01
1/13/2014,20.71
1/10/2014,20.59
1/9/2014,20.5
1/8/2014,19.62
1/7/2014,19.77
1/6/2014,19.93
1/3/2014,20.2
1/2/2014,20.35
12/31/2013,20.43
12/30/2013,20.51
12/27/2013,20.36
12/26/2013,20.51
12/24/2013,20.52
12/23/2013,20.62
12/20/2013,20.35
12/19/2013,19.79
12/18/2013,19.65
12/17/2013,19.58
12/16/2013,19.55
12/13/2013,19.48
12/12/2013,19.07
12/11/2013,18.92
12/10/2013,19.18
12/9/2013,18.7
12/6/2013,18.75
12/5/2013,18.68
12/4/2013,18.36
12/3/2013,18.43
12/2/2013,18.51
11/29/2013,18.69
11/27/2013,18.7
11/26/2013,18.85
11/25/2013,19
11/22/2013,19.03
11/21/2013,19.18
11/20/2013,18.32
11/19/2013,17.34
11/18/2013,17.57
11/15/2013,17.53
11/14/2013,17.32
11/13/2013,17.3
11/12/2013,17.58
11/11/2013,17.52
11/8/2013,17.18
11/7/2013,17.31
11/6/2013,17.21
11/5/2013,17.25
11/4/2013,17.14
11/1/2013,17.05
10/31/2013,16.9
10/30/2013,17
10/29/2013,17.21
10/28/2013,17.02
10/25/2013,17.14
10/24/2013,17.31
10/23/2013,17.09
10/22/2013,17.12
10/21/2013,16.77
10/18/2013,16.53
10/17/2013,16.52
10/16/2013,16.46
10/15/2013,16.31
10/14/2013,16.69
10/11/2013,16.65
10/10/2013,16.53
10/9/2013,16.21
10/8/2013,16.32
10/7/2013,16.55
10/4/2013,16.63
10/3/2013,16.54
10/2/2013,16.43
10/1/2013,16.57
9/30/2013,16.45
9/27/2013,16.23
9/26/2013,15.92
9/25/2013,15.79
9/24/2013,15.67
9/23/2013,15.44
9/20/2013,15.8
9/19/2013,16.07
9/18/2013,15.87
9/17/2013,15.68
9/16/2013,15.57
9/13/2013,15.68
9/12/2013,15.78
9/11/2013,15.81
9/10/2013,16.01
9/9/2013,16.14
9/6/2013,15.88
9/5/2013,15.75
9/4/2013,15.91
9/3/2013,16.16
8/30/2013,16.08
8/29/2013,16.1
8/28/2013,15.94
8/27/2013,15.97
8/26/2013,15.76
8/23/2013,15.85
8/22/2013,15.78
8/21/2013,16.02
8/20/2013,16.17
8/19/2013,16
8/16/2013,16.37
8/15/2013,16.3
8/14/2013,16.41
8/13/2013,16.31
8/12/2013,16.32
8/9/2013,16.51
8/8/2013,16.56
8/7/2013,16.55
8/6/2013,16.25
8/5/2013,16.27
8/2/2013,16.23
8/1/2013,16.35
7/31/2013,16.68
7/30/2013,16.12
7/29/2013,15.91
7/26/2013,15.96
7/25/2013,15.69
7/24/2013,15.8
7/23/2013,15.75
7/22/2013,15.61
7/19/2013,15.49
7/18/2013,15.5
7/17/2013,15.69
7/16/2013,15.45
7/15/2013,15.79
7/12/2013,16.16
7/11/2013,16.24
7/10/2013,16.04
7/9/2013,15.61
7/8/2013,14.99
7/5/2013,14.98
7/3/2013,14.86
7/2/2013,14.97
7/1/2013,15.21
6/28/2013,14.96
6/27/2013,14.94
6/26/2013,14.76
6/25/2013,14.49
6/24/2013,14
6/21/2013,13.92
6/20/2013,13.5
6/19/2013,14.06
6/18/2013,14.17
6/17/2013,14.12
6/14/2013,14.25
6/13/2013,14.47
6/12/2013,14.49
6/11/2013,14.41
6/10/2013,14.32
6/7/2013,14.52
6/6/2013,14.36
6/5/2013,14.38
6/4/2013,14.54
6/3/2013,14.58
5/31/2013,14.29
5/30/2013,14.56
5/29/2013,14.81
5/28/2013,15
5/24/2013,14.93
5/23/2013,15.03
5/22/2013,15.06
5/21/2013,15.22
5/20/2013,14.91
5/17/2013,14.77
5/16/2013,14.67
5/15/2013,14.83
5/14/2013,14.72
5/13/2013,14.81
5/10/2013,14.99
5/9/2013,15.09
5/8/2013,14.84
5/7/2013,14.7
5/6/2013,14.69
5/3/2013,14.7
5/2/2013,14.49
5/1/2013,14.71
4/30/2013,14.67
4/29/2013,14.79
4/26/2013,14.72
4/25/2013,14.74
4/24/2013,14.72
4/23/2013,14.71
4/22/2013,14.78
4/19/2013,14.82
4/18/2013,14.58
4/17/2013,14.55
4/16/2013,14.73
4/15/2013,14.53
4/12/2013,14.83
4/11/2013,15.01
4/10/2013,14.75
4/9/2013,14.5
4/8/2013,14.46
4/5/2013,14.21
4/4/2013,14.3
4/3/2013,14.21
4/2/2013,14.38
4/1/2013,14.55
3/28/2013,14.62
3/27/2013,14.39
3/26/2013,14.48
3/25/2013,14.47
3/22/2013,14.54
3/21/2013,14.47
3/20/2013,14.28
3/19/2013,14.21
3/18/2013,14.06
3/15/2013,14.22
3/14/2013,13.98
3/13/2013,14.03
3/12/2013,14.22
3/11/2013,14.33
3/8/2013,14.48
3/7/2013,14.29
3/6/2013,14.1
3/5/2013,14.13
3/4/2013,13.9
3/1/2013,13.51
2/28/2013,13.3
2/27/2013,13.12
2/26/2013,12.79
2/25/2013,12.9
2/22/2013,12.94
2/21/2013,12.68
2/20/2013,12.68
2/19/2013,12.8
2/15/2013,12.51
2/14/2013,12.49
2/13/2013,12.57
2/12/2013,12.36
2/11/2013,12.36
2/8/2013,12.15
2/7/2013,12.26
2/6/2013,12.34
2/5/2013,12.53
2/4/2013,12.61
2/1/2013,12.74
1/31/2013,12.64
1/30/2013,12.37
1/29/2013,12.38
1/28/2013,12.31
1/25/2013,12.24
1/24/2013,12.12
1/23/2013,12.13
1/22/2013,12.23
1/18/2013,12.23
1/17/2013,12.26
1/16/2013,12.19
1/15/2013,12.28
1/14/2013,12.23
1/11/2013,12.2
1/10/2013,12.28
1/9/2013,12.05
1/8/2013,12
1/7/2013,12.01
1/4/2013,11.88
1/3/2013,11.87
1/2/2013,11.91
12/31/2012,11.37
12/28/2012,11.1
12/27/2012,11.17
12/26/2012,11.24
12/24/2012,11.44
12/21/2012,11.68
12/20/2012,11.77
12/19/2012,11.8
12/18/2012,11.75
12/17/2012,11.76
12/14/2012,11.61
12/13/2012,11.68
12/12/2012,11.87
12/11/2012,11.95
12/10/2012,11.89
12/7/2012,11.78
12/6/2012,11.51
12/5/2012,11.35
12/4/2012,11.14
12/3/2012,11.3
11/30/2012,11.37
11/29/2012,11.35
11/28/2012,11.37
11/27/2012,11.15
11/26/2012,11.21
11/23/2012,11.28
11/21/2012,11.19
11/20/2012,11.04
11/19/2012,11.12
11/16/2012,10.96
11/15/2012,10.65
11/14/2012,10.81
11/13/2012,11.28
11/12/2012,11.23
11/9/2012,11.23
11/8/2012,11.24
11/7/2012,11.19
11/6/2012,11.26
11/5/2012,11.06
11/2/2012,11.07
11/1/2012,11.09
10/31/2012,11
10/26/2012,11
10/25/2012,11.17
10/24/2012,11.29
10/23/2012,11.16
10/22/2012,11.15
10/19/2012,11.24
10/18/2012,11.21
10/17/2012,11.33
10/16/2012,11.28
10/15/2012,11.24
10/12/2012,11.33
10/11/2012,11.34
10/10/2012,11.42
10/9/2012,11.44
10/8/2012,11.39
10/5/2012,11.44
10/4/2012,11.16
10/3/2012,11.22
10/2/2012,11.33
10/1/2012,11.43
9/28/2012,11.3
9/27/2012,11.34
9/26/2012,11.25
9/25/2012,11.25
9/24/2012,11.24
9/21/2012,11.3
9/20/2012,11.36
9/19/2012,11.44
9/18/2012,11.37
9/17/2012,11.26
9/14/2012,11.29
9/13/2012,11.26
9/12/2012,11.21
9/11/2012,11.18
9/10/2012,11.23
9/7/2012,11.25
9/6/2012,11.25
9/5/2012,11.12
9/4/2012,11.14
8/31/2012,10.99
8/30/2012,10.94
8/29/2012,10.96
8/28/2012,10.83
8/27/2012,10.81
8/24/2012,10.64
8/23/2012,10.63
8/22/2012,10.74
8/21/2012,10.8
8/20/2012,10.82
8/17/2012,10.82
8/16/2012,10.68
8/15/2012,10.44
8/14/2012,10.36
8/13/2012,10.39
8/10/2012,10.56
8/9/2012,10.64
8/8/2012,10.53
8/7/2012,10.61
8/6/2012,10.56
8/3/2012,10.55
8/2/2012,10.38
8/1/2012,10.71
7/31/2012,10.73
7/30/2012,10.65
7/27/2012,10.54
7/26/2012,10.47
7/25/2012,10.34
7/24/2012,10.56
7/23/2012,10.71
7/20/2012,10.81
7/19/2012,10.47
7/18/2012,10.46
7/17/2012,10.43
7/16/2012,10.39
7/13/2012,10.17
7/12/2012,10.06
7/11/2012,10.06
7/10/2012,10.13
7/9/2012,10.1
7/6/2012,10.19
7/5/2012,10.17
7/3/2012,10.23
7/2/2012,10.18
6/29/2012,10.26
6/28/2012,9.96
6/27/2012,9.98
6/26/2012,9.71
6/25/2012,9.69
6/22/2012,9.8
6/21/2012,9.85
6/20/2012,10.08
6/19/2012,9.98
6/18/2012,9.88
6/15/2012,9.84
6/14/2012,9.65
6/13/2012,9.62
6/12/2012,9.51
6/11/2012,9.4
6/8/2012,9.39
6/7/2012,9.25
6/6/2012,9.29
6/5/2012,8.99
6/4/2012,8.6
6/1/2012,8.85
5/31/2012,9.08
5/30/2012,9.24
5/29/2012,9.4
5/25/2012,9.42
5/24/2012,9.45
5/23/2012,9.41
5/22/2012,9.44
5/21/2012,9.27
5/18/2012,9.11
5/17/2012,9.61
5/16/2012,9.7
5/15/2012,9.74
5/14/2012,9.83
5/11/2012,10.09
5/10/2012,10.12
5/9/2012,9.97
5/8/2012,9.97
5/7/2012,10.04
5/4/2012,10.15
5/3/2012,10.12
5/2/2012,10.36
5/1/2012,10.69
4/30/2012,10.49
4/27/2012,10.02
4/26/2012,10.04
4/25/2012,10.03
4/24/2012,10.02
4/23/2012,9.96
4/20/2012,9.97
4/19/2012,9.9
4/18/2012,9.75
4/17/2012,9.66
4/16/2012,9.62
4/13/2012,9.76
4/12/2012,9.85
4/11/2012,9.75
4/10/2012,9.75
4/9/2012,10.01
4/5/2012,10.21
4/4/2012,10.14
4/3/2012,10.38
4/2/2012,10.3
3/30/2012,10.07
3/29/2012,10.12
3/28/2012,10.07
3/27/2012,10.25
3/26/2012,10.33
3/23/2012,10.62
3/22/2012,10.69
3/21/2012,10.81
3/20/2012,10.91
3/19/2012,11.06
3/16/2012,10.99
3/15/2012,10.93
3/14/2012,10.6
3/13/2012,10.59
3/12/2012,10.58
3/9/2012,10.76
3/8/2012,10.74
3/7/2012,10.66
3/6/2012,10.45
3/5/2012,10.63
3/2/2012,10.69
3/1/2012,10.76
2/29/2012,10.87
2/28/2012,10.96
2/27/2012,11.03
2/24/2012,11.01
2/23/2012,10.83
2/22/2012,10.77
2/21/2012,10.87
2/17/2012,10.96
2/16/2012,10.79
2/15/2012,10.47
2/14/2012,10.56
2/13/2012,10.64
2/10/2012,10.45
2/9/2012,10.62
2/8/2012,10.5
2/7/2012,10.51
2/6/2012,10.58
2/3/2012,10.63
2/2/2012,10.76
2/1/2012,10.75
1/31/2012,10.69
1/30/2012,10.62
1/27/2012,10.65
1/26/2012,10.68
1/25/2012,10.8
1/24/2012,10.68
1/23/2012,10.72
1/20/2012,10.57
1/19/2012,10.55
1/18/2012,10.58
1/17/2012,10.38
1/13/2012,10.3
1/12/2012,10.17
1/11/2012,9.98
1/10/2012,10.12
1/9/2012,10.14
1/6/2012,10.22
1/5/2012,10.21
1/4/2012,10.25
1/3/2012,10.13
12/30/2011,10.14
12/29/2011,10.2
12/28/2011,10.13
12/27/2011,10.3
12/23/2011,9.95
12/22/2011,9.84
12/21/2011,9.96
12/20/2011,9.93
12/19/2011,9.84
12/16/2011,9.71
12/15/2011,9.59
12/14/2011,9.29
12/13/2011,9.44
12/12/2011,9.49
12/9/2011,9.65
12/8/2011,9.45
12/7/2011,9.51
12/6/2011,9.49
12/5/2011,9.41
12/2/2011,9.11
12/1/2011,9.08
11/30/2011,8.82
11/29/2011,8.66
11/28/2011,8.76
11/25/2011,8.74
11/23/2011,8.71
11/22/2011,8.9
11/21/2011,9.12
11/18/2011,9.39
11/17/2011,9.39
11/16/2011,9.35
11/15/2011,9.49
11/14/2011,9.4
11/11/2011,9.45
11/10/2011,9.47
11/9/2011,9.26
11/8/2011,9.67
11/7/2011,9.57
11/4/2011,9.39
11/3/2011,9.28
11/2/2011,9.09
11/1/2011,9.27
10/31/2011,9.56
10/28/2011,9.64
10/27/2011,9.63
10/26/2011,9.64
10/25/2011,9.37
10/24/2011,9.4
10/21/2011,9.16
10/20/2011,9.08
10/19/2011,9.09
10/18/2011,9.1
10/17/2011,9.09
10/14/2011,8.93
10/13/2011,8.74
10/12/2011,8.94
10/11/2011,9
10/10/2011,8.75
10/7/2011,8.56
10/6/2011,8.69
10/5/2011,8.25
10/4/2011,8.02
10/3/2011,8.26
9/30/2011,8.7
9/29/2011,8.84
9/28/2011,8.95
9/27/2011,9.11
9/26/2011,9.13
9/23/2011,9.02
9/22/2011,9.09
9/21/2011,9.36
9/20/2011,9.62
9/19/2011,9.63
9/16/2011,9.37
9/15/2011,9.56
9/14/2011,9.4
9/13/2011,9.39
9/12/2011,9.42
9/9/2011,9.49
9/8/2011,9.61
9/7/2011,9.5
9/6/2011,9.28
9/2/2011,9.43
9/1/2011,9.56
8/31/2011,9.56
8/30/2011,9.68
8/29/2011,9.63
8/26/2011,9.36
8/25/2011,9.21
8/24/2011,9.21
8/23/2011,9.21
8/22/2011,9.1
8/19/2011,9.43
8/18/2011,9.78
8/17/2011,10.02
8/16/2011,9.86
8/15/2011,9.83
8/12/2011,9.43
8/11/2011,9.74
8/10/2011,9.51
8/9/2011,9.38
8/8/2011,8.72
8/5/2011,9.22
8/4/2011,9.43
8/3/2011,10.19
8/2/2011,10.3
8/1/2011,10.39
7/29/2011,10.33
7/28/2011,10.24
7/27/2011,10.17
7/26/2011,10.37
7/25/2011,10.44
7/22/2011,10.38
7/21/2011,10.52
7/20/2011,10.77
7/19/2011,10.88
7/18/2011,11.01
7/15/2011,10.94
7/14/2011,11.02
7/13/2011,11.2
7/12/2011,11.23
7/11/2011,11.25
7/8/2011,11.25
7/7/2011,11.25
7/6/2011,11.21
7/5/2011,11.25
7/1/2011,11.17
6/30/2011,11.24
6/29/2011,11.11
6/28/2011,11
6/27/2011,10.89
6/24/2011,10.77
6/23/2011,11.39
6/22/2011,11.47
6/21/2011,11.52
6/20/2011,11.19
6/17/2011,11.06
6/16/2011,11.49
6/15/2011,10.62
6/14/2011,10.68
6/13/2011,10.65
6/10/2011,10.8
6/9/2011,10.88
6/8/2011,10.59
6/7/2011,10.6
6/6/2011,10.65
6/3/2011,10.8
6/2/2011,10.8
6/1/2011,10.53
5/31/2011,10.54
5/27/2011,10.43
5/26/2011,10.38
5/25/2011,10.14
5/24/2011,10.02
5/23/2011,10.13
5/20/2011,10.33
5/19/2011,10.25
5/18/2011,10.09
5/17/2011,9.96
5/16/2011,10.14
5/13/2011,10.04
5/12/2011,10.3
5/11/2011,10.25
5/10/2011,10.52
5/9/2011,10.57
5/6/2011,10.71
5/5/2011,10.42
5/4/2011,10.91
5/3/2011,11.09
5/2/2011,11.37
4/29/2011,11.49
4/28/2011,11.48
4/27/2011,11.56
4/26/2011,11.4
4/25/2011,11.25
4/21/2011,11.26
4/20/2011,11.23
4/19/2011,11.11
4/18/2011,11.09
4/15/2011,11.25
4/14/2011,11.29
4/13/2011,11.26
4/12/2011,11.15
4/11/2011,11.19
4/8/2011,11.37
4/7/2011,11.36
4/6/2011,11.35
4/5/2011,11.17
4/4/2011,11.13
4/1/2011,11.24
3/31/2011,11.25
3/30/2011,11.05
3/29/2011,10.83
3/28/2011,10.88
3/25/2011,10.96
3/24/2011,10.9
3/23/2011,10.72
3/22/2011,10.5
3/21/2011,10.42
3/18/2011,10.25
3/17/2011,10.07
3/16/2011,9.89
3/15/2011,9.79
3/14/2011,9.84
3/11/2011,9.93
3/10/2011,9.8
3/9/2011,9.85
3/8/2011,9.89
3/7/2011,9.89
3/4/2011,9.94
3/3/2011,9.95
3/2/2011,9.94
3/1/2011,10.02
2/28/2011,10.05
2/25/2011,10.01
2/24/2011,9.96
2/23/2011,9.86
2/22/2011,9.89
2/18/2011,10.04
2/17/2011,10.05
2/16/2011,10.21
2/15/2011,10.13
2/14/2011,9.92
2/11/2011,9.76
2/10/2011,9.72
2/9/2011,9.75
2/8/2011,9.71
2/7/2011,9.69
2/4/2011,9.7
2/3/2011,9.79
2/2/2011,9.88
2/1/2011,9.77
1/31/2011,9.72
1/28/2011,9.67
1/27/2011,9.7
1/26/2011,9.7
1/25/2011,9.62
1/24/2011,9.62
1/21/2011,9.51
1/20/2011,9.49
1/19/2011,9.65
1/18/2011,9.72
1/14/2011,9.82
1/13/2011,9.85
1/12/2011,9.77
1/11/2011,9.75
1/10/2011,9.73
1/7/2011,9.67
1/6/2011,9.73
1/5/2011,9.78
1/4/2011,9.76
1/3/2011,9.76
12/31/2010,9.77
12/30/2010,9.8
12/29/2010,9.62
12/28/2010,9.58
12/27/2010,9.53
12/23/2010,9.55
12/22/2010,9.52
12/21/2010,9.39
12/20/2010,9.36
12/17/2010,9.31
12/16/2010,9.46
12/15/2010,9.48
12/14/2010,9.77
12/13/2010,9.84
12/10/2010,9.87
12/9/2010,9.81
12/8/2010,9.78
12/7/2010,9.8
12/6/2010,9.82
12/3/2010,9.84
12/2/2010,9.9
12/1/2010,9.98
11/30/2010,9.89
11/29/2010,9.89
11/26/2010,9.9
11/24/2010,9.93
11/23/2010,9.9
11/22/2010,9.91
11/19/2010,9.78
11/18/2010,9.71
11/17/2010,9.68
11/16/2010,9.71
11/15/2010,9.94
11/12/2010,9.86
11/11/2010,9.96
11/10/2010,10
11/9/2010,10.12
11/8/2010,10.02
11/5/2010,9.96
11/4/2010,9.93
11/3/2010,9.98
11/2/2010,9.99
11/1/2010,9.85
10/29/2010,9.78
10/28/2010,9.75
10/27/2010,9.74
10/26/2010,9.76
10/25/2010,9.72
10/22/2010,9.68
10/21/2010,9.72
10/20/2010,9.71
10/19/2010,9.64
10/18/2010,9.81
10/15/2010,9.75
10/14/2010,9.72
10/13/2010,9.76
10/12/2010,9.69
10/11/2010,9.72
10/8/2010,9.6
10/7/2010,9.62
10/6/2010,9.53
10/5/2010,9.44
10/4/2010,9.32
10/1/2010,9.33
9/30/2010,9.28
9/29/2010,9.3
9/28/2010,9.31
9/27/2010,9.22
9/24/2010,9.15
9/23/2010,9.06
9/22/2010,9.21
9/21/2010,9.34
9/20/2010,9.27
9/17/2010,9.11
9/16/2010,9.23
9/15/2010,9.28
9/14/2010,9.21
9/13/2010,9.15
9/10/2010,9.13
9/9/2010,9.16
9/8/2010,9.15
9/7/2010,9.07
9/3/2010,8.87
9/2/2010,8.86
9/1/2010,8.79
8/31/2010,8.69
8/30/2010,8.69
8/27/2010,8.81
8/26/2010,8.76
8/25/2010,8.73
8/24/2010,8.76
8/23/2010,8.78
8/20/2010,8.78
8/19/2010,8.77
8/18/2010,8.8
8/17/2010,8.69
8/16/2010,8.7
8/13/2010,8.67
8/12/2010,8.53
8/11/2010,8.46
8/10/2010,8.55
8/9/2010,8.68
8/6/2010,8.96
8/5/2010,8.93
8/4/2010,9.03
8/3/2010,9.02
8/2/2010,9.05
7/30/2010,8.89
7/29/2010,8.72
7/28/2010,8.74
7/27/2010,8.75
7/26/2010,8.95
7/23/2010,8.88
7/22/2010,8.84
7/21/2010,8.86
7/20/2010,8.87
7/19/2010,8.78
7/16/2010,8.81
7/15/2010,8.87
7/14/2010,8.97
7/13/2010,9.02
7/12/2010,8.75
7/9/2010,8.56
7/8/2010,8.56
7/7/2010,8.56
7/6/2010,8.51
7/2/2010,8.44
7/1/2010,8.38
6/30/2010,8.44
6/29/2010,8.22
6/28/2010,8.4
6/25/2010,8.08
6/24/2010,7.89
6/23/2010,7.95
6/22/2010,8.05
6/21/2010,8.13
6/18/2010,8.14
6/17/2010,8.16
6/16/2010,8.2
6/15/2010,8.05
6/14/2010,7.97
6/11/2010,7.9
6/10/2010,7.8
6/9/2010,7.62
6/8/2010,7.54
6/7/2010,7.51
6/4/2010,7.63
6/3/2010,7.85
6/2/2010,7.67
6/1/2010,7.52
5/28/2010,7.69
5/27/2010,7.68
5/26/2010,7.46
5/25/2010,7.29
5/24/2010,7.29
5/21/2010,7.25
5/20/2010,7.04
5/19/2010,7.38
5/18/2010,7.58
5/17/2010,7.62
5/14/2010,7.87
5/13/2010,7.86
5/12/2010,8.07
5/11/2010,8.16
5/10/2010,8.03
5/7/2010,7.82
5/6/2010,7.83
5/5/2010,8.2
5/4/2010,8.54
5/3/2010,8.72
4/30/2010,8.55
4/29/2010,8.65
4/28/2010,8.57
4/27/2010,8.55
4/26/2010,8.81
4/23/2010,8.8
4/22/2010,8.75
4/21/2010,8.79
4/20/2010,8.8
4/19/2010,8.75
4/16/2010,8.75
4/15/2010,8.85
4/14/2010,8.84
4/13/2010,8.84
4/12/2010,8.81
4/9/2010,8.78
4/8/2010,8.75
4/7/2010,8.68
4/6/2010,8.69
4/5/2010,8.74
4/1/2010,8.45
3/31/2010,8.44
3/30/2010,8.45
3/29/2010,8.35
3/26/2010,8.27
3/25/2010,8.25
3/24/2010,8.28
3/23/2010,8.25
3/22/2010,8.25
3/19/2010,8.25
3/18/2010,8.35
3/17/2010,8.4
3/16/2010,8.41
3/15/2010,8.44
3/12/2010,8.41
3/11/2010,8.34
3/10/2010,8.28
3/9/2010,8.19
3/8/2010,8.15
3/5/2010,8.09
3/4/2010,8.04
3/3/2010,8.12
3/2/2010,8.07
3/1/2010,8.17
2/26/2010,8.08
2/25/2010,8
2/24/2010,7.98
2/23/2010,7.94
2/22/2010,7.96
2/19/2010,7.92
2/18/2010,8.08
2/17/2010,8.11
2/16/2010,7.97
2/12/2010,7.76
2/11/2010,7.73
2/10/2010,7.68
2/9/2010,7.74
2/8/2010,7.7
2/5/2010,7.79
2/4/2010,7.87
2/3/2010,8.23
2/2/2010,8.23
2/1/2010,8.25
1/29/2010,8.01
1/28/2010,8.16
1/27/2010,8.1
1/26/2010,8.26
1/25/2010,8.47
1/22/2010,8.59
1/21/2010,8.55
1/20/2010,8.46
1/19/2010,8.45
1/15/2010,8.36
1/14/2010,8.34
1/13/2010,8.34
1/12/2010,8.27
1/11/2010,8.27
1/8/2010,8.25
1/7/2010,8.15
1/6/2010,8.06
1/5/2010,7.84
1/4/2010,7.79
12/31/2009,7.64
12/30/2009,7.66
12/29/2009,7.69
12/28/2009,7.71
12/24/2009,7.7
12/23/2009,7.66
12/22/2009,7.57
12/21/2009,7.5
12/18/2009,7.31
12/17/2009,7.5
12/16/2009,7.57
12/15/2009,7.62
12/14/2009,7.63
12/11/2009,7.54
12/10/2009,7.55
12/9/2009,7.48
12/8/2009,7.48
12/7/2009,7.39
12/4/2009,7.33
12/3/2009,7.42
12/2/2009,7.41
12/1/2009,7.42
11/30/2009,7.38
11/27/2009,7.4
11/25/2009,7.5
11/24/2009,7.46
11/23/2009,7.45
11/20/2009,7.38
11/19/2009,7.37
11/18/2009,7.43
11/17/2009,7.4
11/16/2009,7.36
11/13/2009,7.31
11/12/2009,7.17
11/11/2009,7.19
11/10/2009,7.12
11/9/2009,7.3
11/6/2009,7.14
11/5/2009,7.2
11/4/2009,7.21
11/3/2009,7.09
11/2/2009,7.06
10/30/2009,7.13
10/29/2009,7.19
10/28/2009,7.05
10/27/2009,7.36
10/26/2009,7.4
10/23/2009,7.56
10/22/2009,7.62
10/21/2009,7.58
10/20/2009,7.6
10/19/2009,7.72
10/16/2009,7.65
10/15/2009,7.51
10/14/2009,7.56
10/13/2009,7.5
10/12/2009,7.46
10/9/2009,7.33
10/8/2009,7.31
10/7/2009,7.17
10/6/2009,7.18
10/5/2009,6.93
10/2/2009,6.84
10/1/2009,6.82
9/30/2009,7
9/29/2009,7.02
9/28/2009,6.93
9/25/2009,6.95
9/24/2009,6.88
9/23/2009,6.92
9/22/2009,6.93
9/21/2009,6.96
9/18/2009,6.92
9/17/2009,6.95
9/16/2009,7.12
9/15/2009,7.12
9/14/2009,7.16
9/11/2009,7.11
9/10/2009,7.05
9/9/2009,6.92
9/8/2009,6.95
9/4/2009,6.8
9/3/2009,6.69
9/2/2009,6.62
9/1/2009,6.67
8/31/2009,6.72
8/28/2009,6.89
8/27/2009,6.89
8/26/2009,6.97
8/25/2009,7.11
8/24/2009,7.16
8/21/2009,7.16
8/20/2009,7.09
8/19/2009,7
8/18/2009,6.96
8/17/2009,6.89
8/14/2009,7.05
8/13/2009,7.09
8/12/2009,7.08
8/11/2009,6.86
8/10/2009,7.23
8/7/2009,7.23
8/6/2009,7.16
8/5/2009,7.3
8/4/2009,7.51
8/3/2009,7.52
7/31/2009,7.3
7/30/2009,7.16
7/29/2009,7.01
7/28/2009,7.2
7/27/2009,7.12
7/24/2009,6.84
7/23/2009,6.76
7/22/2009,6.75
7/21/2009,6.75
7/20/2009,6.78
7/17/2009,6.7
7/16/2009,6.63
7/15/2009,6.55
7/14/2009,6.41
7/13/2009,6.46
7/10/2009,6.36
7/9/2009,6.31
7/8/2009,6.11
7/7/2009,6.13
7/6/2009,6.25
7/2/2009,6.32
7/1/2009,6.38
6/30/2009,6.34
6/29/2009,6.34
6/26/2009,6.35
6/25/2009,6.18
6/24/2009,5.95
6/23/2009,5.83
6/22/2009,6
6/19/2009,6.13
6/18/2009,6.11
6/17/2009,5.95
6/16/2009,6.1
6/15/2009,6.29
6/12/2009,6.48
6/11/2009,6.46
6/10/2009,6.39
6/9/2009,6.46
6/8/2009,6.49
6/5/2009,6.5
6/4/2009,6.48
6/3/2009,6.39
6/2/2009,6.54
6/1/2009,6.55
5/29/2009,6.57
5/28/2009,6.46
5/27/2009,6.42
5/26/2009,6.45
5/22/2009,6.45
5/21/2009,6.48
5/20/2009,6.61
5/19/2009,6.54
5/18/2009,6.41
5/15/2009,6.21
5/14/2009,6.25
5/13/2009,6.22
5/12/2009,6.25
5/11/2009,6.43
5/8/2009,6.51
5/7/2009,6.38
5/6/2009,6.49
5/5/2009,6.62
5/4/2009,6.71
5/1/2009,6.63
4/30/2009,6.41
4/29/2009,6.51
4/28/2009,6.39
4/27/2009,6.28
4/24/2009,6.17
4/23/2009,6.03
4/22/2009,5.92
4/21/2009,5.92
4/20/2009,5.85
4/17/2009,6.04
4/16/2009,6.04
4/15/2009,5.85
4/14/2009,5.85
4/13/2009,5.78
4/9/2009,5.51
4/8/2009,5.42
4/7/2009,5.38
4/6/2009,5.46
4/3/2009,5.53
4/2/2009,5.47
4/1/2009,5.38
3/31/2009,5.28
3/30/2009,5.1
3/27/2009,5.28
3/26/2009,5.37
3/25/2009,5.42
3/24/2009,5.26
3/23/2009,5.3
3/20/2009,5.04
3/19/2009,5.23
3/18/2009,5.2
3/17/2009,5.23
3/16/2009,5.11
3/13/2009,5.03
3/12/2009,5.05
3/11/2009,4.82
3/10/2009,4.73
3/9/2009,4.53
3/6/2009,4.6
3/5/2009,4.73
3/4/2009,4.83
3/3/2009,4.42
3/2/2009,4.55
2/27/2009,4.91
2/26/2009,4.87
2/25/2009,4.9
2/24/2009,4.74
2/23/2009,4.47
2/20/2009,4.63
2/19/2009,4.65
2/18/2009,4.61
2/17/2009,4.69
2/13/2009,4.89
2/12/2009,4.75
2/11/2009,4.68
2/10/2009,4.61
2/9/2009,4.71
2/6/2009,4.65
2/5/2009,4.62
2/4/2009,4.5
2/3/2009,4.67
2/2/2009,4.62
1/30/2009,4.62
1/29/2009,4.63
1/28/2009,4.7
1/27/2009,4.55
1/26/2009,4.36
1/23/2009,4.21
1/22/2009,4.04
1/21/2009,4.13
1/20/2009,4.05
1/16/2009,4.26
1/15/2009,4.26
1/14/2009,4.25
1/13/2009,4.49
1/12/2009,4.37
1/9/2009,4.6
1/8/2009,4.77
1/7/2009,4.53
1/6/2009,4.55
1/5/2009,4.46
1/2/2009,4.21
12/31/2008,4.05
12/30/2008,4.08
12/29/2008,4.08
12/26/2008,4.22
12/24/2008,4.03
12/23/2008,4.11
12/22/2008,4.14
12/19/2008,4.16
12/18/2008,4.43
12/17/2008,4.46
12/16/2008,4.43
12/15/2008,4.31
12/12/2008,4.31
12/11/2008,4.23
12/10/2008,4.28
12/9/2008,4.05
12/8/2008,4.18
12/5/2008,4.02
12/4/2008,4.06
12/3/2008,3.98
12/2/2008,3.95
12/1/2008,3.84
11/28/2008,4.12
11/26/2008,4.05
11/25/2008,3.8
11/24/2008,3.77
11/21/2008,3.32
11/20/2008,3.33
11/19/2008,3.75
11/18/2008,4.13
11/17/2008,4.2
11/14/2008,4.41
11/13/2008,4.32
11/12/2008,4.33
11/11/2008,4.57
11/10/2008,4.79
11/7/2008,4.79
11/6/2008,4.58
11/5/2008,5.09
11/4/2008,5.25
11/3/2008,5.06
10/31/2008,5.12
10/30/2008,5.08
10/29/2008,4.91
10/28/2008,4.81
10/27/2008,4.71
10/24/2008,4.88
10/23/2008,5.18
10/22/2008,5.06
10/21/2008,5.01
10/20/2008,5.01
10/17/2008,4.58
10/16/2008,4.38
10/15/2008,4.22
10/14/2008,4.46
10/13/2008,4.38
10/10/2008,3.42
10/9/2008,3.82
10/8/2008,4.08
10/7/2008,4.45
10/6/2008,4.79
10/3/2008,5.14
10/2/2008,5.28
10/1/2008,5.53
9/30/2008,5.44
9/29/2008,5.32
9/26/2008,5.67
9/25/2008,5.78
9/24/2008,5.7
9/23/2008,5.67
9/22/2008,5.85
9/19/2008,5.77
9/18/2008,5.23
9/17/2008,5.25
9/16/2008,5.5
9/15/2008,5.74
9/12/2008,6.3
9/11/2008,6.34
9/10/2008,6.45
9/9/2008,6.43
9/8/2008,6.86
9/5/2008,6.87
9/4/2008,6.99
9/3/2008,7.05
9/2/2008,7.13
8/29/2008,7.21
8/28/2008,7.22
8/27/2008,7.26
8/26/2008,6.88
8/25/2008,6.91
8/22/2008,7.09
8/21/2008,7.16
8/20/2008,7.1
8/19/2008,7.11
8/18/2008,7.18
8/15/2008,7.21
8/14/2008,7.24
8/13/2008,7.22
8/12/2008,7.07
8/11/2008,7.13
8/8/2008,7.1
8/7/2008,7.08
8/6/2008,7.18
8/5/2008,7.17
8/4/2008,7.26
8/1/2008,7.36
7/31/2008,7.43
7/30/2008,7.5
7/29/2008,7.19
7/28/2008,7.08
7/25/2008,6.99
7/24/2008,7.05
7/23/2008,7.18
7/22/2008,7.2
7/21/2008,7.18
7/18/2008,7.06
7/17/2008,7.18
7/16/2008,7.12
7/15/2008,6.96
7/14/2008,7
7/11/2008,7.02
7/10/2008,7.11
7/9/2008,7.12
7/8/2008,7
7/7/2008,6.93
7/3/2008,7
7/2/2008,7.12
7/1/2008,7.23
6/30/2008,7.25
6/27/2008,7.27
6/26/2008,7.38
6/25/2008,7.51
6/24/2008,7.55
6/23/2008,7.61
6/20/2008,7.56
6/19/2008,7.67
6/18/2008,7.71
6/17/2008,7.94
6/16/2008,7.93
6/13/2008,8
6/12/2008,7.98
6/11/2008,7.99
6/10/2008,7.96
6/9/2008,8
6/6/2008,7.92
6/5/2008,7.93
6/4/2008,7.93
6/3/2008,7.99
6/2/2008,8.04
5/30/2008,8.12
5/29/2008,8.16
5/28/2008,8.1
5/27/2008,8.12
5/23/2008,8.14
5/22/2008,8.26
5/21/2008,8.24
5/20/2008,8.35
5/19/2008,8.41
5/16/2008,8.41
5/15/2008,8.43
5/14/2008,8.42
5/13/2008,8.36
5/12/2008,8.46
5/9/2008,8.41
5/8/2008,8.44
5/7/2008,8.43
5/6/2008,8.54
5/5/2008,8.53
5/2/2008,8.45
5/1/2008,8.48
4/30/2008,8.58
4/29/2008,8.57
4/28/2008,8.46
4/25/2008,8.3
4/24/2008,8.21
4/23/2008,8.13
4/22/2008,8.11
4/21/2008,8.14
4/18/2008,8.16
4/17/2008,8
4/16/2008,7.93
4/15/2008,7.84
4/14/2008,7.8
4/11/2008,7.98
4/10/2008,8.04
4/9/2008,8.2
4/8/2008,8.25
4/7/2008,8.25
4/4/2008,8.17
4/3/2008,8.06
4/2/2008,7.9
4/1/2008,7.8
3/31/2008,7.81
3/28/2008,7.85
3/27/2008,8.04
3/26/2008,8.16
3/25/2008,7.76
3/24/2008,7.95
3/20/2008,7.44
3/19/2008,7.43
3/18/2008,7.47
3/17/2008,7.23
3/14/2008,7.49
3/13/2008,7.65
3/12/2008,7.79
3/11/2008,7.84
3/10/2008,7.79
3/7/2008,7.98
3/6/2008,8.21
3/5/2008,8.26
3/4/2008,8.25
3/3/2008,8.31
2/29/2008,8.31
2/28/2008,8.29
2/27/2008,8.06
2/26/2008,8.05
2/25/2008,8.07
2/22/2008,8.01
2/21/2008,8.02
2/20/2008,8.06
2/19/2008,8.03
2/15/2008,8
2/14/2008,8.01
2/13/2008,8
2/12/2008,8.02
2/11/2008,8
2/8/2008,8.17
2/7/2008,8.24
2/6/2008,8.18
2/5/2008,8.24
2/4/2008,8.25
2/1/2008,8.12
1/31/2008,8.26
1/30/2008,8.15
1/29/2008,8.11
1/28/2008,8.08
1/25/2008,8.02
1/24/2008,8.2
1/23/2008,7.99
1/22/2008,8.1
1/18/2008,8.12
1/17/2008,8.18
1/16/2008,8.24
1/15/2008,8.29
1/14/2008,8.27
1/11/2008,8.3
1/10/2008,8.37
1/9/2008,8.46
1/8/2008,8.54
1/7/2008,8.54
1/4/2008,8.56
1/3/2008,8.69
1/2/2008,8.81
12/31/2007,8.81
12/28/2007,8.83
12/27/2007,8.86
12/26/2007,8.9
12/24/2007,8.9
12/21/2007,8.65
12/20/2007,8.37
12/19/2007,8.39
12/18/2007,8.43
12/17/2007,8.43
12/14/2007,8.5
12/13/2007,8.55
12/12/2007,8.63
12/11/2007,8.63
12/10/2007,8.53
12/7/2007,8.48
12/6/2007,8.48
12/5/2007,8.61
12/4/2007,8.59
12/3/2007,8.6
11/30/2007,8.63
11/29/2007,8.35
11/28/2007,8.34
11/27/2007,8.28
11/26/2007,8.37
11/23/2007,8.36
11/21/2007,8.27
11/20/2007,8.25
11/19/2007,8.2
11/16/2007,8.25
11/15/2007,8.16
11/14/2007,8.21
11/13/2007,8.13
11/12/2007,8.19
11/9/2007,8.19
11/8/2007,8.18
11/7/2007,7.92
11/6/2007,8
11/5/2007,8.31
11/2/2007,8.49
11/1/2007,8.68
10/31/2007,8.9
10/30/2007,8.95
10/29/2007,8.76
10/26/2007,8.75
10/25/2007,8.72
10/24/2007,8.75
10/23/2007,8.81
10/22/2007,8.9
10/19/2007,8.91
10/18/2007,8.95
10/17/2007,8.95
10/16/2007,8.98
10/15/2007,8.97
10/12/2007,8.99
10/11/2007,8.97
10/10/2007,9.1
10/9/2007,8.94
10/8/2007,8.72
10/5/2007,8.5
10/4/2007,8.31
10/3/2007,8.31
10/2/2007,8.47
10/1/2007,8.47
9/28/2007,8.57
9/27/2007,8.51
9/26/2007,8.53
9/25/2007,8.74
9/24/2007,8.93
9/21/2007,8.98
9/20/2007,9
9/19/2007,9.03
9/18/2007,9.02
9/17/2007,9
9/14/2007,9.1
9/13/2007,9.03
9/12/2007,9.08
9/11/2007,9.19
9/10/2007,9.21
9/7/2007,9.23
9/6/2007,9.23
9/5/2007,9.21
9/4/2007,9.25
8/31/2007,9.19
8/30/2007,9.12
8/29/2007,9.21
8/28/2007,9.22
8/27/2007,9.24
8/24/2007,9.25
8/23/2007,9.24
8/22/2007,9.11
8/21/2007,8.99
8/20/2007,8.99
8/17/2007,8.97
8/16/2007,8.96
8/15/2007,8.59
8/14/2007,8.89
8/13/2007,8.85
8/10/2007,8.77
8/9/2007,8.86
8/8/2007,9.09
8/7/2007,9.08
8/6/2007,9.04
8/3/2007,9.13
8/2/2007,9.1
8/1/2007,9.61
7/31/2007,9.64
7/30/2007,9.61
7/27/2007,9.85
7/26/2007,9.95
7/25/2007,10.13
7/24/2007,10.15
7/23/2007,10.18
7/20/2007,10.23
7/19/2007,10.22
7/18/2007,10.21
7/17/2007,10.22
7/16/2007,10.26
7/13/2007,10.28
7/12/2007,10.32
7/11/2007,10.52
7/10/2007,10.55
7/9/2007,10.61
7/6/2007,10.68
7/5/2007,10.62
7/3/2007,10.66
7/2/2007,10.66
6/29/2007,10.62
6/28/2007,10.54
6/27/2007,10.73
6/26/2007,10.62
6/25/2007,10.55
6/22/2007,10.62
6/21/2007,10.45
6/20/2007,10.29
6/19/2007,10.12
6/18/2007,10.12
6/15/2007,10.18
6/14/2007,10.25
6/13/2007,10.26
6/12/2007,10.16
6/11/2007,10.19
6/8/2007,10.16
6/7/2007,10.16
6/6/2007,10.27
6/5/2007,10.37
6/4/2007,10.26
6/1/2007,10.19
5/31/2007,10.17
5/30/2007,10.11
5/29/2007,10.01
5/25/2007,10
5/24/2007,9.94
5/23/2007,9.95
5/22/2007,9.96
5/21/2007,10.01
5/18/2007,10
5/17/2007,10.01
5/16/2007,10.03
5/15/2007,10.05
5/14/2007,9.98
5/11/2007,9.97
5/10/2007,9.98
5/9/2007,9.97
5/8/2007,9.98
5/7/2007,9.26
5/4/2007,9.35
5/3/2007,9.41
5/2/2007,9.43
5/1/2007,9.42
4/30/2007,9.48
4/27/2007,9.43
4/26/2007,9.45
4/25/2007,9.52
4/24/2007,9.48
4/23/2007,9.46
4/20/2007,9.45
4/19/2007,9.39
4/18/2007,9.39
4/17/2007,9.22
4/16/2007,9.12
4/13/2007,9.13
4/12/2007,9.11
4/11/2007,9.15
4/10/2007,9.18
4/9/2007,9.21
4/5/2007,9.15
4/4/2007,9.15
4/3/2007,9.14
4/2/2007,9.13
3/30/2007,9.18
3/29/2007,9.19
3/28/2007,9.2
3/27/2007,9.23
3/26/2007,9.25
3/23/2007,9.21
3/22/2007,9.1
3/21/2007,9.12
3/20/2007,8.99
3/19/2007,8.96
3/16/2007,8.96
3/15/2007,8.85
3/14/2007,8.9
3/13/2007,8.9
3/12/2007,8.93
3/9/2007,9.07
3/8/2007,8.8
3/7/2007,8.71
3/6/2007,8.75
3/5/2007,8.72
3/2/2007,8.88
3/1/2007,8.82
2/28/2007,8.43
2/27/2007,8.24
2/26/2007,8.31
2/23/2007,8.26
2/22/2007,8.26
2/21/2007,8.3
2/20/2007,8.26
2/16/2007,8.35
2/15/2007,8.33
2/14/2007,8.29
2/13/2007,8.23
2/12/2007,8.21
2/9/2007,8.21
2/8/2007,8.18
2/7/2007,8.21
2/6/2007,8.12
2/5/2007,8.06
2/2/2007,8.04
2/1/2007,8
1/31/2007,8
1/30/2007,7.97
1/29/2007,7.94
1/26/2007,7.96
1/25/2007,7.81
1/24/2007,7.97
1/23/2007,7.86
1/22/2007,7.74
1/19/2007,7.71
1/18/2007,7.71
1/17/2007,7.71
1/16/2007,7.66
1/12/2007,7.66
1/11/2007,7.63
1/10/2007,7.62
1/9/2007,7.67
1/8/2007,7.72
1/5/2007,7.74
1/4/2007,7.76
1/3/2007,7.74
12/29/2006,7.85
12/28/2006,7.82
12/27/2006,7.76
12/26/2006,7.77
12/22/2006,7.71
12/21/2006,7.64
12/20/2006,7.64
12/19/2006,7.63
12/18/2006,7.69
12/15/2006,7.68
12/14/2006,7.67
12/13/2006,7.53
12/12/2006,7.48
12/11/2006,7.5
12/8/2006,7.5
12/7/2006,7.46
12/6/2006,7.48
12/5/2006,7.37
12/4/2006,7.43
12/1/2006,7.3
11/30/2006,7.26
11/29/2006,7.3
11/28/2006,7.26
11/27/2006,7.29
11/24/2006,7.41
11/22/2006,7.37
11/21/2006,7.29
11/20/2006,7.21
11/17/2006,7.11
11/16/2006,7.15
11/15/2006,7.15
11/14/2006,7.15
11/13/2006,7.28
11/10/2006,7.26
11/9/2006,7.21
11/8/2006,7.25
11/7/2006,7.22
11/6/2006,7.23
11/3/2006,7.29
11/2/2006,7.23
11/1/2006,7.28
10/31/2006,7.25
10/30/2006,7.16
10/27/2006,7.16
10/26/2006,7.05
10/25/2006,7.1
10/24/2006,7.12
10/23/2006,7.12
10/20/2006,7.21
10/19/2006,7.2
10/18/2006,7.18
10/17/2006,7.06
10/16/2006,7.02
10/13/2006,7.03
10/12/2006,7.04
10/11/2006,7.01
10/10/2006,7.06
10/9/2006,7.02
10/6/2006,7.08
10/5/2006,7.1
10/4/2006,7.06
10/3/2006,7.16
10/2/2006,7.33
9/29/2006,7.32
9/28/2006,7.34
9/27/2006,7.36
9/26/2006,7.35
9/25/2006,7.24
9/22/2006,7.11
9/21/2006,7.02
9/20/2006,6.87
9/19/2006,7
9/18/2006,6.86
9/15/2006,6.8
9/14/2006,6.58
9/13/2006,6.55
9/12/2006,6.55
9/11/2006,6.55
9/8/2006,6.61
9/7/2006,6.67
9/6/2006,6.75
9/5/2006,6.79
9/1/2006,6.85
8/31/2006,6.78
8/30/2006,6.73
8/29/2006,6.74
8/28/2006,6.71
8/25/2006,6.66
8/24/2006,6.63
8/23/2006,6.61
8/22/2006,6.49
8/21/2006,6.54
8/18/2006,6.53
8/17/2006,6.53
8/16/2006,6.53
8/15/2006,6.56
8/14/2006,6.55
8/11/2006,6.55
8/10/2006,6.49
8/9/2006,6.5
8/8/2006,6.6
8/7/2006,6.62
8/4/2006,6.65
8/3/2006,6.6
8/2/2006,6.58
8/1/2006,6.55
7/31/2006,6.55
7/28/2006,6.55
7/27/2006,6.43
7/26/2006,6.47
7/25/2006,6.4
7/24/2006,6.43
7/21/2006,6.3
7/20/2006,6.37
7/19/2006,6.36
7/18/2006,6.44
7/17/2006,6.46
7/14/2006,6.5
7/13/2006,6.54
7/12/2006,6.59
7/11/2006,6.55
7/10/2006,6.49
7/7/2006,6.53
7/6/2006,6.53
7/5/2006,6.55
7/3/2006,6.58
6/30/2006,6.62
6/29/2006,6.57
6/28/2006,6.52
6/27/2006,6.55
6/26/2006,6.41
6/23/2006,6.41
6/22/2006,6.37
6/21/2006,6.4
6/20/2006,6.46
6/19/2006,6.49
6/16/2006,6.59
6/15/2006,6.62
6/14/2006,6.57
6/13/2006,6.54
6/12/2006,6.65
6/9/2006,6.62
6/8/2006,6.5
6/7/2006,6.61
6/6/2006,6.66
6/5/2006,6.58
6/2/2006,6.62
6/1/2006,6.59
5/31/2006,6.67
5/30/2006,6.62
5/26/2006,6.67
5/25/2006,6.67
5/24/2006,6.62
5/23/2006,6.71
5/22/2006,6.72
5/19/2006,6.7
5/18/2006,6.7
5/17/2006,6.7
5/16/2006,6.72
5/15/2006,6.61
5/12/2006,6.75
5/11/2006,6.79
5/10/2006,6.84
5/9/2006,6.82
5/8/2006,6.71
5/5/2006,6.47
5/4/2006,6.25
5/3/2006,6.22
5/2/2006,6.24
5/1/2006,6.2
4/28/2006,6.22
4/27/2006,6.22
4/26/2006,6.21
4/25/2006,6.29
4/24/2006,6.33
4/21/2006,6.36
4/20/2006,6.26
4/19/2006,6.2
4/18/2006,6.15
4/17/2006,5.98
4/13/2006,5.99
4/12/2006,5.99
4/11/2006,6.05
4/10/2006,5.99
4/7/2006,5.86
4/6/2006,5.87
4/5/2006,5.87
4/4/2006,5.84
4/3/2006,5.91
3/31/2006,5.99
3/30/2006,5.88
3/29/2006,5.97
3/28/2006,6.03
3/27/2006,6.08
3/24/2006,5.9
3/23/2006,5.9
3/22/2006,5.84
3/21/2006,5.81
3/20/2006,5.78
3/17/2006,5.78
3/16/2006,5.77
3/15/2006,5.68
3/14/2006,5.71
3/13/2006,5.71
3/10/2006,5.65
3/9/2006,5.54
3/8/2006,5.46
3/7/2006,5.4
3/6/2006,5.45
3/3/2006,5.5
3/2/2006,5.49
3/1/2006,5.47
2/28/2006,5.5
2/27/2006,5.51
2/24/2006,5.51
2/23/2006,5.49
2/22/2006,5.47
2/21/2006,5.47
2/17/2006,5.46
2/16/2006,5.48
2/15/2006,5.46
2/14/2006,5.41
2/13/2006,5.44
2/10/2006,5.51
2/9/2006,5.49
2/8/2006,5.47
2/7/2006,5.61
2/6/2006,5.69
2/3/2006,5.66
