Date,GOOG
5/20/2025,165.32
5/19/2025,167.87
5/16/2025,167.43
5/15/2025,165.4
5/14/2025,166.81
5/13/2025,160.89
5/12/2025,159.58
5/9/2025,154.38
5/8/2025,155.75
5/7/2025,152.8
5/6/2025,165.2
5/5/2025,166.05
5/2/2025,165.81
5/1/2025,162.79
4/30/2025,160.89
4/29/2025,162.06
4/28/2025,162.42
4/25/2025,163.85
4/24/2025,161.47
4/23/2025,157.72
4/22/2025,153.9
4/21/2025,149.86
4/17/2025,153.36
4/16/2025,155.5
4/15/2025,158.68
4/14/2025,161.47
4/11/2025,159.4
4/10/2025,155.37
4/9/2025,161.06
4/8/2025,146.58
4/7/2025,149.24
4/4/2025,147.74
4/3/2025,152.63
4/2/2025,158.86
4/1/2025,158.88
3/31/2025,156.23
3/28/2025,156.06
3/27/2025,164.08
3/26/2025,167.14
3/25/2025,172.79
3/24/2025,169.93
3/21/2025,166.25
3/20/2025,165.05
3/19/2025,166.28
3/18/2025,162.67
3/17/2025,166.57
3/14/2025,167.62
3/13/2025,164.73
3/12/2025,169
3/11/2025,165.98
3/10/2025,167.81
3/7/2025,175.75
3/6/2025,174.21
3/5/2025,174.99
3/4/2025,172.61
3/3/2025,168.66
2/28/2025,172.22
2/27/2025,170.21
2/26/2025,174.7
2/25/2025,177.37
2/24/2025,181.19
2/21/2025,181.58
2/20/2025,186.64
2/19/2025,187.13
2/18/2025,185.8
2/14/2025,186.87
2/13/2025,187.88
2/12/2025,185.43
2/11/2025,187.07
2/10/2025,188.2
2/7/2025,187.14
2/6/2025,193.31
2/5/2025,193.3
2/4/2025,207.71
2/3/2025,202.64
1/31/2025,205.6
1/30/2025,202.63
1/29/2025,197.18
1/28/2025,197.07
1/27/2025,193.77
1/24/2025,201.9
1/23/2025,199.58
1/22/2025,200.03
1/21/2025,199.63
1/17/2025,197.55
1/16/2025,194.41
1/15/2025,196.98
1/14/2025,191.05
1/13/2025,192.29
1/10/2025,193.17
1/8/2025,195.39
1/7/2025,196.71
1/6/2025,197.96
1/3/2025,193.13
1/2/2025,190.63
12/31/2024,190.44
12/30/2024,192.69
12/27/2024,194.04
12/26/2024,197.1
12/24/2024,197.57
12/23/2024,195.99
12/20/2024,192.96
12/19/2024,189.7
12/18/2024,190.15
12/17/2024,197.12
12/16/2024,198.16
12/13/2024,191.38
12/12/2024,193.63
12/11/2024,196.71
12/10/2024,186.53
12/9/2024,177.1
12/6/2024,176.49
12/5/2024,174.31
12/4/2024,176.09
12/3/2024,173.02
12/2/2024,172.98
11/29/2024,170.49
11/27/2024,170.82
11/26/2024,170.62
11/25/2024,169.43
11/22/2024,166.57
11/21/2024,169.24
11/20/2024,177.33
11/19/2024,179.58
11/18/2024,176.8
11/15/2024,173.89
11/14/2024,177.35
11/13/2024,180.49
11/12/2024,183.32
11/11/2024,181.97
11/8/2024,179.86
11/7/2024,182.28
11/6/2024,178.33
11/5/2024,171.41
11/4/2024,170.68
11/1/2024,172.65
10/31/2024,172.69
10/30/2024,176.14
10/29/2024,171.14
10/28/2024,168.34
10/25/2024,166.99
10/24/2024,164.53
10/23/2024,164.48
10/22/2024,166.82
10/21/2024,165.8
10/18/2024,165.05
10/17/2024,164.51
10/16/2024,166.74
10/15/2024,166.9
10/14/2024,166.35
10/11/2024,164.52
10/10/2024,163.18
10/9/2024,163.06
10/8/2024,165.7
10/7/2024,164.39
10/4/2024,168.56
10/3/2024,167.21
10/2/2024,167.31
10/1/2024,168.42
9/30/2024,167.19
9/27/2024,165.29
9/26/2024,163.83
9/25/2024,162.99
9/24/2024,163.64
9/23/2024,163.07
9/20/2024,164.64
9/19/2024,163.24
9/18/2024,160.81
9/17/2024,160.28
9/16/2024,158.99
9/13/2024,158.37
9/12/2024,155.54
9/11/2024,152.15
9/10/2024,150.01
9/9/2024,149.54
9/6/2024,152.13
9/5/2024,158.6
9/4/2024,157.81
9/3/2024,158.61
8/30/2024,165.11
8/29/2024,163.4
8/28/2024,164.5
8/27/2024,166.38
8/26/2024,167.93
8/23/2024,167.43
8/22/2024,165.49
8/21/2024,167.63
8/20/2024,168.96
8/19/2024,168.4
8/16/2024,164.74
8/15/2024,163.17
8/14/2024,162.03
8/13/2024,165.93
8/12/2024,163.95
8/9/2024,165.39
8/8/2024,163.84
8/7/2024,160.75
8/6/2024,160.54
8/5/2024,160.64
8/2/2024,168.4
8/1/2024,172.45
7/31/2024,173.15
7/30/2024,171.86
7/29/2024,171.13
7/26/2024,168.68
7/25/2024,169.16
7/24/2024,174.37
7/23/2024,183.6
7/22/2024,183.35
7/19/2024,179.39
7/18/2024,179.22
7/17/2024,182.62
7/16/2024,185.5
7/15/2024,188.19
7/12/2024,186.78
7/11/2024,187.3
7/10/2024,192.66
7/9/2024,190.44
7/8/2024,190.48
7/5/2024,191.96
7/3/2024,187.39
7/2/2024,186.61
7/1/2024,184.49
6/28/2024,183.42
6/27/2024,186.86
6/26/2024,185.37
6/25/2024,185.58
6/24/2024,180.79
6/21/2024,180.26
6/20/2024,177.71
6/18/2024,176.45
6/17/2024,178.78
6/14/2024,178.37
6/13/2024,176.74
6/12/2024,179.56
6/11/2024,178.19
6/10/2024,176.63
6/7/2024,175.95
6/6/2024,178.35
6/5/2024,177.07
6/4/2024,175.13
6/3/2024,174.42
5/31/2024,173.96
5/30/2024,173.56
5/29/2024,177.4
5/28/2024,178.02
5/24/2024,176.33
5/23/2024,175.06
5/22/2024,178
5/21/2024,179.54
5/20/2024,178.46
5/17/2024,177.29
5/16/2024,175.43
5/15/2024,173.88
5/14/2024,171.93
5/13/2024,170.9
5/10/2024,170.29
5/9/2024,171.58
5/8/2024,171.16
5/7/2024,172.98
5/6/2024,169.83
5/3/2024,168.99
5/2/2024,168.46
5/1/2024,165.57
4/30/2024,164.64
4/29/2024,167.9
4/26/2024,173.69
4/25/2024,157.95
4/24/2024,161.1
4/23/2024,159.92
4/22/2024,157.95
4/19/2024,155.72
4/18/2024,157.46
4/17/2024,156.88
4/16/2024,156
4/15/2024,156.33
4/12/2024,159.19
4/11/2024,160.79
4/10/2024,157.66
4/9/2024,158.14
4/8/2024,156.14
4/5/2024,153.94
4/4/2024,151.94
4/3/2024,156.37
4/2/2024,155.87
4/1/2024,156.5
3/28/2024,152.26
3/27/2024,151.94
3/26/2024,151.7
3/25/2024,151.15
3/22/2024,151.77
3/21/2024,148.74
3/20/2024,149.68
3/19/2024,147.92
3/18/2024,148.48
3/15/2024,142.17
3/14/2024,144.34
3/13/2024,140.77
3/12/2024,139.62
3/11/2024,138.94
3/8/2024,136.29
3/7/2024,135.24
3/6/2024,132.56
3/5/2024,133.78
3/4/2024,134.2
3/1/2024,138.08
2/29/2024,139.78
2/28/2024,137.43
2/27/2024,140.1
2/26/2024,138.75
2/23/2024,145.29
2/22/2024,145.32
2/21/2024,143.84
2/20/2024,142.2
2/16/2024,141.76
2/15/2024,143.94
2/14/2024,147.14
2/13/2024,146.37
2/12/2024,148.73
2/9/2024,150.22
2/8/2024,147.22
2/7/2024,146.68
2/6/2024,145.41
2/5/2024,144.93
2/2/2024,143.54
2/1/2024,142.71
1/31/2024,141.8
1/30/2024,153.05
1/29/2024,154.84
1/26/2024,153.79
1/25/2024,153.64
1/24/2024,150.35
1/23/2024,148.68
1/22/2024,147.71
1/19/2024,147.97
1/18/2024,144.99
1/17/2024,142.89
1/16/2024,144.08
1/12/2024,144.24
1/11/2024,143.67
1/10/2024,143.8
1/9/2024,142.56
1/8/2024,140.53
1/5/2024,137.39
1/4/2024,138.04
1/3/2024,140.36
1/2/2024,139.56
12/29/2023,140.93
12/28/2023,141.28
12/27/2023,141.44
12/26/2023,142.82
12/22/2023,142.72
12/21/2023,141.8
12/20/2023,139.66
12/19/2023,138.1
12/18/2023,137.19
12/15/2023,133.84
12/14/2023,133.2
12/13/2023,133.97
12/12/2023,133.64
12/11/2023,134.7
12/8/2023,136.64
12/7/2023,138.45
12/6/2023,131.43
12/5/2023,132.39
12/4/2023,130.63
12/1/2023,133.32
11/30/2023,133.92
11/29/2023,136.4
11/28/2023,138.62
11/27/2023,138.05
11/24/2023,138.22
11/22/2023,140.02
11/21/2023,138.62
11/20/2023,137.92
11/17/2023,136.94
11/16/2023,138.7
11/15/2023,136.38
11/14/2023,135.43
11/13/2023,133.64
11/10/2023,134.06
11/9/2023,131.69
11/8/2023,133.26
11/7/2023,132.4
11/6/2023,131.45
11/3/2023,130.37
11/2/2023,128.58
11/1/2023,127.57
10/31/2023,125.3
10/30/2023,125.75
10/27/2023,123.4
10/26/2023,123.44
10/25/2023,126.67
10/24/2023,140.12
10/23/2023,137.9
10/20/2023,136.74
10/19/2023,138.98
10/18/2023,139.28
10/17/2023,140.99
10/16/2023,140.49
10/13/2023,138.58
10/12/2023,140.29
10/11/2023,141.7
10/10/2023,139.2
10/9/2023,139.5
10/6/2023,138.73
10/5/2023,135.99
10/4/2023,136.27
10/3/2023,133.3
10/2/2023,135.17
9/29/2023,131.85
9/28/2023,133.13
9/27/2023,131.46
9/26/2023,129.45
9/25/2023,132.17
9/22/2023,131.25
9/21/2023,131.36
9/20/2023,134.59
9/19/2023,138.83
9/18/2023,138.96
9/15/2023,138.3
9/14/2023,138.99
9/13/2023,137.5
9/12/2023,136.07
9/11/2023,137.74
9/8/2023,137.2
9/7/2023,136.2
9/6/2023,135.37
9/5/2023,136.71
9/1/2023,136.8
8/31/2023,137.35
8/30/2023,136.93
8/29/2023,135.49
8/28/2023,131.79
8/25/2023,130.69
8/24/2023,130.42
8/23/2023,133.21
8/22/2023,129.69
8/21/2023,128.93
8/18/2023,128.11
8/17/2023,130.46
8/16/2023,129.11
8/15/2023,130.27
8/14/2023,131.83
8/11/2023,130.17
8/10/2023,130.21
8/9/2023,130.15
8/8/2023,131.84
8/7/2023,131.94
8/4/2023,128.54
8/3/2023,128.77
8/2/2023,128.64
8/1/2023,131.89
7/31/2023,133.11
7/28/2023,133.01
7/27/2023,129.87
7/26/2023,129.66
7/25/2023,122.79
7/24/2023,121.88
7/21/2023,120.31
7/20/2023,119.53
7/19/2023,122.78
7/18/2023,124.08
7/17/2023,125.06
7/14/2023,125.7
7/13/2023,124.83
7/12/2023,119.62
7/11/2023,117.71
7/10/2023,116.87
7/7/2023,120.14
7/6/2023,120.93
7/5/2023,122.63
7/3/2023,120.56
6/30/2023,120.97
6/29/2023,120.01
6/28/2023,121.08
6/27/2023,119.01
6/26/2023,119.09
6/23/2023,123.02
6/22/2023,123.87
6/21/2023,121.26
6/20/2023,123.85
6/16/2023,124.06
6/15/2023,125.79
6/14/2023,124.38
6/13/2023,124.43
6/12/2023,124.35
6/9/2023,122.87
6/8/2023,122.67
6/7/2023,122.94
6/6/2023,127.91
6/5/2023,126.63
6/2/2023,125.23
6/1/2023,124.37
5/31/2023,123.37
5/30/2023,124.64
5/26/2023,125.43
5/25/2023,124.35
5/24/2023,121.64
5/23/2023,123.29
5/22/2023,125.87
5/19/2023,123.25
5/18/2023,123.52
5/17/2023,121.48
5/16/2023,120.09
5/15/2023,116.96
5/12/2023,117.92
5/11/2023,116.9
5/10/2023,112.28
5/9/2023,107.94
5/8/2023,108.24
5/5/2023,106.21
5/4/2023,105.21
5/3/2023,106.12
5/2/2023,105.98
5/1/2023,107.71
4/28/2023,108.22
4/27/2023,108.37
4/26/2023,104.45
4/25/2023,104.61
4/24/2023,106.78
4/21/2023,105.91
4/20/2023,105.9
4/19/2023,105.02
4/18/2023,105.12
4/17/2023,106.42
4/14/2023,109.46
4/13/2023,108.19
4/12/2023,105.22
4/11/2023,106.12
4/10/2023,106.95
4/6/2023,108.9
4/5/2023,104.95
4/4/2023,105.12
4/3/2023,104.91
3/31/2023,104
3/30/2023,101.32
3/29/2023,101.9
3/28/2023,101.36
3/27/2023,103.06
3/24/2023,106.06
3/23/2023,106.26
3/22/2023,104.22
3/21/2023,105.84
3/20/2023,101.93
3/17/2023,102.46
3/16/2023,101.07
3/15/2023,96.55
3/14/2023,94.25
3/13/2023,91.66
3/10/2023,91.01
3/9/2023,92.66
3/8/2023,94.65
3/7/2023,94.17
3/6/2023,95.58
3/3/2023,94.02
3/2/2023,92.31
3/1/2023,90.51
2/28/2023,90.3
2/27/2023,90.1
2/24/2023,89.35
2/23/2023,91.07
2/22/2023,91.8
2/21/2023,92.05
2/17/2023,94.59
2/16/2023,95.78
2/15/2023,97.1
2/14/2023,94.95
2/13/2023,95
2/10/2023,94.86
2/9/2023,95.46
2/8/2023,100
2/7/2023,108.04
2/6/2023,103.47
2/3/2023,105.22
2/2/2023,108.8
2/1/2023,101.43
1/31/2023,99.87
1/30/2023,97.95
1/27/2023,100.71
1/26/2023,99.16
1/25/2023,96.73
1/24/2023,99.21
1/23/2023,101.21
1/20/2023,99.28
1/19/2023,93.91
1/18/2023,91.78
1/17/2023,92.16
1/13/2023,92.8
1/12/2023,91.91
1/11/2023,92.26
1/10/2023,89.24
1/9/2023,88.8
1/6/2023,88.16
1/5/2023,86.77
1/4/2023,88.71
1/3/2023,89.7
12/30/2022,88.73
12/29/2022,88.95
12/28/2022,86.46
12/27/2022,87.93
12/23/2022,89.81
12/22/2022,88.26
12/21/2022,90.25
12/20/2022,89.63
12/19/2022,89.15
12/16/2022,90.86
12/15/2022,91.2
12/14/2022,95.31
12/13/2022,95.85
12/12/2022,93.56
12/9/2022,93.07
12/8/2022,93.95
12/7/2022,95.15
12/6/2022,97.31
12/5/2022,99.87
12/2/2022,100.83
12/1/2022,101.28
11/30/2022,101.45
11/29/2022,95.44
11/28/2022,96.25
11/25/2022,97.6
11/23/2022,98.82
11/22/2022,97.33
11/21/2022,95.83
11/18/2022,97.8
11/17/2022,98.5
11/16/2022,98.99
11/15/2022,98.72
11/14/2022,96.03
11/11/2022,96.73
11/10/2022,94.17
11/9/2022,87.4
11/8/2022,88.91
11/7/2022,88.65
11/4/2022,86.7
11/3/2022,83.49
11/2/2022,87.07
11/1/2022,90.5
10/31/2022,94.66
10/28/2022,96.58
10/27/2022,92.6
10/26/2022,94.82
10/25/2022,104.93
10/24/2022,102.97
10/21/2022,101.48
10/20/2022,100.53
10/19/2022,100.29
10/18/2022,101.39
10/17/2022,100.78
10/14/2022,97.18
10/13/2022,99.71
10/12/2022,98.3
10/11/2022,98.05
10/10/2022,98.71
10/7/2022,99.57
10/6/2022,102.24
10/5/2022,102.22
10/4/2022,102.41
10/3/2022,99.3
9/30/2022,96.15
9/29/2022,98.09
9/28/2022,100.74
9/27/2022,98.09
9/26/2022,98.81
9/23/2022,99.17
9/22/2022,100.57
9/21/2022,100.01
9/20/2022,101.83
9/19/2022,103.85
9/16/2022,103.63
9/15/2022,103.9
9/14/2022,105.87
9/13/2022,105.31
9/12/2022,111.87
9/9/2022,111.78
9/8/2022,109.42
9/7/2022,110.48
9/6/2022,107.48
9/2/2022,108.68
9/1/2022,110.55
8/31/2022,109.15
8/30/2022,109.91
8/29/2022,110.34
8/26/2022,111.3
8/25/2022,117.7
8/24/2022,114.7
8/23/2022,114.77
8/22/2022,115.07
8/19/2022,118.12
8/18/2022,120.86
8/17/2022,120.32
8/16/2022,122.51
8/15/2022,122.88
8/12/2022,122.65
8/11/2022,119.82
8/10/2022,120.65
8/9/2022,117.5
8/8/2022,118.14
8/5/2022,118.22
8/4/2022,118.87
8/3/2022,118.78
8/2/2022,115.9
8/1/2022,115.48
7/29/2022,116.64
7/28/2022,114.59
7/27/2022,113.6
7/26/2022,105.44
7/25/2022,108.21
7/22/2022,108.36
7/21/2022,115.04
7/20/2022,114.7
7/19/2022,114.62
7/18/2022,109.91
7/15/2022,112.77
7/14/2022,111.44
7/13/2022,112.19
7/12/2022,114.85
7/11/2022,116.52
7/8/2022,120.17
7/7/2022,119.31
7/6/2022,115.21
7/5/2022,113.89
7/1/2022,109.08
6/30/2022,109.37
6/29/2022,112.26
6/28/2022,112.57
6/27/2022,116.62
6/24/2022,118.54
6/23/2022,112.68
6/22/2022,112.03
6/21/2022,112.01
6/17/2022,107.87
6/16/2022,106.64
6/15/2022,110.39
6/14/2022,107.19
6/13/2022,106.88
6/10/2022,111.43
6/9/2022,114.92
6/8/2022,117.24
6/7/2022,117.23
6/6/2022,117.01
6/3/2022,114.56
6/2/2022,117.75
6/1/2022,114.14
5/31/2022,114.04
5/27/2022,112.8
5/26/2022,108.3
5/25/2022,105.84
5/24/2022,105.93
5/23/2022,111.67
5/20/2022,109.31
5/19/2022,110.75
5/18/2022,112.4
5/17/2022,116.7
5/16/2022,114.79
5/13/2022,116.52
5/12/2022,113.16
5/11/2022,113.96
5/10/2022,114.58
5/9/2022,113.08
5/6/2022,115.66
5/5/2022,116.75
5/4/2022,122.57
5/3/2022,118.13
5/2/2022,117.16
4/29/2022,114.97
4/28/2022,119.41
4/27/2022,115.02
4/26/2022,119.51
4/25/2022,123.25
4/22/2022,119.61
4/21/2022,124.94
4/20/2022,128.25
4/19/2022,130.53
4/18/2022,127.96
4/14/2022,127.25
4/13/2022,130.29
4/12/2022,128.37
4/11/2022,129.8
4/8/2022,134.01
4/7/2022,136.46
4/6/2022,137.18
4/5/2022,141.06
4/4/2022,143.64
4/1/2022,140.7
3/31/2022,139.65
3/30/2022,142.64
3/29/2022,143.25
3/28/2022,141.95
3/25/2022,141.52
3/24/2022,141.31
3/23/2022,138.5
3/22/2022,140.28
3/21/2022,136.48
3/18/2022,136.8
3/17/2022,134.6
3/16/2022,133.69
3/15/2022,129.66
3/14/2022,126.74
3/11/2022,130.48
3/10/2022,132.68
3/9/2022,133.87
3/8/2022,127.28
3/7/2022,126.46
3/4/2022,132.12
3/3/2022,134.31
3/2/2022,134.75
3/1/2022,134.17
2/28/2022,134.89
2/25/2022,134.52
2/24/2022,132.67
2/23/2022,127.58
2/22/2022,129.4
2/18/2022,130.47
2/17/2022,132.31
2/16/2022,137.49
2/15/2022,136.43
2/14/2022,135.3
2/11/2022,134.13
2/10/2022,138.6
2/9/2022,141.45
2/8/2022,139.21
2/7/2022,138.94
2/4/2022,143.02
2/3/2022,142.65
2/2/2022,148.04
2/1/2022,137.88
1/31/2022,135.7
1/28/2022,133.29
1/27/2022,129.12
1/26/2022,129.24
1/25/2022,126.74
1/24/2022,130.37
1/21/2022,130.09
1/20/2022,133.51
1/19/2022,135.65
1/18/2022,136.29
1/14/2022,139.79
1/13/2022,139.13
1/12/2022,141.65
1/11/2022,140.02
1/10/2022,138.57
1/7/2022,137
1/6/2022,137.55
1/5/2022,137.65
1/4/2022,144.42
1/3/2022,145.07
12/31/2021,144.68
12/30/2021,146
12/29/2021,146.5
12/28/2021,146.45
12/27/2021,148.06
12/23/2021,147.14
12/22/2021,146.95
12/21/2021,144.22
12/20/2021,142.4
12/17/2021,142.8
12/16/2021,144.84
12/15/2021,147.37
12/14/2021,144.97
12/13/2021,146.7
12/10/2021,148.68
12/9/2021,148.11
12/8/2021,148.72
12/7/2021,148.04
12/6/2021,143.8
12/3/2021,142.52
12/2/2021,143.78
12/1/2021,141.62
11/30/2021,142.45
11/29/2021,146.11
11/26/2021,142.81
11/24/2021,146.72
11/23/2021,146.76
11/22/2021,147.08
11/19/2021,149.95
11/18/2021,150.71
11/17/2021,149.06
11/16/2021,149.08
11/15/2021,149.39
11/12/2021,149.65
11/11/2021,146.75
11/10/2021,146.63
11/9/2021,149.25
11/8/2021,149.35
11/5/2021,149.24
11/4/2021,148.68
11/3/2021,146.79
11/2/2021,145.86
11/1/2021,143.77
10/29/2021,148.27
10/28/2021,146.13
10/27/2021,146.43
10/26/2021,139.67
10/25/2021,138.77
10/22/2021,138.62
10/21/2021,142.78
10/20/2021,142.41
10/19/2021,143.82
10/18/2021,142.96
10/15/2021,141.68
10/14/2021,141.41
10/13/2021,137.9
10/12/2021,136.71
10/11/2021,138.85
10/8/2021,140.06
10/7/2021,139.19
10/6/2021,137.35
10/5/2021,136.18
10/4/2021,133.76
10/1/2021,136.46
9/30/2021,133.27
9/29/2021,134.52
9/28/2021,136.18
9/27/2021,141.5
9/24/2021,142.63
9/23/2021,141.83
9/22/2021,140.94
9/21/2021,139.65
9/20/2021,139.02
9/17/2021,141.46
9/16/2021,144.37
9/15/2021,145.21
9/14/2021,143.41
9/13/2021,143.47
9/10/2021,141.92
9/9/2021,144.91
9/8/2021,144.88
9/7/2021,145.52
9/3/2021,144.78
9/2/2021,144.22
9/1/2021,145.84
8/31/2021,145.46
8/30/2021,145.47
8/27/2021,144.55
8/26/2021,142.12
8/25/2021,142.95
8/24/2021,142.4
8/23/2021,141.1
8/20/2021,138.44
8/19/2021,136.91
8/18/2021,136.57
8/17/2021,137.3
8/16/2021,138.92
8/13/2021,138.41
8/12/2021,138.39
8/11/2021,137.69
8/10/2021,138.1
8/9/2021,138
8/6/2021,137.04
8/5/2021,136.94
8/4/2021,136.03
8/3/2021,136.28
8/2/2021,135.99
7/30/2021,135.22
7/29/2021,136.54
7/28/2021,136.38
7/27/2021,136.8
7/26/2021,139.64
7/23/2021,137.82
7/22/2021,133.33
7/21/2021,132.6
7/20/2021,131.1
7/19/2021,129.25
7/16/2021,131.85
7/15/2021,131.27
7/14/2021,132.08
7/13/2021,130.99
7/12/2021,130.56
7/9/2021,129.57
7/8/2021,129.18
7/7/2021,130.08
7/6/2021,129.77
7/2/2021,128.72
7/1/2021,126.37
6/30/2021,125.32
6/29/2021,126.02
6/28/2021,126.82
6/25/2021,127
6/24/2021,127.28
6/23/2021,126.46
6/22/2021,127
6/21/2021,126.45
6/18/2021,125.57
6/17/2021,126.37
6/16/2021,125.7
6/15/2021,126.03
6/14/2021,126.35
6/11/2021,125.7
6/10/2021,126.08
6/9/2021,124.57
6/8/2021,124.14
6/7/2021,123.3
6/4/2021,122.59
6/3/2021,120.23
6/2/2021,121.06
6/1/2021,121.49
5/28/2021,120.58
5/27/2021,120.13
5/26/2021,121.68
5/25/2021,120.45
5/24/2021,120.33
5/21/2021,117.25
5/20/2021,117.8
5/19/2021,115.44
5/18/2021,115.17
5/17/2021,116.07
5/14/2021,115.81
5/13/2021,113.1
5/12/2021,111.95
5/11/2021,115.44
5/10/2021,117.08
5/7/2021,119.93
5/6/2021,119.07
5/5/2021,117.84
5/4/2021,117.71
5/3/2021,119.76
4/30/2021,120.51
4/29/2021,121.49
4/28/2021,119
4/27/2021,115.36
4/26/2021,116.34
4/23/2021,115.77
4/22/2021,113.4
4/21/2021,114.66
4/20/2021,114.68
4/19/2021,115.12
4/16/2021,114.89
4/15/2021,114.83
4/14/2021,112.74
4/13/2021,113.36
4/12/2021,112.74
4/9/2021,114.29
4/8/2021,113.27
4/7/2021,112.48
4/6/2021,111.24
4/5/2021,111.28
4/1/2021,106.89
3/31/2021,103.43
3/30/2021,102.78
3/29/2021,102.8
3/26/2021,101.78
3/25/2021,102.22
3/24/2021,102.25
3/23/2021,102.65
3/22/2021,101.93
3/19/2021,102.16
3/18/2021,101.81
3/17/2021,104.55
3/16/2021,104.63
3/15/2021,103.32
3/12/2021,103.1
3/11/2021,105.74
3/10/2021,102.75
3/9/2021,102.64
3/8/2021,101.21
3/5/2021,105.43
3/4/2021,102.45
3/3/2021,101.34
3/2/2021,103.79
3/1/2021,104.08
2/26/2021,101.84
2/25/2021,101.57
2/24/2021,104.76
2/23/2021,103.54
2/22/2021,103.24
2/19/2021,105.06
2/18/2021,105.86
2/17/2021,106.42
2/16/2021,106.09
2/12/2021,105.21
2/11/2021,104.79
2/10/2021,104.77
2/9/2021,104.18
2/8/2021,104.65
2/5/2021,104.9
2/4/2021,103.12
2/3/2021,103.5
2/2/2021,96.38
2/1/2021,95.07
1/29/2021,91.79
1/28/2021,93.16
1/27/2021,91.54
1/26/2021,95.86
1/25/2021,94.97
1/22/2021,95.05
1/21/2021,94.56
1/20/2021,94.34
1/19/2021,89.54
1/15/2021,86.81
1/14/2021,87.01
1/13/2021,87.72
1/12/2021,87.33
1/11/2021,88.34
1/8/2021,90.36
1/7/2021,89.36
1/6/2021,86.76
1/5/2021,87.05
1/4/2021,86.41
12/31/2020,87.59
12/30/2020,86.98
12/29/2020,87.94
12/28/2020,88.8
12/24/2020,86.94
12/23/2020,86.62
12/22/2020,86.17
12/21/2020,86.97
12/18/2020,86.55
12/17/2020,87.39
12/16/2020,88.15
12/15/2020,88.39
12/14/2020,88
12/11/2020,89.09
12/10/2020,88.77
12/9/2020,89.21
12/8/2020,90.93
12/7/2020,90.97
12/4/2020,91.4
12/3/2020,91.34
12/2/2020,91.4
12/1/2020,89.91
11/30/2020,88.04
11/27/2020,89.66
11/25/2020,88.57
11/24/2020,88.44
11/23/2020,86.74
11/20/2020,87.11
11/19/2020,88.2
11/18/2020,87.34
11/17/2020,88.51
11/16/2020,89.07
11/13/2020,88.85
11/12/2020,87.49
11/11/2020,87.64
11/10/2020,87.02
11/9/2020,88.15
11/6/2020,88.09
11/5/2020,88.17
11/4/2020,87.46
11/3/2020,82.51
11/2/2020,81.3
10/30/2020,81.05
10/29/2020,78.36
10/28/2020,75.83
10/27/2020,80.21
10/26/2020,79.52
10/23/2020,82.05
10/22/2020,80.77
10/21/2020,79.67
10/20/2020,77.8
10/19/2020,76.73
10/16/2020,78.65
10/15/2020,77.96
10/14/2020,78.4
10/13/2020,78.58
10/12/2020,78.46
10/9/2020,75.76
10/8/2020,74.3
10/7/2020,73.01
10/6/2020,72.67
10/5/2020,74.3
10/2/2020,72.92
10/1/2020,74.5
9/30/2020,73.48
9/29/2020,73.47
9/28/2020,73.23
9/25/2020,72.25
9/24/2020,71.41
9/23/2020,70.76
9/22/2020,73.27
9/21/2020,71.56
9/18/2020,73
9/17/2020,74.78
9/16/2020,76.05
9/15/2020,77.07
9/14/2020,75.96
9/11/2020,76.04
9/10/2020,76.6
9/9/2020,77.85
9/8/2020,76.62
9/4/2020,79.55
9/3/2020,82.09
9/2/2020,86.41
9/1/2020,83.04
8/31/2020,81.71
8/28/2020,82.22
8/27/2020,81.72
8/26/2020,82.62
8/25/2020,80.41
8/24/2020,79.41
8/21/2020,79.02
8/20/2020,79.09
8/19/2020,77.38
8/18/2020,77.93
8/17/2020,75.9
8/14/2020,75.39
8/13/2020,75.92
8/12/2020,75.33
8/11/2020,74.02
8/10/2020,74.81
8/7/2020,74.72
8/6/2020,75
8/5/2020,73.68
8/4/2020,73.25
8/3/2020,73.72
7/31/2020,74.15
7/30/2020,76.57
7/29/2020,76.1
7/28/2020,75.02
7/27/2020,76.51
7/24/2020,75.59
7/23/2020,75.78
7/22/2020,78.42
7/21/2020,77.92
7/20/2020,78.29
7/17/2020,75.78
7/16/2020,75.9
7/15/2020,75.68
7/14/2020,76.03
7/13/2020,75.57
7/10/2020,77.09
7/9/2020,75.55
7/8/2020,74.8
7/7/2020,74.26
7/6/2020,74.78
7/2/2020,73.23
7/1/2020,71.9
6/30/2020,70.68
6/29/2020,69.75
6/26/2020,68
6/25/2020,72.07
6/24/2020,71.6
6/23/2020,73.22
6/22/2020,72.59
6/19/2020,71.59
6/18/2020,71.8
6/17/2020,72.56
6/16/2020,72.14
6/15/2020,70.99
6/12/2020,70.66
6/11/2020,70.19
6/10/2020,73.29
6/9/2020,72.81
6/8/2020,72.33
6/5/2020,71.92
6/4/2020,70.61
6/3/2020,71.82
6/2/2020,71.96
6/1/2020,71.59
5/29/2020,71.45
5/28/2020,70.84
5/27/2020,70.89
5/26/2020,70.85
5/22/2020,70.52
5/21/2020,70.14
5/20/2020,70.34
5/19/2020,68.67
5/18/2020,69.2
5/15/2020,68.66
5/14/2020,67.81
5/13/2020,67.47
5/12/2020,68.79
5/11/2020,70.16
5/8/2020,69.42
5/7/2020,68.63
5/6/2020,67.36
5/5/2020,67.56
5/4/2020,66.34
5/1/2020,66.03
4/30/2020,67.43
4/29/2020,67.07
4/28/2020,61.68
4/27/2020,63.79
4/24/2020,63.97
4/23/2020,63.82
4/22/2020,63.16
4/21/2020,60.82
4/20/2020,63.33
4/17/2020,64.16
4/16/2020,63.17
4/15/2020,63.12
4/14/2020,63.46
4/13/2020,60.88
4/9/2020,60.57
4/8/2020,60.51
4/7/2020,59.33
4/6/2020,59.35
4/3/2020,54.89
4/2/2020,56.04
4/1/2020,55.28
3/31/2020,58.14
3/30/2020,57.34
3/27/2020,55.54
3/26/2020,58.09
3/25/2020,55.12
3/24/2020,56.72
3/23/2020,52.83
3/20/2020,53.62
3/19/2020,55.76
3/18/2020,54.84
3/17/2020,55.99
3/16/2020,54.22
3/13/2020,60.99
3/12/2020,55.75
3/11/2020,60.77
3/10/2020,64.02
3/9/2020,60.78
3/6/2020,64.92
3/5/2020,65.95
3/4/2020,69.33
3/3/2020,67.07
3/2/2020,69.46
2/28/2020,66.97
2/27/2020,65.9
2/26/2020,69.66
2/25/2020,69.42
2/24/2020,71.08
2/21/2020,74.26
2/20/2020,75.91
2/19/2020,76.33
2/18/2020,75.98
2/14/2020,76.04
2/13/2020,75.73
2/12/2020,75.91
2/11/2020,75.44
2/10/2020,75.43
2/7/2020,73.96
2/6/2020,73.81
2/5/2020,72.41
2/4/2020,72.35
2/3/2020,74.3
1/31/2020,71.71
1/30/2020,72.79
1/29/2020,72.93
1/28/2020,72.63
1/27/2020,71.69
1/24/2020,73.34
1/23/2020,74.33
1/22/2020,74.3
1/21/2020,74.22
1/17/2020,74.02
1/16/2020,72.58
1/15/2020,71.96
1/14/2020,71.54
1/13/2020,71.96
1/10/2020,71.49
1/9/2020,70.99
1/8/2020,70.22
1/7/2020,69.67
1/6/2020,69.71
1/3/2020,68.03
1/2/2020,68.37
12/31/2019,66.85
12/30/2019,66.81
12/27/2019,67.59
12/26/2019,68.02
12/24/2019,67.18
12/23/2019,67.44
12/20/2019,67.48
12/19/2019,67.8
12/18/2019,67.63
12/17/2019,67.76
12/16/2019,68.06
12/13/2019,67.39
12/12/2019,67.51
12/11/2019,67.25
12/10/2019,67.23
12/9/2019,67.18
12/6/2019,67.03
12/5/2019,66.41
12/4/2019,66.03
12/3/2019,64.76
12/2/2019,64.5
11/29/2019,65.25
11/27/2019,65.65
11/26/2019,65.68
11/25/2019,65.33
11/22/2019,64.77
11/21/2019,65.07
11/20/2019,65.15
11/19/2019,65.77
11/18/2019,66.03
11/15/2019,66.74
11/14/2019,65.57
11/13/2019,64.9
11/12/2019,64.94
11/11/2019,64.96
11/8/2019,65.57
11/7/2019,65.44
11/6/2019,64.59
11/5/2019,64.6
11/4/2019,64.57
11/1/2019,63.69
10/31/2019,63.01
10/30/2019,63.06
10/29/2019,63.13
10/28/2019,64.5
10/25/2019,63.26
10/24/2019,63.05
10/23/2019,62.96
10/22/2019,62.14
10/21/2019,62.31
10/18/2019,62.27
10/17/2019,62.65
10/16/2019,62.18
10/15/2019,62.15
10/14/2019,60.86
10/11/2019,60.77
10/10/2019,60.43
10/9/2019,60.12
10/8/2019,59.46
10/7/2019,60.38
10/4/2019,60.45
10/3/2019,59.39
10/2/2019,58.83
10/1/2019,60.26
9/30/2019,60.95
9/27/2019,61.25
9/26/2019,62.07
9/25/2019,62.33
9/24/2019,60.94
9/23/2019,61.7
9/20/2019,61.5
9/19/2019,61.94
9/18/2019,61.62
9/17/2019,61.46
9/16/2019,61.56
9/13/2019,61.98
9/12/2019,61.71
9/11/2019,61.01
9/10/2019,60.3
9/9/2019,60.22
9/6/2019,60.25
9/5/2019,60.57
9/4/2019,59.07
9/3/2019,58.42
8/30/2019,59.41
8/29/2019,59.64
8/28/2019,58.55
8/27/2019,58.39
8/26/2019,58.44
8/23/2019,57.56
8/22/2019,59.48
8/21/2019,59.56
8/20/2019,59.13
8/19/2019,59.92
8/16/2019,58.88
8/15/2019,58.36
8/14/2019,58.21
8/13/2019,59.86
8/12/2019,58.74
8/9/2019,59.4
8/8/2019,60.24
8/7/2019,58.7
8/6/2019,58.5
8/5/2019,57.62
8/2/2019,59.7
8/1/2019,60.45
7/31/2019,60.83
7/30/2019,61.26
7/29/2019,61.97
7/26/2019,62.52
7/25/2019,56.61
7/24/2019,56.89
7/23/2019,57.31
7/22/2019,56.9
7/19/2019,56.51
7/18/2019,57.32
7/17/2019,57.32
7/16/2019,57.68
7/15/2019,57.52
7/12/2019,57.24
7/11/2019,57.21
7/10/2019,57.02
7/9/2019,56.24
7/8/2019,55.82
7/5/2019,56.58
7/3/2019,56.08
7/2/2019,55.56
7/1/2019,54.9
6/28/2019,54.05
6/27/2019,53.8
6/26/2019,53.99
6/25/2019,54.32
6/24/2019,55.78
6/21/2019,56.09
6/20/2019,55.57
6/19/2019,55.12
6/18/2019,55.18
6/17/2019,54.62
6/14/2019,54.27
6/13/2019,54.44
6/12/2019,53.85
6/11/2019,53.94
6/10/2019,54.02
6/7/2019,53.3
6/6/2019,52.22
6/5/2019,52.11
6/4/2019,52.65
6/3/2019,51.81
5/31/2019,55.18
5/30/2019,55.9
5/29/2019,55.82
5/28/2019,56.71
5/24/2019,56.67
5/23/2019,57.04
5/22/2019,57.57
5/21/2019,57.48
5/20/2019,56.94
5/17/2019,58.12
5/16/2019,58.95
5/15/2019,58.21
5/14/2019,56.02
5/13/2019,56.6
5/10/2019,58.21
5/9/2019,58.12
5/8/2019,58.31
5/7/2019,58.7
5/6/2019,59.47
5/3/2019,59.27
5/2/2019,58.13
5/1/2019,58.4
4/30/2019,59.42
4/29/2019,64.38
4/26/2019,63.61
4/25/2019,63.17
4/24/2019,62.8
4/23/2019,63.23
4/22/2019,62.44
4/18/2019,61.82
4/17/2019,61.82
4/16/2019,61.36
4/15/2019,61.05
4/12/2019,60.89
4/11/2019,60.23
4/10/2019,60.11
4/9/2019,59.86
4/8/2019,60.19
4/5/2019,60.36
4/4/2019,60.75
4/3/2019,60.3
4/2/2019,60.02
4/1/2019,59.72
3/29/2019,58.67
3/28/2019,58.42
3/27/2019,58.65
3/26/2019,59.23
3/25/2019,59.65
3/22/2019,60.27
3/21/2019,61.58
3/20/2019,61.2
3/19/2019,59.94
3/18/2019,59.21
3/15/2019,59.22
3/14/2019,59.28
3/13/2019,59.67
3/12/2019,59.66
3/11/2019,58.79
3/8/2019,57.12
3/7/2019,57.16
3/6/2019,57.89
3/5/2019,58.1
3/4/2019,57.39
3/1/2019,57.05
2/28/2019,56
2/27/2019,55.8
2/26/2019,55.76
2/25/2019,55.47
2/22/2019,55.52
2/21/2019,54.85
2/20/2019,55.69
2/19/2019,55.93
2/15/2019,55.68
2/14/2019,56.08
2/13/2019,56.01
2/12/2019,56.07
2/11/2019,54.75
2/8/2019,54.75
2/7/2019,54.94
2/6/2019,55.76
2/5/2019,57.3
2/4/2019,56.64
2/1/2019,55.54
1/31/2019,55.82
1/30/2019,54.45
1/29/2019,53.03
1/28/2019,53.5
1/25/2019,54.55
1/24/2019,53.7
1/23/2019,53.78
1/22/2019,53.53
1/18/2019,54.91
1/17/2019,54.49
1/16/2019,54.05
1/15/2019,53.86
1/14/2019,52.23
1/11/2019,52.86
1/10/2019,53.52
1/9/2019,53.73
1/8/2019,53.81
1/7/2019,53.42
1/4/2019,53.54
1/3/2019,50.8
1/2/2019,52.29
12/31/2018,51.78
12/28/2018,51.85
12/27/2018,52.19
12/26/2018,51.97
12/24/2018,48.81
12/21/2018,48.98
12/20/2018,50.47
12/19/2018,51.15
12/18/2018,51.44
12/17/2018,50.83
12/14/2018,52.1
12/13/2018,53.09
12/12/2018,53.18
12/11/2018,52.59
12/10/2018,51.98
12/7/2018,51.83
12/6/2018,53.44
12/4/2018,52.54
12/3/2018,55.32
11/30/2018,54.72
11/29/2018,54.41
11/28/2018,54.31
11/27/2018,52.22
11/26/2018,52.43
11/23/2018,51.19
11/21/2018,51.88
11/20/2018,51.29
11/19/2018,51
11/16/2018,53.07
11/15/2018,53.24
11/14/2018,52.18
11/13/2018,51.8
11/12/2018,51.93
11/9/2018,53.31
11/8/2018,54.12
11/7/2018,54.67
11/6/2018,52.79
11/5/2018,52
11/2/2018,52.89
11/1/2018,53.5
10/31/2018,53.84
10/30/2018,51.81
10/29/2018,51
10/26/2018,53.57
10/25/2018,54.78
10/24/2018,52.54
10/23/2018,55.18
10/22/2018,55.06
10/19/2018,54.82
10/18/2018,54.4
10/17/2018,55.78
10/16/2018,56.06
10/15/2018,54.61
10/12/2018,55.5
10/11/2018,53.97
10/10/2018,54.06
10/9/2018,56.94
10/8/2018,57.45
10/5/2018,57.87
10/4/2018,58.41
10/3/2018,60.15
10/2/2018,60.01
10/1/2018,59.77
9/28/2018,59.67
9/27/2018,59.73
9/26/2018,59.02
9/25/2018,59.23
9/24/2018,58.67
9/21/2018,58.3
9/20/2018,59.34
9/19/2018,58.55
9/18/2018,58.06
9/17/2018,57.8
9/14/2018,58.63
9/13/2018,58.77
9/12/2018,58.14
9/11/2018,58.87
9/10/2018,58.23
9/7/2018,58.24
9/6/2018,58.57
9/5/2018,59.32
9/4/2018,59.85
8/31/2018,60.91
8/30/2018,61.96
8/29/2018,62.47
8/28/2018,61.56
8/27/2018,62.09
8/24/2018,61.03
8/23/2018,60.27
8/22/2018,60.37
8/21/2018,60.08
8/20/2018,60.39
8/17/2018,60.05
8/16/2018,60.32
8/15/2018,60.72
8/14/2018,62.1
8/13/2018,61.75
8/10/2018,61.88
8/9/2018,62.45
8/8/2018,62.28
8/7/2018,62.11
8/6/2018,61.24
8/3/2018,61.19
8/2/2018,61.31
8/1/2018,61
7/31/2018,60.86
7/30/2018,60.99
7/27/2018,61.92
7/26/2018,63.42
7/25/2018,63.19
7/24/2018,62.4
7/23/2018,60.27
7/20/2018,59.25
7/19/2018,59.35
7/18/2018,59.79
7/17/2018,59.94
7/16/2018,59.19
7/13/2018,59.44
7/12/2018,59.17
7/11/2018,57.7
7/10/2018,57.64
7/9/2018,57.7
7/6/2018,57.01
7/5/2018,56.21
7/3/2018,55.14
7/2/2018,56.37
6/29/2018,55.78
6/28/2018,55.71
6/27/2018,55.2
6/26/2018,55.92
6/25/2018,56.24
6/22/2018,57.77
6/21/2018,57.88
6/20/2018,58.49
6/19/2018,58.4
6/18/2018,58.67
6/15/2018,57.61
6/14/2018,57.61
6/13/2018,56.74
6/12/2018,56.97
6/11/2018,56.5
6/8/2018,56.04
6/7/2018,56.19
6/6/2018,56.84
6/5/2018,56.98
6/4/2018,56.96
6/1/2018,55.98
5/31/2018,54.25
5/30/2018,53.39
5/29/2018,53.02
5/25/2018,53.78
5/24/2018,53.96
5/23/2018,53.98
5/22/2018,53.49
5/21/2018,53.98
5/18/2018,53.32
5/17/2018,53.93
5/16/2018,54.09
5/15/2018,53.96
5/14/2018,55.01
5/11/2018,54.91
5/10/2018,54.88
5/9/2018,54.14
5/8/2018,52.7
5/7/2018,52.74
5/4/2018,52.41
5/3/2018,51.19
5/2/2018,51.22
5/1/2018,51.87
4/30/2018,50.87
4/27/2018,51.5
4/26/2018,52
4/25/2018,51.06
4/24/2018,51
4/23/2018,53.37
4/20/2018,53.65
4/19/2018,54.38
4/18/2018,53.6
4/17/2018,53.71
4/16/2018,51.9
4/13/2018,51.46
4/12/2018,51.63
4/11/2018,51
4/10/2018,51.58
4/9/2018,50.77
4/6/2018,50.35
4/5/2018,51.39
4/4/2018,51.26
4/3/2018,50.67
4/2/2018,50.32
3/29/2018,51.59
3/28/2018,50.23
3/27/2018,50.26
3/26/2018,52.66
3/23/2018,51.08
3/22/2018,52.45
3/21/2018,54.54
3/20/2018,54.89
3/19/2018,54.99
3/16/2018,56.79
3/15/2018,57.48
3/14/2018,57.47
3/13/2018,56.91
3/12/2018,58.23
3/9/2018,58
3/8/2018,56.3
3/7/2018,55.48
3/6/2018,54.75
3/5/2018,54.55
3/2/2018,53.95
3/1/2018,53.48
2/28/2018,55.24
2/27/2018,55.91
2/26/2018,57.19
2/23/2018,56.34
2/22/2018,55.33
2/21/2018,55.57
2/20/2018,55.12
2/16/2018,54.74
2/15/2018,54.48
2/14/2018,53.48
2/13/2018,52.6
2/12/2018,52.6
2/9/2018,51.89
2/8/2018,50.08
2/7/2018,52.43
2/6/2018,54.03
2/5/2018,52.79
2/2/2018,55.59
2/1/2018,58.38
1/31/2018,58.5
1/30/2018,58.18
1/29/2018,58.78
1/26/2018,58.79
1/25/2018,58.52
1/24/2018,58.21
1/23/2018,58.5
1/22/2018,57.79
1/19/2018,56.88
1/18/2018,56.49
1/17/2018,56.6
1/16/2018,56.09
1/12/2018,56.11
1/11/2018,55.28
1/10/2018,55.13
1/9/2018,55.31
1/8/2018,55.35
1/5/2018,55.11
1/4/2018,54.32
1/3/2018,54.12
1/2/2018,53.25
12/29/2017,52.32
12/28/2017,52.41
12/27/2017,52.47
12/26/2017,52.84
12/22/2017,53.01
12/21/2017,53.18
12/20/2017,53.25
12/19/2017,53.53
12/18/2017,53.86
12/15/2017,53.21
12/14/2017,52.46
12/13/2017,52.03
12/12/2017,52.02
12/11/2017,52.05
12/8/2017,51.85
12/7/2017,51.55
12/6/2017,50.92
12/5/2017,50.26
12/4/2017,49.93
12/1/2017,50.51
11/30/2017,51.07
11/29/2017,51.08
11/28/2017,52.37
11/27/2017,52.71
11/24/2017,52.03
11/22/2017,51.8
11/21/2017,51.72
11/20/2017,50.92
11/17/2017,50.95
11/16/2017,51.62
11/15/2017,51.05
11/14/2017,51.3
11/13/2017,51.29
11/10/2017,51.4
11/9/2017,51.56
11/8/2017,51.99
11/7/2017,51.67
11/6/2017,51.3
11/3/2017,51.62
11/2/2017,51.28
11/1/2017,51.27
10/31/2017,50.83
10/30/2017,50.86
10/27/2017,50.96
10/26/2017,48.63
10/25/2017,48.67
10/24/2017,48.53
10/23/2017,48.42
10/20/2017,49.41
10/19/2017,49.22
10/18/2017,49.64
10/17/2017,49.61
10/16/2017,49.6
10/13/2017,49.48
10/12/2017,49.39
10/11/2017,49.46
10/10/2017,48.63
10/9/2017,48.85
10/6/2017,48.94
10/5/2017,48.5
10/4/2017,47.58
10/3/2017,47.89
10/2/2017,47.66
9/29/2017,47.96
9/28/2017,47.48
9/27/2017,47.22
9/26/2017,46.24
9/25/2017,46.05
9/22/2017,46.43
9/21/2017,46.62
9/20/2017,46.58
9/19/2017,46.09
9/18/2017,45.75
9/15/2017,46.01
9/14/2017,46.26
9/13/2017,46.75
9/12/2017,46.6
9/11/2017,46.45
9/8/2017,46.33
9/7/2017,46.8
9/6/2017,46.39
9/5/2017,46.42
9/1/2017,46.87
8/31/2017,46.97
8/30/2017,46.48
8/29/2017,46.06
8/28/2017,45.69
8/25/2017,45.79
8/24/2017,46.06
8/23/2017,46.35
8/22/2017,46.23
8/21/2017,45.33
8/18/2017,45.53
8/17/2017,45.55
8/16/2017,46.35
8/15/2017,46.11
8/14/2017,46.13
8/11/2017,45.72
8/10/2017,45.36
8/9/2017,46.15
8/8/2017,46.34
8/7/2017,46.47
8/4/2017,46.4
8/3/2017,46.18
8/2/2017,46.52
8/1/2017,46.54
7/31/2017,46.52
7/28/2017,47.08
7/27/2017,46.7
7/26/2017,47.39
7/25/2017,47.53
7/24/2017,49.02
7/21/2017,48.65
7/20/2017,48.41
7/19/2017,48.54
7/18/2017,48.27
7/17/2017,47.67
7/14/2017,47.8
7/13/2017,47.36
7/12/2017,47.19
7/11/2017,46.5
7/10/2017,46.44
7/7/2017,45.93
7/6/2017,45.33
7/5/2017,45.59
7/3/2017,44.94
6/30/2017,45.44
6/29/2017,45.89
6/28/2017,47.02
6/27/2017,46.37
6/26/2017,47.61
6/23/2017,48.28
6/22/2017,47.85
6/21/2017,47.97
6/20/2017,47.53
6/19/2017,47.87
6/16/2017,46.99
6/15/2017,47.12
6/14/2017,47.54
6/13/2017,47.67
6/12/2017,47.15
6/9/2017,47.49
6/8/2017,49.17
6/7/2017,49.05
6/6/2017,48.83
6/5/2017,49.18
6/2/2017,48.78
6/1/2017,48.35
5/31/2017,48.24
5/30/2017,48.79
5/26/2017,48.57
5/25/2017,48.48
5/24/2017,47.75
5/23/2017,47.44
5/22/2017,47.09
5/19/2017,46.7
5/18/2017,46.51
5/17/2017,45.98
5/16/2017,47.15
5/15/2017,46.85
5/12/2017,46.61
5/11/2017,46.53
5/10/2017,46.44
5/9/2017,46.61
5/8/2017,46.72
5/5/2017,46.36
5/4/2017,46.58
5/3/2017,46.35
5/2/2017,45.82
5/1/2017,45.63
4/28/2017,45.3
4/27/2017,43.71
4/26/2017,43.59
4/25/2017,43.62
4/24/2017,43.14
4/21/2017,42.16
4/20/2017,42.08
4/19/2017,41.91
4/18/2017,41.84
4/17/2017,41.86
4/13/2017,41.18
4/12/2017,41.22
4/11/2017,41.17
4/10/2017,41.24
4/7/2017,41.23
4/6/2017,41.39
4/5/2017,41.57
4/4/2017,41.73
4/3/2017,41.93
3/31/2017,41.48
3/30/2017,41.58
3/29/2017,41.57
3/28/2017,41.05
3/27/2017,40.98
3/24/2017,40.72
3/23/2017,40.88
3/22/2017,41.48
3/21/2017,41.52
3/20/2017,42.42
3/17/2017,42.61
3/16/2017,42.44
3/15/2017,42.36
3/14/2017,42.28
3/13/2017,42.28
3/10/2017,42.16
3/9/2017,41.93
3/8/2017,41.77
3/7/2017,41.6
3/6/2017,41.39
3/3/2017,41.45
3/2/2017,41.53
3/1/2017,41.76
2/28/2017,41.16
2/27/2017,41.46
2/24/2017,41.43
2/23/2017,41.57
2/22/2017,41.54
2/21/2017,41.58
2/17/2017,41.4
2/16/2017,41.21
2/15/2017,40.95
2/14/2017,41.02
2/13/2017,40.96
2/10/2017,40.68
2/9/2017,40.48
2/8/2017,40.42
2/7/2017,40.35
2/6/2017,40.07
2/3/2017,40.07
2/2/2017,39.93
2/1/2017,39.78
1/31/2017,39.84
1/30/2017,40.12
1/27/2017,41.17
1/26/2017,41.61
1/25/2017,41.78
1/24/2017,41.19
1/23/2017,40.97
1/20/2017,40.25
1/19/2017,40.11
1/18/2017,40.3
1/17/2017,40.23
1/13/2017,40.39
1/12/2017,40.32
1/11/2017,40.4
1/10/2017,40.24
1/9/2017,40.33
1/6/2017,40.31
1/5/2017,39.7
1/4/2017,39.34
1/3/2017,39.31
12/30/2016,38.59
12/29/2016,39.14
12/28/2016,39.25
12/27/2016,39.58
12/23/2016,39.5
12/22/2016,39.56
12/21/2016,39.73
12/20/2016,39.82
12/19/2016,39.71
12/16/2016,39.54
12/15/2016,39.89
12/14/2016,39.85
12/13/2016,39.8
12/12/2016,39.46
12/9/2016,39.46
12/8/2016,38.82
12/7/2016,38.56
12/6/2016,37.96
12/5/2016,38.13
12/2/2016,37.52
12/1/2016,37.4
11/30/2016,37.9
11/29/2016,38.54
11/28/2016,38.41
11/25/2016,38.08
11/23/2016,38.05
11/22/2016,38.41
11/21/2016,38.46
11/18/2016,38.03
11/17/2016,38.56
11/16/2016,38.22
11/15/2016,37.92
11/14/2016,36.8
11/11/2016,37.7
11/10/2016,38.13
11/9/2016,39.27
11/8/2016,39.53
11/7/2016,39.13
11/4/2016,38.1
11/3/2016,38.11
11/2/2016,38.44
11/1/2016,39.18
10/31/2016,39.23
10/28/2016,39.77
10/27/2016,39.77
10/26/2016,39.95
10/25/2016,40.38
10/24/2016,40.66
10/21/2016,39.97
10/20/2016,39.85
10/19/2016,40.08
10/18/2016,39.76
10/17/2016,39
10/14/2016,38.93
10/13/2016,38.91
10/12/2016,39.31
10/11/2016,39.15
10/10/2016,39.3
10/7/2016,38.75
10/6/2016,38.84
10/5/2016,38.82
10/4/2016,38.82
10/3/2016,38.63
9/30/2016,38.86
9/29/2016,38.75
9/28/2016,39.08
9/27/2016,39.15
9/26/2016,38.71
9/23/2016,39.34
9/22/2016,39.36
9/21/2016,38.81
9/20/2016,38.57
9/19/2016,38.28
9/16/2016,38.44
9/15/2016,38.59
9/14/2016,38.12
9/13/2016,37.98
9/12/2016,38.45
9/9/2016,37.98
9/8/2016,38.77
9/7/2016,39.02
9/6/2016,39
9/2/2016,38.57
9/1/2016,38.44
8/31/2016,38.35
8/30/2016,38.45
8/29/2016,38.61
8/26/2016,38.48
8/25/2016,38.47
8/24/2016,38.48
8/23/2016,38.6
8/22/2016,38.61
8/19/2016,38.77
8/18/2016,38.88
8/17/2016,39
8/16/2016,38.86
8/15/2016,39.12
8/12/2016,39.16
8/11/2016,39.24
8/10/2016,39.23
8/9/2016,39.21
8/8/2016,39.09
8/5/2016,39.11
8/4/2016,38.58
8/3/2016,38.66
8/2/2016,38.55
8/1/2016,38.64
7/29/2016,38.44
7/28/2016,37.3
7/27/2016,37.09
7/26/2016,36.92
7/25/2016,36.99
7/22/2016,37.14
7/21/2016,36.93
7/20/2016,37.06
7/19/2016,36.85
7/18/2016,36.69
7/15/2016,35.99
7/14/2016,36.05
7/13/2016,35.85
7/12/2016,36.03
7/11/2016,35.75
7/8/2016,35.28
7/7/2016,34.77
7/6/2016,34.89
7/5/2016,34.72
7/1/2016,34.96
6/30/2016,34.6
6/29/2016,34.21
6/28/2016,34
6/27/2016,33.41
6/24/2016,33.76
6/23/2016,35.09
6/22/2016,34.87
6/21/2016,34.8
6/20/2016,34.69
6/17/2016,34.59
6/16/2016,35.52
6/15/2016,35.95
6/14/2016,35.91
6/13/2016,35.92
6/10/2016,35.97
6/9/2016,36.43
6/8/2016,36.41
6/7/2016,35.83
6/6/2016,35.83
6/3/2016,36.12
6/2/2016,36.52
6/1/2016,36.71
5/31/2016,36.79
5/27/2016,36.63
5/26/2016,36.21
5/25/2016,36.26
5/24/2016,36
5/23/2016,35.21
5/20/2016,35.49
5/19/2016,35.02
5/18/2016,35.33
5/17/2016,35.31
5/16/2016,35.82
5/13/2016,35.54
5/12/2016,35.67
5/11/2016,35.76
5/10/2016,36.16
5/9/2016,35.65
5/6/2016,35.56
5/5/2016,35.07
5/4/2016,34.78
5/3/2016,34.62
5/2/2016,34.91
4/29/2016,34.65
4/28/2016,34.55
4/27/2016,35.29
4/26/2016,35.41
4/25/2016,36.16
4/22/2016,35.94
4/21/2016,37.96
4/20/2016,37.63
4/19/2016,37.7
4/18/2016,38.33
4/15/2016,37.95
4/14/2016,37.66
4/13/2016,37.59
4/12/2016,37.15
4/11/2016,36.8
4/8/2016,36.96
4/7/2016,37.01
4/6/2016,37.28
4/5/2016,36.89
4/4/2016,37.26
4/1/2016,37.5
3/31/2016,37.25
3/30/2016,37.53
3/29/2016,37.24
3/28/2016,36.68
3/24/2016,36.77
3/23/2016,36.9
3/22/2016,37.04
3/21/2016,37.1
3/18/2016,36.88
3/17/2016,36.89
3/16/2016,36.8
3/15/2016,36.42
3/14/2016,36.52
3/11/2016,36.34
3/10/2016,35.64
3/9/2016,35.26
3/8/2016,34.7
3/7/2016,34.76
3/4/2016,35.54
3/3/2016,35.62
3/2/2016,35.94
3/1/2016,35.94
2/29/2016,34.89
2/26/2016,35.25
2/25/2016,35.29
2/24/2016,34.98
2/23/2016,34.79
2/22/2016,35.32
2/19/2016,35.05
2/18/2016,34.87
2/17/2016,35.42
2/16/2016,34.55
2/12/2016,34.12
2/11/2016,34.16
2/10/2016,34.21
2/9/2016,33.91
2/8/2016,34.14
2/5/2016,34.18
2/4/2016,35.4
2/3/2016,36.35
2/2/2016,38.23
2/1/2016,37.6
1/29/2016,37.15
1/28/2016,36.55
1/27/2016,35
1/26/2016,35.65
1/25/2016,35.58
1/22/2016,36.26
1/21/2016,35.33
1/20/2016,34.92
1/19/2016,35.09
1/15/2016,34.72
1/14/2016,35.74
1/13/2016,35.03
1/12/2016,36.3
1/11/2016,35.8
1/8/2016,35.72
1/7/2016,36.32
1/6/2016,37.18
1/5/2016,37.13
1/4/2016,37.09
12/31/2015,37.94
12/30/2015,38.55
12/29/2015,38.83
12/28/2015,38.13
12/24/2015,37.42
12/23/2015,37.52
12/22/2015,37.5
12/21/2015,37.39
12/18/2015,36.97
12/17/2015,37.47
12/16/2015,37.9
12/15/2015,37.17
12/14/2015,37.39
12/11/2015,36.94
12/10/2015,37.47
12/9/2015,37.58
12/8/2015,38.12
12/7/2015,38.16
12/4/2015,38.34
12/3/2015,37.63
12/2/2015,38.12
12/1/2015,38.35
11/30/2015,37.13
11/27/2015,37.51
11/25/2015,37.41
11/24/2015,37.41
11/23/2015,37.8
11/20/2015,37.83
11/19/2015,36.92
11/18/2015,37
11/17/2015,36.27
11/16/2015,36.45
11/13/2015,35.85
11/12/2015,36.56
11/11/2015,36.77
11/10/2015,36.42
11/9/2015,36.24
11/6/2015,36.69
11/5/2015,36.56
11/4/2015,36.41
11/3/2015,36.11
11/2/2015,36.06
10/30/2015,35.54
10/29/2015,35.85
10/28/2015,35.65
10/27/2015,35.42
10/26/2015,35.64
10/23/2015,35.1
10/22/2015,32.59
10/21/2015,32.13
10/20/2015,32.51
10/19/2015,33.3
10/16/2015,33.11
10/15/2015,33.09
10/14/2015,32.56
10/13/2015,32.62
10/12/2015,32.33
10/9/2015,32.18
10/8/2015,31.96
10/7/2015,32.12
10/6/2015,32.27
10/5/2015,32.07
10/2/2015,31.35
10/1/2015,30.56
9/30/2015,30.42
9/29/2015,29.75
9/28/2015,29.74
9/25/2015,30.6
9/24/2015,31.29
9/23/2015,31.12
9/22/2015,31.13
9/21/2015,31.77
9/18/2015,31.46
9/17/2015,32.15
9/16/2015,31.8
9/15/2015,31.76
9/14/2015,31.16
9/11/2015,31.29
9/10/2015,31.07
9/9/2015,30.64
9/8/2015,30.73
9/4/2015,30.04
9/3/2015,30.31
9/2/2015,30.72
9/1/2015,29.89
8/31/2015,30.91
8/28/2015,31.52
8/27/2015,31.88
8/26/2015,31.43
8/25/2015,29.1
8/24/2015,29.48
8/21/2015,30.62
8/20/2015,32.34
8/19/2015,33.05
8/18/2015,32.81
8/17/2015,33.04
8/14/2015,32.86
8/13/2015,32.82
8/12/2015,32.98
8/11/2015,33.04
8/10/2015,31.69
8/7/2015,31.77
8/6/2015,32.13
8/5/2015,32.19
8/4/2015,31.46
8/3/2015,31.56
7/31/2015,31.28
7/30/2015,31.63
7/29/2015,31.6
7/28/2015,31.4
7/27/2015,31.36
7/24/2015,31.18
7/23/2015,32.21
7/22/2015,33.1
7/21/2015,33.12
7/20/2015,33.15
7/17/2015,33.65
7/16/2015,28.99
7/15/2015,28.01
7/14/2015,28.05
7/13/2015,27.33
7/10/2015,26.51
7/9/2015,26.03
7/8/2015,25.84
7/7/2015,26.25
7/6/2015,26.14
7/2/2015,26.17
7/1/2015,26.09
6/30/2015,26.03
6/29/2015,26.08
6/26/2015,26.58
6/25/2015,26.76
6/24/2015,26.89
6/23/2015,27.02
6/22/2015,26.91
6/19/2015,26.83
6/18/2015,26.84
6/17/2015,26.46
6/16/2015,26.41
6/15/2015,26.36
6/12/2015,26.62
6/11/2015,26.73
6/10/2015,26.83
6/9/2015,26.33
6/8/2015,26.34
6/5/2015,26.67
6/4/2015,26.84
6/3/2015,27.02
6/2/2015,26.96
6/1/2015,26.7
5/29/2015,26.61
5/28/2015,26.99
5/27/2015,26.99
5/26/2015,26.62
5/22/2015,27.01
5/21/2015,27.13
5/20/2015,26.96
5/19/2015,26.87
5/18/2015,26.61
5/15/2015,26.69
5/14/2015,26.92
5/13/2015,26.48
5/12/2015,26.45
5/11/2015,26.79
5/8/2015,26.91
5/7/2015,26.54
5/6/2015,26.21
5/5/2015,26.54
5/4/2015,27.04
5/1/2015,26.89
4/30/2015,26.87
4/29/2015,27.45
4/28/2015,27.68
4/27/2015,27.77
4/24/2015,28.18
4/23/2015,27.28
4/22/2015,26.89
4/21/2015,26.63
4/20/2015,26.7
4/17/2015,26.13
4/16/2015,26.62
4/15/2015,26.55
4/14/2015,26.45
4/13/2015,26.88
4/10/2015,26.93
4/9/2015,26.96
4/8/2015,27.01
4/7/2015,26.78
4/6/2015,26.76
4/2/2015,26.7
4/1/2015,27.05
3/31/2015,27.32
3/30/2015,27.53
3/27/2015,27.34
3/26/2015,27.68
3/25/2015,27.86
3/24/2015,28.43
3/23/2015,27.86
3/20/2015,27.94
3/19/2015,27.82
3/18/2015,27.9
3/17/2015,27.47
3/16/2015,27.65
3/13/2015,27.29
3/12/2015,27.7
3/11/2015,27.48
3/10/2015,27.67
3/9/2015,28.36
3/6/2015,28.31
3/5/2015,28.69
3/4/2015,28.59
3/3/2015,28.6
3/2/2015,28.49
2/27/2015,27.84
2/26/2015,27.7
2/25/2015,27.12
2/24/2015,26.73
2/23/2015,26.52
2/20/2015,26.87
2/19/2015,27.07
2/18/2015,26.91
2/17/2015,27.07
2/13/2015,27.38
2/12/2015,27.07
2/11/2015,26.73
2/10/2015,26.77
2/9/2015,26.32
2/6/2015,26.48
2/5/2015,26.31
2/4/2015,26.07
2/3/2015,26.39
2/2/2015,26.35
1/30/2015,26.65
1/29/2015,25.46
1/28/2015,25.43
1/27/2015,25.86
1/26/2015,26.69
1/23/2015,26.92
1/22/2015,26.65
1/21/2015,25.83
1/20/2015,25.28
1/16/2015,25.33
1/15/2015,25.02
1/14/2015,24.97
1/13/2015,24.74
1/12/2015,24.56
1/9/2015,24.74
1/8/2015,25.07
1/7/2015,24.99
1/6/2015,25.03
1/5/2015,25.62
1/2/2015,26.17
12/31/2014,26.25
12/30/2014,26.45
12/29/2014,26.44
12/26/2014,26.63
12/24/2014,26.37
12/23/2014,26.46
12/22/2014,26.17
12/19/2014,25.75
12/18/2014,25.49
12/17/2014,25.18
12/16/2014,24.7
12/15/2014,25.62
12/12/2014,25.86
12/11/2014,26.34
12/10/2014,26.23
12/9/2014,26.6
12/8/2014,26.28
12/5/2014,26.19
12/4/2014,26.79
12/3/2014,26.49
12/2/2014,26.61
12/1/2014,26.62
11/28/2014,27.02
11/26/2014,26.94
11/25/2014,26.98
11/24/2014,26.89
11/21/2014,26.8
11/20/2014,26.67
11/19/2014,26.78
11/18/2014,26.68
11/17/2014,26.75
11/14/2014,27.15
11/13/2014,27.19
11/12/2014,27.29
11/11/2014,27.44
11/10/2014,27.3
11/7/2014,26.98
11/6/2014,27.03
11/5/2014,27.22
11/4/2014,27.63
11/3/2014,27.68
10/31/2014,27.88
10/30/2014,27.44
10/29/2014,27.39
10/28/2014,27.37
10/27/2014,26.96
10/24/2014,26.92
10/23/2014,27.12
10/22/2014,26.56
10/21/2014,26.25
10/20/2014,25.97
10/17/2014,25.49
10/16/2014,26.15
10/15/2014,26.43
10/14/2014,26.82
10/13/2014,26.59
10/10/2014,27.15
10/9/2014,27.97
10/8/2014,28.55
10/7/2014,28.11
10/6/2014,28.79
10/3/2014,28.69
10/2/2014,28.43
10/1/2014,28.34
9/30/2014,28.79
9/29/2014,28.74
9/26/2014,28.78
9/25/2014,28.67
9/24/2014,29.32
9/23/2014,28.98
9/22/2014,29.29
9/19/2014,29.72
9/18/2014,29.38
9/17/2014,29.16
9/16/2014,28.92
9/15/2014,28.58
9/12/2014,28.7
9/11/2014,28.99
9/10/2014,29.08
9/9/2014,28.97
9/8/2014,29.41
9/5/2014,29.22
9/4/2014,29.02
9/3/2014,28.82
9/2/2014,28.79
8/29/2014,28.5
8/28/2014,28.38
8/27/2014,28.47
8/26/2014,28.81
8/25/2014,28.93
8/22/2014,29.05
8/21/2014,29.09
8/20/2014,29.14
8/19/2014,29.26
8/18/2014,29.03
8/15/2014,28.6
8/14/2014,28.65
8/13/2014,28.66
8/12/2014,28.06
8/11/2014,28.32
8/8/2014,28.36
8/7/2014,28.09
8/6/2014,28.24
8/5/2014,28.18
8/4/2014,28.58
8/1/2014,28.23
7/31/2014,28.5
7/30/2014,29.29
7/29/2014,29.2
7/28/2014,29.45
7/25/2014,29.37
7/24/2014,29.59
7/23/2014,29.72
7/22/2014,29.66
7/21/2014,29.39
7/18/2014,29.67
7/17/2014,28.61
7/16/2014,29.05
7/15/2014,29.16
7/14/2014,29.16
7/11/2014,28.88
7/10/2014,28.48
7/9/2014,28.73
7/8/2014,28.48
7/7/2014,29.03
7/3/2014,29.16
7/2/2014,29.04
7/1/2014,29.05
6/30/2014,28.69
6/27/2014,28.78
6/26/2014,28.72
6/25/2014,28.85
6/24/2014,28.15
6/23/2014,28.17
6/20/2014,27.74
6/19/2014,27.67
6/18/2014,27.59
6/17/2014,27.08
6/16/2014,27.14
6/13/2014,27.51
6/12/2014,27.49
6/11/2014,27.87
6/10/2014,27.95
6/9/2014,28.03
6/6/2014,27.74
6/5/2014,27.62
6/4/2014,27.16
6/3/2014,27.17
6/2/2014,27.62
5/30/2014,27.92
5/29/2014,27.93
5/28/2014,28.01
5/27/2014,28.22
5/23/2014,27.56
5/22/2014,27.18
5/21/2014,26.87
5/20/2014,26.42
5/19/2014,26.37
5/16/2014,25.96
5/15/2014,25.93
5/14/2014,26.26
5/13/2014,26.58
5/12/2014,26.42
5/9/2014,25.87
5/8/2014,25.48
5/7/2014,25.43
5/6/2014,25.69
5/5/2014,26.32
5/2/2014,26.32
5/1/2014,26.49
4/30/2014,26.26
4/29/2014,26.31
4/28/2014,25.79
4/25/2014,25.74
4/24/2014,26.19
4/23/2014,26.27
4/22/2014,26.67
4/21/2014,26.36
4/17/2014,26.73
4/16/2014,27.75
4/15/2014,26.75
4/14/2014,26.55
4/11/2014,26.46
4/10/2014,26.97
4/9/2014,28.13
4/8/2014,27.67
4/7/2014,26.83
4/4/2014,27.08
4/3/2014,28.41
4/2/2014,28.27
4/1/2014,28.28
3/31/2014,27.77
3/28/2014,27.92
