Date,META
5/20/2025,637.1
5/19/2025,640.43
5/16/2025,640.34
5/15/2025,643.88
5/14/2025,659.36
5/13/2025,656.03
5/12/2025,639.43
5/9/2025,592.49
5/8/2025,598.01
5/7/2025,596.81
5/6/2025,587.31
5/5/2025,599.27
5/2/2025,597.02
5/1/2025,572.21
4/30/2025,549
4/29/2025,554.44
4/28/2025,549.74
4/25/2025,547.27
4/24/2025,533.15
4/23/2025,520.27
4/22/2025,500.28
4/21/2025,484.66
4/17/2025,501.48
4/16/2025,502.31
4/15/2025,521.52
4/14/2025,531.48
4/11/2025,543.57
4/10/2025,546.29
4/9/2025,585.77
4/8/2025,510.45
4/7/2025,516.25
4/4/2025,504.73
4/3/2025,531.62
4/2/2025,583.93
4/1/2025,586
3/31/2025,576.36
3/28/2025,576.74
3/27/2025,602.58
3/26/2025,610.98
3/25/2025,626.31
3/24/2025,618.85
3/21/2025,596.25
3/20/2025,586
3/19/2025,584.06
3/18/2025,582.36
3/17/2025,604.9
3/14/2025,607.6
3/13/2025,590.64
3/12/2025,619.56
3/11/2025,605.71
3/10/2025,597.99
3/7/2025,625.66
3/6/2025,627.93
3/5/2025,656.47
3/4/2025,640
3/3/2025,655.05
2/28/2025,668.2
2/27/2025,658.24
2/26/2025,673.7
2/25/2025,657.5
2/24/2025,668.13
2/21/2025,683.55
2/20/2025,694.84
2/19/2025,703.77
2/18/2025,716.37
2/14/2025,736.67
2/13/2025,728.56
2/12/2025,725.38
2/11/2025,719.8
2/10/2025,717.4
2/7/2025,714.52
2/6/2025,711.99
2/5/2025,704.87
2/4/2025,704.19
2/3/2025,697.46
1/31/2025,689.18
1/30/2025,687
1/29/2025,676.49
1/28/2025,674.33
1/27/2025,659.88
1/24/2025,647.49
1/23/2025,636.45
1/22/2025,623.5
1/21/2025,616.46
1/17/2025,612.77
1/16/2025,611.3
1/15/2025,617.12
1/14/2025,594.25
1/13/2025,608.33
1/10/2025,615.86
1/8/2025,610.72
1/7/2025,617.89
1/6/2025,630.2
1/3/2025,604.63
1/2/2025,599.24
12/31/2024,585.51
12/30/2024,591.24
12/27/2024,599.81
12/26/2024,603.35
12/24/2024,607.75
12/23/2024,599.85
12/20/2024,585.25
12/19/2024,595.57
12/18/2024,597.19
12/17/2024,619.44
12/16/2024,624.24
12/13/2024,620.35
12/12/2024,630.79
12/11/2024,632.68
12/10/2024,619.32
12/9/2024,613.57
12/6/2024,623.77
12/5/2024,608.93
12/4/2024,613.78
12/3/2024,613.65
12/2/2024,592.83
11/29/2024,574.32
11/27/2024,569.2
11/26/2024,573.54
11/25/2024,565.11
11/22/2024,559.14
11/21/2024,563.09
11/20/2024,565.52
11/19/2024,561.09
11/18/2024,554.4
11/15/2024,554.08
11/14/2024,577.16
11/13/2024,580
11/12/2024,584.82
11/11/2024,583.17
11/8/2024,589.34
11/7/2024,591.7
11/6/2024,572.05
11/5/2024,572.43
11/4/2024,560.68
11/1/2024,567.16
10/31/2024,567.58
10/30/2024,591.8
10/29/2024,593.28
10/28/2024,578.16
10/25/2024,573.25
10/24/2024,567.78
10/23/2024,563.69
10/22/2024,582.01
10/21/2024,575.16
10/18/2024,576.47
10/17/2024,576.93
10/16/2024,576.79
10/15/2024,586.27
10/14/2024,590.42
10/11/2024,589.95
10/10/2024,583.83
10/9/2024,590.51
10/8/2024,592.89
10/7/2024,584.78
10/4/2024,595.94
10/3/2024,582.77
10/2/2024,572.81
10/1/2024,576.47
9/30/2024,572.44
9/27/2024,567.36
9/26/2024,567.84
9/25/2024,568.31
9/24/2024,563.33
9/23/2024,564.41
9/20/2024,561.35
9/19/2024,559.1
9/18/2024,537.95
9/17/2024,536.32
9/16/2024,533.28
9/13/2024,524.62
9/12/2024,525.6
9/11/2024,511.83
9/10/2024,504.79
9/9/2024,504.79
9/6/2024,500.27
9/5/2024,516.86
9/4/2024,512.74
9/3/2024,511.76
8/30/2024,521.31
8/29/2024,518.22
8/28/2024,516.78
8/27/2024,519.1
8/26/2024,521.12
8/23/2024,528
8/22/2024,531.93
8/21/2024,535.16
8/20/2024,526.73
8/19/2024,529.28
8/16/2024,527.42
8/15/2024,537.33
8/14/2024,526.76
8/13/2024,528.54
8/12/2024,515.95
8/9/2024,517.77
8/8/2024,509.63
8/7/2024,488.92
8/6/2024,494.09
8/5/2024,475.73
8/2/2024,488.14
8/1/2024,497.74
7/31/2024,474.83
7/30/2024,463.19
7/29/2024,465.71
7/26/2024,465.7
7/25/2024,453.41
7/24/2024,461.27
7/23/2024,488.69
7/22/2024,487.4
7/19/2024,476.79
7/18/2024,475.85
7/17/2024,461.99
7/16/2024,489.79
7/15/2024,496.16
7/12/2024,498.87
7/11/2024,512.7
7/10/2024,534.69
7/9/2024,530
7/8/2024,529.32
7/5/2024,539.91
7/3/2024,509.96
7/2/2024,509.5
7/1/2024,504.68
6/28/2024,504.22
6/27/2024,519.56
6/26/2024,513.12
6/25/2024,510.6
6/24/2024,498.91
6/21/2024,494.78
6/20/2024,501.7
6/18/2024,499.49
6/17/2024,506.63
6/14/2024,504.16
6/13/2024,504.1
6/12/2024,508.84
6/11/2024,507.47
6/10/2024,502.6
6/7/2024,492.96
6/6/2024,493.76
6/5/2024,495.06
6/4/2024,476.99
6/3/2024,477.49
5/31/2024,466.83
5/30/2024,467.05
5/29/2024,474.36
5/28/2024,479.92
5/24/2024,478.22
5/23/2024,465.78
5/22/2024,467.78
5/21/2024,464.63
5/20/2024,468.84
5/17/2024,471.91
5/16/2024,473.23
5/15/2024,481.54
5/14/2024,471.85
5/13/2024,468.01
5/10/2024,476.2
5/9/2024,475.42
5/8/2024,472.6
5/7/2024,468.24
5/6/2024,465.68
5/3/2024,451.96
5/2/2024,441.68
5/1/2024,439.19
4/30/2024,430.17
4/29/2024,432.62
4/26/2024,443.29
4/25/2024,441.38
4/24/2024,493.5
4/23/2024,496.1
4/22/2024,481.73
4/19/2024,481.07
4/18/2024,501.8
4/17/2024,494.17
4/16/2024,499.76
4/15/2024,500.23
4/12/2024,511.9
4/11/2024,523.16
4/10/2024,519.83
4/9/2024,516.9
4/8/2024,519.25
4/5/2024,527.34
4/4/2024,510.92
4/3/2024,506.74
4/2/2024,497.37
4/1/2024,491.35
3/28/2024,485.58
3/27/2024,493.86
3/26/2024,495.89
3/25/2024,503.02
3/22/2024,509.58
3/21/2024,507.76
3/20/2024,505.52
3/19/2024,496.24
3/18/2024,496.98
3/15/2024,484.1
3/14/2024,491.83
3/13/2024,495.57
3/12/2024,499.75
3/11/2024,483.59
3/8/2024,505.95
3/7/2024,512.19
3/6/2024,496.09
3/5/2024,490.22
3/4/2024,498.19
3/1/2024,502.3
2/29/2024,490.13
2/28/2024,484.02
2/27/2024,487.05
2/26/2024,481.74
2/23/2024,484.03
2/22/2024,486.13
2/21/2024,468.03
2/20/2024,471.75
2/16/2024,473.32
2/15/2024,484.03
2/14/2024,473.28
2/13/2024,460.12
2/12/2024,468.9
2/9/2024,468.11
2/8/2024,470
2/7/2024,469.59
2/6/2024,454.72
2/5/2024,459.41
2/2/2024,474.99
2/1/2024,394.78
1/31/2024,390.14
1/30/2024,400.06
1/29/2024,401.02
1/26/2024,394.14
1/25/2024,393.18
1/24/2024,390.7
1/23/2024,385.2
1/22/2024,381.78
1/19/2024,383.45
1/18/2024,376.13
1/17/2024,368.37
1/16/2024,367.46
1/12/2024,374.49
1/11/2024,369.67
1/10/2024,370.47
1/9/2024,357.43
1/8/2024,358.66
1/5/2024,351.95
1/4/2024,347.12
1/3/2024,344.47
1/2/2024,346.29
12/29/2023,353.96
12/28/2023,358.32
12/27/2023,357.83
12/26/2023,354.83
12/22/2023,353.39
12/21/2023,354.09
12/20/2023,349.28
12/19/2023,350.36
12/18/2023,344.62
12/15/2023,334.92
12/14/2023,333.17
12/13/2023,334.74
12/12/2023,334.22
12/11/2023,325.28
12/8/2023,332.75
12/7/2023,326.59
12/6/2023,317.45
12/5/2023,318.29
12/4/2023,320.02
12/1/2023,324.82
11/30/2023,327.15
11/29/2023,332.2
11/28/2023,338.99
11/27/2023,334.7
11/24/2023,338.23
11/22/2023,341.49
11/21/2023,336.98
11/20/2023,339.97
11/17/2023,335.04
11/16/2023,334.19
11/15/2023,332.71
11/14/2023,336.31
11/13/2023,329.19
11/10/2023,328.77
11/9/2023,320.55
11/8/2023,319.78
11/7/2023,318.82
11/6/2023,315.8
11/3/2023,314.6
11/2/2023,310.87
11/1/2023,311.85
10/31/2023,301.27
10/30/2023,302.66
10/27/2023,296.73
10/26/2023,288.35
10/25/2023,299.53
10/24/2023,312.55
10/23/2023,314.01
10/20/2023,308.65
10/19/2023,312.81
10/18/2023,316.97
10/17/2023,324
10/16/2023,321.15
10/13/2023,314.69
10/12/2023,324.16
10/11/2023,327.82
10/10/2023,321.84
10/9/2023,318.36
10/6/2023,315.43
10/5/2023,304.79
10/4/2023,305.58
10/3/2023,300.94
10/2/2023,306.82
9/29/2023,300.21
9/28/2023,303.96
9/27/2023,297.74
9/26/2023,298.96
9/25/2023,300.83
9/22/2023,299.08
9/21/2023,295.73
9/20/2023,299.67
9/19/2023,305.07
9/18/2023,302.55
9/15/2023,300.31
9/14/2023,311.72
9/13/2023,305.06
9/12/2023,301.66
9/11/2023,307.56
9/8/2023,297.89
9/7/2023,298.67
9/6/2023,299.17
9/5/2023,300.15
9/1/2023,296.38
8/31/2023,295.89
8/30/2023,295.1
8/29/2023,297.99
8/28/2023,290.26
8/25/2023,285.5
8/24/2023,286.75
8/23/2023,294.24
8/22/2023,287.6
8/21/2023,289.9
8/18/2023,283.25
8/17/2023,285.09
8/16/2023,294.29
8/15/2023,301.95
8/14/2023,306.19
8/11/2023,301.64
8/10/2023,305.74
8/9/2023,305.21
8/8/2023,312.64
8/7/2023,316.56
8/4/2023,310.73
8/3/2023,313.19
8/2/2023,314.31
8/1/2023,322.71
7/31/2023,318.6
7/28/2023,325.48
7/27/2023,311.71
7/26/2023,298.57
7/25/2023,294.47
7/24/2023,291.61
7/21/2023,294.26
7/20/2023,302.52
7/19/2023,316.01
7/18/2023,312.05
7/17/2023,310.62
7/14/2023,308.87
7/13/2023,313.41
7/12/2023,309.34
7/11/2023,298.29
7/10/2023,294.1
7/7/2023,290.53
7/6/2023,291.99
7/5/2023,294.37
7/3/2023,286.02
6/30/2023,286.98
6/29/2023,281.53
6/28/2023,285.29
6/27/2023,287.05
6/26/2023,278.47
6/23/2023,288.73
6/22/2023,284.88
6/21/2023,281.64
6/20/2023,284.33
6/16/2023,281
6/15/2023,281.83
6/14/2023,273.35
6/13/2023,271.32
6/12/2023,271.05
6/9/2023,264.95
6/8/2023,264.58
6/7/2023,263.6
6/6/2023,271.12
6/5/2023,271.39
6/2/2023,272.61
6/1/2023,272.61
5/31/2023,264.72
5/30/2023,262.52
5/26/2023,262.04
5/25/2023,252.69
5/24/2023,249.21
5/23/2023,246.74
5/22/2023,248.32
5/19/2023,245.64
5/18/2023,246.85
5/17/2023,242.49
5/16/2023,238.82
5/15/2023,238.86
5/12/2023,233.81
5/11/2023,235.79
5/10/2023,233.08
5/9/2023,233.37
5/8/2023,233.27
5/5/2023,232.78
5/4/2023,233.52
5/3/2023,237.03
5/2/2023,239.24
5/1/2023,243.18
4/28/2023,240.32
4/27/2023,238.56
4/26/2023,209.4
4/25/2023,207.55
4/24/2023,212.79
4/21/2023,212.89
4/20/2023,213.07
4/19/2023,215.7
4/18/2023,217.89
4/17/2023,218.86
4/14/2023,221.49
4/13/2023,220.35
4/12/2023,214
4/11/2023,213.85
4/10/2023,214.75
4/6/2023,216.1
4/5/2023,211.48
4/4/2023,214.72
4/3/2023,213.07
3/31/2023,211.94
3/30/2023,207.84
3/29/2023,205.35
3/28/2023,200.68
3/27/2023,202.84
3/24/2023,206.01
3/23/2023,204.28
3/22/2023,199.81
3/21/2023,202.16
3/20/2023,197.81
3/17/2023,195.61
3/16/2023,204.93
3/15/2023,197.75
3/14/2023,194.02
3/13/2023,180.9
3/10/2023,179.51
3/9/2023,181.69
3/8/2023,184.97
3/7/2023,184.51
3/6/2023,184.9
3/3/2023,185.25
3/2/2023,174.53
3/1/2023,173.42
2/28/2023,174.94
2/27/2023,169.54
2/24/2023,170.39
2/23/2023,172.04
2/22/2023,171.12
2/21/2023,172.08
2/17/2023,172.88
2/16/2023,172.44
2/15/2023,177.16
2/14/2023,179.48
2/13/2023,179.43
2/10/2023,174.15
2/9/2023,177.92
2/8/2023,183.43
2/7/2023,191.62
2/6/2023,186.06
2/3/2023,186.53
2/2/2023,188.77
2/1/2023,153.12
1/31/2023,148.97
1/30/2023,147.06
1/27/2023,151.74
1/26/2023,147.3
1/25/2023,141.5
1/24/2023,143.14
1/23/2023,143.27
1/20/2023,139.37
1/19/2023,136.15
1/18/2023,133.02
1/17/2023,135.36
1/13/2023,136.98
1/12/2023,136.71
1/11/2023,132.89
1/10/2023,132.99
1/9/2023,129.47
1/6/2023,130.02
1/5/2023,126.94
1/4/2023,127.37
1/3/2023,124.74
12/30/2022,120.34
12/29/2022,120.26
12/28/2022,115.62
12/27/2022,116.88
12/23/2022,118.04
12/22/2022,117.12
12/21/2022,119.76
12/20/2022,117.09
12/19/2022,114.48
12/16/2022,119.43
12/15/2022,116.15
12/14/2022,121.59
12/13/2022,120.15
12/12/2022,114.71
12/9/2022,115.9
12/8/2022,115.33
12/7/2022,113.93
12/6/2022,114.12
12/5/2022,122.43
12/2/2022,123.49
12/1/2022,120.44
11/30/2022,118.1
11/29/2022,109.46
11/28/2022,108.78
11/25/2022,111.41
11/23/2022,112.24
11/22/2022,111.44
11/21/2022,109.86
11/18/2022,112.05
11/17/2022,111.45
11/16/2022,113.23
11/15/2022,117.08
11/14/2022,114.22
11/11/2022,113.02
11/10/2022,111.87
11/9/2022,101.47
11/8/2022,96.47
11/7/2022,96.72
11/4/2022,90.79
11/3/2022,88.91
11/2/2022,90.54
11/1/2022,95.2
10/31/2022,93.16
10/28/2022,99.2
10/27/2022,97.94
10/26/2022,129.82
10/25/2022,137.51
10/24/2022,129.72
10/21/2022,130.01
10/20/2022,131.53
10/19/2022,133.23
10/18/2022,132.8
10/17/2022,134.04
10/14/2022,126.76
10/13/2022,130.29
10/12/2022,127.5
10/11/2022,128.54
10/10/2022,133.79
10/7/2022,133.45
10/6/2022,139.07
10/5/2022,138.98
10/4/2022,140.28
10/3/2022,138.61
9/30/2022,135.68
9/29/2022,136.41
9/28/2022,141.61
9/27/2022,134.4
9/26/2022,136.37
9/23/2022,140.41
9/22/2022,142.82
9/21/2022,142.12
9/20/2022,146.09
9/19/2022,148.02
9/16/2022,146.29
9/15/2022,149.55
9/14/2022,151.47
9/13/2022,153.13
9/12/2022,168.96
9/9/2022,169.15
9/8/2022,162.06
9/7/2022,160.39
9/6/2022,158.54
9/2/2022,160.32
9/1/2022,165.36
8/31/2022,162.93
8/30/2022,157.16
8/29/2022,159.17
8/26/2022,161.78
8/25/2022,168.78
8/24/2022,163.26
8/23/2022,161.11
8/22/2022,163.05
8/19/2022,167.96
8/18/2022,174.66
8/17/2022,174.85
8/16/2022,179.47
8/15/2022,180.89
8/12/2022,180.5
8/11/2022,177.49
8/10/2022,178.34
8/9/2022,168.53
8/8/2022,170.25
8/5/2022,167.11
8/4/2022,170.57
8/3/2022,168.8
8/2/2022,160.19
8/1/2022,159.93
7/29/2022,159.1
7/28/2022,160.72
7/27/2022,169.58
7/26/2022,159.15
7/25/2022,166.65
7/22/2022,169.27
7/21/2022,183.17
7/20/2022,183.09
7/19/2022,175.78
7/18/2022,167.23
7/15/2022,164.7
7/14/2022,158.05
7/13/2022,163.49
7/12/2022,163.27
7/11/2022,162.88
7/8/2022,170.88
7/7/2022,172.19
7/6/2022,169.77
7/5/2022,168.19
7/1/2022,160.03
6/30/2022,161.25
6/29/2022,163.94
6/28/2022,160.68
6/27/2022,169.49
6/24/2022,170.16
6/23/2022,158.75
6/22/2022,155.85
6/21/2022,157.05
6/17/2022,163.74
6/16/2022,160.87
6/15/2022,169.35
6/14/2022,163.73
6/13/2022,164.26
6/10/2022,175.57
6/9/2022,184
6/8/2022,196.64
6/7/2022,195.65
6/6/2022,194.25
6/3/2022,190.78
6/2/2022,198.86
6/1/2022,188.64
5/31/2022,193.64
5/27/2022,195.13
5/26/2022,191.63
5/25/2022,183.83
5/24/2022,181.28
5/23/2022,196.23
5/20/2022,193.54
5/19/2022,191.29
5/18/2022,192.24
5/17/2022,202.62
5/16/2022,200.04
5/13/2022,198.62
5/12/2022,191.24
5/11/2022,188.74
5/10/2022,197.65
5/9/2022,196.21
5/6/2022,203.77
5/5/2022,208.28
5/4/2022,223.41
5/3/2022,212.03
5/2/2022,211.13
4/29/2022,200.47
4/28/2022,205.73
4/27/2022,174.95
4/26/2022,180.95
4/25/2022,186.99
4/22/2022,184.11
4/21/2022,188.07
4/20/2022,200.42
4/19/2022,217.31
4/18/2022,210.77
4/14/2022,210.18
4/13/2022,214.99
4/12/2022,214.14
4/11/2022,216.46
4/8/2022,222.33
4/7/2022,222.95
4/6/2022,223.3
4/5/2022,231.84
4/4/2022,233.89
4/1/2022,224.85
3/31/2022,222.36
3/30/2022,227.85
3/29/2022,229.86
3/28/2022,223.59
3/25/2022,221.82
3/24/2022,219.57
3/23/2022,213.46
3/22/2022,216.65
3/21/2022,211.49
3/18/2022,216.49
3/17/2022,207.84
3/16/2022,203.63
3/15/2022,192.03
3/14/2022,186.63
3/11/2022,187.61
3/10/2022,195.21
3/9/2022,198.5
3/8/2022,190.29
3/7/2022,187.47
3/4/2022,200.06
3/3/2022,202.97
3/2/2022,208.11
3/1/2022,203.49
2/28/2022,211.03
2/25/2022,210.48
2/24/2022,207.6
2/23/2022,198.45
2/22/2022,202.08
2/18/2022,206.16
2/17/2022,207.71
2/16/2022,216.54
2/15/2022,221
2/14/2022,217.7
2/11/2022,219.55
2/10/2022,228.07
2/9/2022,232
2/8/2022,220.18
2/7/2022,224.91
2/4/2022,237.09
2/3/2022,237.76
2/2/2022,323
2/1/2022,319
1/31/2022,313.26
1/28/2022,301.71
1/27/2022,294.64
1/26/2022,294.63
1/25/2022,300.15
1/24/2022,308.71
1/21/2022,303.17
1/20/2022,316.56
1/19/2022,319.59
1/18/2022,318.15
1/14/2022,331.9
1/13/2022,326.48
1/12/2022,333.26
1/11/2022,334.37
1/10/2022,328.07
1/7/2022,331.79
1/6/2022,332.46
1/5/2022,324.17
1/4/2022,336.53
1/3/2022,338.54
12/31/2021,336.35
12/30/2021,344.36
12/29/2021,342.94
12/28/2021,346.22
12/27/2021,346.18
12/23/2021,335.24
12/22/2021,330.45
12/21/2021,334.2
12/20/2021,325.45
12/17/2021,333.79
12/16/2021,334.9
12/15/2021,341.66
12/14/2021,333.74
12/13/2021,334.49
12/10/2021,329.75
12/9/2021,329.82
12/8/2021,330.56
12/7/2021,322.81
12/6/2021,317.87
12/3/2021,306.84
12/2/2021,310.39
12/1/2021,310.6
11/30/2021,324.46
11/29/2021,338.03
11/26/2021,333.12
11/24/2021,341.06
11/23/2021,337.25
11/22/2021,341.01
11/19/2021,345.3
11/18/2021,338.69
11/17/2021,340.77
11/16/2021,342.96
11/15/2021,347.56
11/12/2021,340.89
11/11/2021,327.74
11/10/2021,327.64
11/9/2021,335.37
11/8/2021,338.62
11/5/2021,341.13
11/4/2021,335.85
11/3/2021,331.62
11/2/2021,328.08
11/1/2021,329.98
10/29/2021,323.57
10/28/2021,316.92
10/27/2021,312.22
10/26/2021,315.81
10/25/2021,328.69
10/22/2021,324.61
10/21/2021,341.88
10/20/2021,340.78
10/19/2021,339.99
10/18/2021,335.34
10/15/2021,324.76
10/14/2021,328.53
10/13/2021,324.54
10/12/2021,323.77
10/11/2021,325.45
10/8/2021,330.05
10/7/2021,329.22
10/6/2021,333.64
10/5/2021,332.96
10/4/2021,326.23
10/1/2021,343.01
9/30/2021,339.39
9/29/2021,339.61
9/28/2021,340.65
9/27/2021,353.58
9/24/2021,352.96
9/23/2021,345.96
9/22/2021,343.21
9/21/2021,357.48
9/20/2021,355.7
9/17/2021,364.72
9/16/2021,373.06
9/15/2021,373.92
9/14/2021,376.53
9/13/2021,376.51
9/10/2021,378.69
9/9/2021,378
9/8/2021,377.57
9/7/2021,382.18
9/3/2021,376.26
9/2/2021,375.28
9/1/2021,382.05
8/31/2021,379.38
8/30/2021,380.66
8/27/2021,372.63
8/26/2021,364.38
8/25/2021,368.39
8/24/2021,365.51
8/23/2021,363.35
8/20/2021,359.37
8/19/2021,355.12
8/18/2021,355.45
8/17/2021,358.45
8/16/2021,366.56
8/13/2021,363.18
8/12/2021,362.65
8/11/2021,359.96
8/10/2021,361.13
8/9/2021,361.61
8/6/2021,363.51
8/5/2021,362.97
8/4/2021,358.92
8/3/2021,351.24
8/2/2021,351.95
7/30/2021,356.3
7/29/2021,358.32
7/28/2021,373.28
7/27/2021,367.81
7/26/2021,372.46
7/23/2021,369.79
7/22/2021,351.19
7/21/2021,346.23
7/20/2021,341.66
7/19/2021,336.95
7/16/2021,341.16
7/15/2021,344.46
7/14/2021,347.63
7/13/2021,352.09
7/12/2021,353.16
7/9/2021,350.42
7/8/2021,345.65
7/7/2021,350.49
7/6/2021,352.78
7/2/2021,354.7
7/1/2021,354.39
6/30/2021,347.71
6/29/2021,351.89
6/28/2021,355.64
6/25/2021,341.37
6/24/2021,343.18
6/23/2021,340.59
6/22/2021,339.03
6/21/2021,332.29
6/18/2021,329.66
6/17/2021,336.51
6/16/2021,331.08
6/15/2021,336.75
6/14/2021,336.77
6/11/2021,331.26
6/10/2021,332.46
6/9/2021,330.25
6/8/2021,333.68
6/7/2021,336.58
6/4/2021,330.35
6/3/2021,326.04
6/2/2021,329.15
6/1/2021,329.13
5/28/2021,328.73
5/27/2021,332.75
5/26/2021,327.66
5/25/2021,327.79
5/24/2021,324.63
5/21/2021,316.23
5/20/2021,318.61
5/19/2021,313.59
5/18/2021,309.96
5/17/2021,315.46
5/14/2021,315.94
5/13/2021,305.26
5/12/2021,302.55
5/11/2021,306.53
5/10/2021,305.97
5/7/2021,319.08
5/6/2021,320.02
5/5/2021,315.02
5/4/2021,318.36
5/3/2021,322.58
4/30/2021,325.08
4/29/2021,329.51
4/28/2021,307.1
4/27/2021,303.57
4/26/2021,303.04
4/23/2021,301.13
4/22/2021,296.52
4/21/2021,301.47
4/20/2021,302.65
4/19/2021,302.24
4/16/2021,306.18
4/15/2021,307.82
4/14/2021,302.82
4/13/2021,309.76
4/12/2021,311.54
4/9/2021,312.46
4/8/2021,313.02
4/7/2021,313.09
4/6/2021,306.26
4/5/2021,308.91
4/1/2021,298.66
3/31/2021,294.53
3/30/2021,288
3/29/2021,290.82
3/26/2021,283.02
3/25/2021,278.74
3/24/2021,282.14
3/23/2021,290.63
3/22/2021,293.54
3/19/2021,290.11
3/18/2021,278.62
3/17/2021,284.01
3/16/2021,279.28
3/15/2021,273.75
3/12/2021,268.4
3/11/2021,273.88
3/10/2021,264.9
3/9/2021,265.74
3/8/2021,255.31
3/5/2021,264.28
3/4/2021,257.64
3/3/2021,255.41
3/2/2021,259
3/1/2021,264.91
2/26/2021,257.62
2/25/2021,254.69
2/24/2021,264.31
2/23/2021,265.86
2/22/2021,260.33
2/19/2021,261.56
2/18/2021,269.39
2/17/2021,273.57
2/16/2021,273.97
2/12/2021,270.5
2/11/2021,270.39
2/10/2021,271.87
2/9/2021,269.45
2/8/2021,266.58
2/5/2021,268.1
2/4/2021,266.49
2/3/2021,266.65
2/2/2021,267.08
2/1/2021,262.01
1/29/2021,258.33
1/28/2021,265
1/27/2021,272.14
1/26/2021,282.05
1/25/2021,278.01
1/22/2021,274.5
1/21/2021,272.87
1/20/2021,267.48
1/19/2021,261.1
1/15/2021,251.36
1/14/2021,245.64
1/13/2021,251.64
1/12/2021,251.09
1/11/2021,256.84
1/8/2021,267.57
1/7/2021,268.74
1/6/2021,263.31
1/5/2021,270.97
1/4/2021,268.94
12/31/2020,273.16
12/30/2020,271.87
12/29/2020,276.78
12/28/2020,277
12/24/2020,267.4
12/23/2020,268.11
12/22/2020,267.09
12/21/2020,272.79
12/18/2020,276.4
12/17/2020,274.48
12/16/2020,275.67
12/15/2020,275.55
12/14/2020,274.19
12/11/2020,273.55
12/10/2020,277.12
12/9/2020,277.92
12/8/2020,283.4
12/7/2020,285.58
12/4/2020,279.7
12/3/2020,281.85
12/2/2020,287.52
12/1/2020,286.55
11/30/2020,276.97
11/27/2020,277.81
11/25/2020,275.59
11/24/2020,276.92
11/23/2020,268.43
11/20/2020,269.7
11/19/2020,272.94
11/18/2020,271.97
11/17/2020,275
11/16/2020,278.96
11/13/2020,276.95
11/12/2020,275.08
11/11/2020,276.48
11/10/2020,272.43
11/9/2020,278.77
11/6/2020,293.41
11/5/2020,294.68
11/4/2020,287.38
11/3/2020,265.3
11/2/2020,261.36
10/30/2020,263.11
10/29/2020,280.83
10/28/2020,267.67
10/27/2020,283.29
10/26/2020,277.11
10/23/2020,284.79
10/22/2020,278.12
10/21/2020,278.73
10/20/2020,267.56
10/19/2020,261.4
10/16/2020,265.93
10/15/2020,266.72
10/14/2020,271.82
10/13/2020,276.14
10/12/2020,275.75
10/9/2020,264.45
10/8/2020,263.76
10/7/2020,258.12
10/6/2020,258.66
10/5/2020,264.65
10/2/2020,259.94
10/1/2020,266.63
9/30/2020,261.9
9/29/2020,261.79
9/28/2020,256.82
9/25/2020,254.82
9/24/2020,249.53
9/23/2020,249.02
9/22/2020,254.75
9/21/2020,248.15
9/18/2020,252.53
9/17/2020,254.82
9/16/2020,263.52
9/15/2020,272.42
9/14/2020,266.15
9/11/2020,266.61
9/10/2020,268.09
9/9/2020,273.72
9/8/2020,271.16
9/4/2020,282.73
9/3/2020,291.12
9/2/2020,302.5
9/1/2020,295.44
8/31/2020,293.2
8/28/2020,293.66
8/27/2020,293.22
8/26/2020,303.91
8/25/2020,280.82
8/24/2020,271.39
8/21/2020,267.01
8/20/2020,269.01
8/19/2020,262.59
8/18/2020,262.34
8/17/2020,261.16
8/14/2020,261.24
8/13/2020,261.3
8/12/2020,259.89
8/11/2020,256.13
8/10/2020,263
8/7/2020,268.44
8/6/2020,265.28
8/5/2020,249.12
8/4/2020,249.83
8/3/2020,251.96
7/31/2020,253.67
7/30/2020,234.5
7/29/2020,233.29
7/28/2020,230.12
7/27/2020,233.5
7/24/2020,230.71
7/23/2020,232.6
7/22/2020,239.87
7/21/2020,241.75
7/20/2020,245.42
7/17/2020,242.03
7/16/2020,240.93
7/15/2020,240.28
7/14/2020,239.73
7/13/2020,239
7/10/2020,245.07
7/9/2020,244.5
7/8/2020,243.58
7/7/2020,240.86
7/6/2020,240.28
7/2/2020,233.42
7/1/2020,237.55
6/30/2020,227.07
6/29/2020,220.64
6/26/2020,216.08
6/25/2020,235.68
6/24/2020,234.02
6/23/2020,242.24
6/22/2020,239.22
6/19/2020,238.79
6/18/2020,235.94
6/17/2020,235.53
6/16/2020,235.65
6/15/2020,232.5
6/12/2020,228.58
6/11/2020,224.43
6/10/2020,236.73
6/9/2020,238.67
6/8/2020,231.4
6/5/2020,230.77
6/4/2020,226.29
6/3/2020,230.16
6/2/2020,232.72
6/1/2020,231.91
5/29/2020,225.09
5/28/2020,225.46
5/27/2020,229.14
5/26/2020,232.2
5/22/2020,234.91
5/21/2020,231.39
5/20/2020,229.97
5/19/2020,216.88
5/18/2020,213.19
5/15/2020,210.88
5/14/2020,206.81
5/13/2020,205.1
5/12/2020,210.1
5/11/2020,213.18
5/8/2020,212.35
5/7/2020,211.26
5/6/2020,208.47
5/5/2020,207.07
5/4/2020,205.26
5/1/2020,202.27
4/30/2020,204.71
4/29/2020,194.19
4/28/2020,182.91
4/27/2020,187.5
4/24/2020,190.07
4/23/2020,185.13
4/22/2020,182.28
4/21/2020,170.8
4/20/2020,178.24
4/17/2020,179.24
4/16/2020,176.25
4/15/2020,176.97
4/14/2020,178.17
4/13/2020,174.79
4/9/2020,175.19
4/8/2020,174.28
4/7/2020,168.83
4/6/2020,165.55
4/3/2020,154.18
4/2/2020,158.19
4/1/2020,159.6
3/31/2020,166.8
3/30/2020,165.95
3/27/2020,156.79
3/26/2020,163.34
3/25/2020,156.21
3/24/2020,160.98
3/23/2020,148.1
3/20/2020,149.73
3/19/2020,153.13
3/18/2020,146.96
3/17/2020,149.42
3/16/2020,146.01
3/13/2020,170.28
3/12/2020,154.47
3/11/2020,170.24
3/10/2020,178.19
3/9/2020,169.5
3/6/2020,181.09
3/5/2020,185.17
3/4/2020,191.76
3/3/2020,185.89
3/2/2020,196.44
2/28/2020,192.47
2/27/2020,189.75
2/26/2020,197.2
2/25/2020,196.77
2/24/2020,200.72
2/21/2020,210.18
2/20/2020,214.58
2/19/2020,217.49
2/18/2020,217.8
2/14/2020,214.18
2/13/2020,213.14
2/12/2020,210.76
2/11/2020,207.19
2/10/2020,213.06
2/7/2020,212.33
2/6/2020,210.85
2/5/2020,210.11
2/4/2020,209.83
2/3/2020,204.19
1/31/2020,201.91
1/30/2020,209.53
1/29/2020,223.23
1/28/2020,217.79
1/27/2020,214.87
1/24/2020,217.94
1/23/2020,219.76
1/22/2020,221.32
1/21/2020,221.44
1/17/2020,222.14
1/16/2020,221.77
1/15/2020,221.15
1/14/2020,219.06
1/13/2020,221.91
1/10/2020,218.06
1/9/2020,218.3
1/8/2020,215.22
1/7/2020,213.06
1/6/2020,212.6
1/3/2020,208.67
1/2/2020,209.78
12/31/2019,205.25
12/30/2019,204.41
12/27/2019,208.1
12/26/2019,207.79
12/24/2019,205.12
12/23/2019,206.18
12/20/2019,206.3
12/19/2019,206.06
12/18/2019,202.5
12/17/2019,198.39
12/16/2019,197.92
12/13/2019,194.11
12/12/2019,196.75
12/11/2019,202.26
12/10/2019,200.87
12/9/2019,201.34
12/6/2019,201.05
12/5/2019,199.36
12/4/2019,198.71
12/3/2019,198.82
12/2/2019,199.7
11/29/2019,201.64
11/27/2019,202
11/26/2019,198.97
11/25/2019,199.79
11/22/2019,198.82
11/21/2019,197.93
11/20/2019,197.51
11/19/2019,199.32
11/18/2019,197.4
11/15/2019,195.1
11/14/2019,193.15
11/13/2019,193.19
11/12/2019,194.47
11/11/2019,189.61
11/8/2019,190.84
11/7/2019,190.42
11/6/2019,191.55
11/5/2019,194.32
11/4/2019,194.72
11/1/2019,193.62
10/31/2019,191.65
10/30/2019,188.25
10/29/2019,189.31
10/28/2019,189.4
10/25/2019,187.89
10/24/2019,186.38
10/23/2019,186.15
10/22/2019,182.34
10/21/2019,189.76
10/18/2019,185.85
10/17/2019,190.39
10/16/2019,189.55
10/15/2019,188.89
10/14/2019,183.28
10/11/2019,184.19
10/10/2019,180.03
10/9/2019,179.85
10/8/2019,177.75
10/7/2019,179.68
10/4/2019,180.45
10/3/2019,179.38
10/2/2019,174.6
10/1/2019,175.81
9/30/2019,178.08
9/27/2019,177.1
9/26/2019,180.11
9/25/2019,182.8
9/24/2019,181.28
9/23/2019,186.82
9/20/2019,189.93
9/19/2019,190.14
9/18/2019,188.14
9/17/2019,188.08
9/16/2019,186.22
9/13/2019,187.19
9/12/2019,187.47
9/11/2019,188.49
9/10/2019,186.17
9/9/2019,188.76
9/6/2019,187.49
9/5/2019,190.9
9/4/2019,187.14
9/3/2019,182.39
8/30/2019,185.67
8/29/2019,185.57
8/28/2019,181.76
8/27/2019,181.3
8/26/2019,180.36
8/23/2019,177.75
8/22/2019,182.04
8/21/2019,183.55
8/20/2019,183.81
8/19/2019,186.17
8/16/2019,183.7
8/15/2019,182.59
8/14/2019,179.71
8/13/2019,188.45
8/12/2019,185.37
8/9/2019,187.85
8/8/2019,190.16
8/7/2019,185.15
8/6/2019,184.51
8/5/2019,181.73
8/2/2019,189.02
8/1/2019,192.73
7/31/2019,194.23
7/30/2019,197.04
7/29/2019,195.94
7/26/2019,199.75
7/25/2019,200.71
7/24/2019,204.66
7/23/2019,202.36
7/22/2019,202.32
7/19/2019,198.36
7/18/2019,200.78
7/17/2019,201.8
7/16/2019,203.84
7/15/2019,203.91
7/12/2019,204.87
7/11/2019,201.23
7/10/2019,202.73
7/9/2019,199.21
7/8/2019,195.76
7/5/2019,196.4
7/3/2019,197.2
7/2/2019,195
7/1/2019,193
6/28/2019,193
6/27/2019,189.5
6/26/2019,187.66
6/25/2019,188.84
6/24/2019,192.6
6/21/2019,191.14
6/20/2019,189.53
6/19/2019,187.48
6/18/2019,188.47
6/17/2019,189.01
6/14/2019,181.33
6/13/2019,177.47
6/12/2019,175.04
6/11/2019,178.1
6/10/2019,174.82
6/7/2019,173.35
6/6/2019,168.33
6/5/2019,168.17
6/4/2019,167.5
6/3/2019,164.15
5/31/2019,177.47
5/30/2019,183.01
5/29/2019,182.19
5/28/2019,184.31
5/24/2019,181.06
5/23/2019,180.87
5/22/2019,185.32
5/21/2019,184.82
5/20/2019,182.72
5/17/2019,185.3
5/16/2019,186.99
5/15/2019,186.27
5/14/2019,180.73
5/13/2019,181.54
5/10/2019,188.34
5/9/2019,188.65
5/8/2019,189.54
5/7/2019,189.77
5/6/2019,193.88
5/3/2019,195.47
5/2/2019,192.53
5/1/2019,193.03
4/30/2019,193.4
4/29/2019,194.78
4/26/2019,191.49
4/25/2019,193.26
4/24/2019,182.58
4/23/2019,183.78
4/22/2019,181.44
4/18/2019,178.28
4/17/2019,178.78
4/16/2019,178.87
4/15/2019,179.65
4/12/2019,179.1
4/11/2019,177.51
4/10/2019,177.82
4/9/2019,177.58
4/8/2019,174.93
4/5/2019,175.72
4/4/2019,176.02
4/3/2019,173.54
4/2/2019,174.2
4/1/2019,168.7
3/29/2019,166.69
3/28/2019,165.55
3/27/2019,165.87
3/26/2019,167.68
3/25/2019,166.29
3/22/2019,164.34
3/21/2019,166.08
3/20/2019,165.44
3/19/2019,161.57
3/18/2019,160.47
3/15/2019,165.98
3/14/2019,170.17
3/13/2019,173.37
3/12/2019,171.92
3/11/2019,172.07
3/8/2019,169.6
3/7/2019,169.13
3/6/2019,172.51
3/5/2019,171.26
3/4/2019,167.37
3/1/2019,162.28
2/28/2019,161.45
2/27/2019,162.81
2/26/2019,164.13
2/25/2019,164.62
2/22/2019,161.89
2/21/2019,160.04
2/20/2019,162.56
2/19/2019,162.29
2/15/2019,162.5
2/14/2019,163.95
2/13/2019,164.07
2/12/2019,165.04
2/11/2019,165.79
2/8/2019,167.33
2/7/2019,166.38
2/6/2019,170.49
2/5/2019,171.16
2/4/2019,169.25
2/1/2019,165.71
1/31/2019,166.69
1/30/2019,150.42
1/29/2019,144.19
1/28/2019,147.47
1/25/2019,149.01
1/24/2019,145.83
1/23/2019,144.3
1/22/2019,147.57
1/18/2019,150.04
1/17/2019,148.3
1/16/2019,147.54
1/15/2019,148.95
1/14/2019,145.39
1/11/2019,143.8
1/10/2019,144.2
1/9/2019,144.23
1/8/2019,142.53
1/7/2019,138.05
1/4/2019,137.95
1/3/2019,131.74
1/2/2019,135.68
12/31/2018,131.09
12/28/2018,133.2
12/27/2018,134.52
12/26/2018,134.18
12/24/2018,124.06
12/21/2018,124.95
12/20/2018,133.4
12/19/2018,133.24
12/18/2018,143.66
12/17/2018,140.19
12/14/2018,144.06
12/13/2018,145.01
12/12/2018,144.5
12/11/2018,142.08
12/10/2018,141.85
12/7/2018,137.42
12/6/2018,139.63
12/4/2018,137.93
12/3/2018,141.09
11/30/2018,140.61
11/29/2018,138.68
11/28/2018,136.76
11/27/2018,135
11/26/2018,136.38
11/23/2018,131.73
11/21/2018,134.82
11/20/2018,132.43
11/19/2018,131.55
11/16/2018,139.53
11/15/2018,143.85
11/14/2018,144.22
11/13/2018,142.16
11/12/2018,141.55
11/9/2018,144.96
11/8/2018,147.87
11/7/2018,151.53
11/6/2018,149.94
11/5/2018,148.68
11/2/2018,150.35
11/1/2018,151.75
10/31/2018,151.79
10/30/2018,146.22
10/29/2018,142.09
10/26/2018,145.37
10/25/2018,150.95
10/24/2018,146.04
10/23/2018,154.39
10/22/2018,154.78
10/19/2018,154.05
10/18/2018,154.92
10/17/2018,159.42
10/16/2018,158.78
10/15/2018,153.52
10/12/2018,153.74
10/11/2018,153.35
10/10/2018,151.38
10/9/2018,157.9
10/8/2018,157.25
10/5/2018,157.33
10/4/2018,158.85
10/3/2018,162.43
10/2/2018,159.33
10/1/2018,162.44
9/28/2018,164.46
9/27/2018,168.84
9/26/2018,166.95
9/25/2018,164.91
9/24/2018,165.41
9/21/2018,162.93
9/20/2018,166.02
9/19/2018,163.06
9/18/2018,160.3
9/17/2018,160.58
9/14/2018,162.32
9/13/2018,161.36
9/12/2018,162
9/11/2018,165.94
9/10/2018,164.18
9/7/2018,163.04
9/6/2018,162.53
9/5/2018,167.18
9/4/2018,171.16
8/31/2018,175.73
8/30/2018,177.64
8/29/2018,175.9
8/28/2018,176.26
8/27/2018,177.46
8/24/2018,174.65
8/23/2018,172.9
8/22/2018,173.64
8/21/2018,172.62
8/20/2018,172.5
8/17/2018,173.8
8/16/2018,174.7
8/15/2018,179.53
8/14/2018,181.11
8/13/2018,180.05
8/10/2018,180.26
8/9/2018,183.09
8/8/2018,185.18
8/7/2018,183.81
8/6/2018,185.69
8/3/2018,177.78
8/2/2018,176.37
8/1/2018,171.65
7/31/2018,172.58
7/30/2018,171.06
7/27/2018,174.89
7/26/2018,176.26
7/25/2018,217.5
7/24/2018,214.67
7/23/2018,210.91
7/20/2018,209.94
7/19/2018,208.09
7/18/2018,209.36
7/17/2018,209.99
7/16/2018,207.23
7/13/2018,207.32
7/12/2018,206.92
7/11/2018,202.54
7/10/2018,203.54
7/9/2018,204.74
7/6/2018,203.23
7/5/2018,198.45
7/3/2018,192.73
7/2/2018,197.36
6/29/2018,194.32
6/28/2018,196.23
6/27/2018,195.84
6/26/2018,199
6/25/2018,196.35
6/22/2018,201.74
6/21/2018,201.5
6/20/2018,202
6/19/2018,197.49
6/18/2018,198.31
6/15/2018,195.85
6/14/2018,196.81
6/13/2018,192.41
6/12/2018,192.4
6/11/2018,191.54
6/8/2018,189.1
6/7/2018,188.18
6/6/2018,191.34
6/5/2018,192.94
6/4/2018,193.28
6/1/2018,193.99
5/31/2018,191.78
5/30/2018,187.67
5/29/2018,185.74
5/25/2018,184.92
5/24/2018,185.93
5/23/2018,186.9
5/22/2018,183.8
5/21/2018,184.49
5/18/2018,182.68
5/17/2018,183.76
5/16/2018,183.2
5/15/2018,184.32
5/14/2018,186.64
5/11/2018,186.99
5/10/2018,185.53
5/9/2018,182.66
5/8/2018,178.92
5/7/2018,177.97
5/4/2018,176.61
5/3/2018,174.02
5/2/2018,176.07
5/1/2018,173.86
4/30/2018,172
4/27/2018,173.59
4/26/2018,174.16
4/25/2018,159.69
4/24/2018,159.69
4/23/2018,165.84
4/20/2018,166.28
4/19/2018,168.1
4/18/2018,166.36
4/17/2018,168.66
4/16/2018,164.83
4/13/2018,164.52
4/12/2018,163.87
4/11/2018,166.32
4/10/2018,165.04
4/9/2018,157.93
4/6/2018,157.2
4/5/2018,159.34
4/4/2018,155.1
4/3/2018,156.11
4/2/2018,155.39
3/29/2018,159.79
3/28/2018,153.03
3/27/2018,152.22
3/26/2018,160.06
3/23/2018,159.39
3/22/2018,164.89
3/21/2018,169.39
3/20/2018,168.15
3/19/2018,172.56
3/16/2018,185.09
3/15/2018,183.86
3/14/2018,184.19
3/13/2018,181.88
3/12/2018,184.76
3/9/2018,185.23
3/8/2018,182.34
3/7/2018,183.71
3/6/2018,179.78
3/5/2018,180.4
3/2/2018,176.62
3/1/2018,175.94
2/28/2018,178.32
2/27/2018,181.46
2/26/2018,184.93
2/23/2018,183.29
2/22/2018,178.99
2/21/2018,177.91
2/20/2018,176.01
2/16/2018,177.36
2/15/2018,179.96
2/14/2018,179.52
2/13/2018,173.15
2/12/2018,176.41
2/9/2018,176.11
2/8/2018,171.58
2/7/2018,180.18
2/6/2018,185.31
2/5/2018,181.26
2/2/2018,190.28
2/1/2018,193.09
1/31/2018,186.89
1/30/2018,187.12
1/29/2018,185.98
1/26/2018,190
1/25/2018,187.48
1/24/2018,186.55
1/23/2018,189.35
1/22/2018,185.37
1/19/2018,181.29
1/18/2018,179.8
1/17/2018,177.6
1/16/2018,178.39
1/12/2018,179.37
1/11/2018,187.77
1/10/2018,187.84
1/9/2018,187.87
1/8/2018,188.28
1/5/2018,186.85
1/4/2018,184.33
1/3/2018,184.67
1/2/2018,181.42
12/29/2017,176.46
12/28/2017,177.92
12/27/2017,177.62
12/26/2017,175.99
12/22/2017,177.2
12/21/2017,177.45
12/20/2017,177.89
12/19/2017,179.51
12/18/2017,180.82
12/15/2017,180.18
12/14/2017,178.39
12/13/2017,178.3
12/12/2017,176.96
12/11/2017,179.04
12/8/2017,179
12/7/2017,180.14
12/6/2017,176.06
12/5/2017,172.83
12/4/2017,171.47
12/1/2017,175.1
11/30/2017,177.18
11/29/2017,175.13
11/28/2017,182.42
11/27/2017,183.03
11/24/2017,182.78
11/22/2017,180.87
11/21/2017,181.86
11/20/2017,178.74
11/17/2017,179
11/16/2017,179.59
11/15/2017,177.95
11/14/2017,178.07
11/13/2017,178.77
11/10/2017,178.46
11/9/2017,179.3
11/8/2017,179.56
11/7/2017,180.25
11/6/2017,180.17
11/3/2017,178.92
11/2/2017,178.92
11/1/2017,182.66
10/31/2017,180.06
10/30/2017,179.87
10/27/2017,177.88
10/26/2017,170.63
10/25/2017,170.6
10/24/2017,171.8
10/23/2017,171.27
10/20/2017,174.98
10/19/2017,174.56
10/18/2017,176.03
10/17/2017,176.11
10/16/2017,174.52
10/13/2017,173.74
10/12/2017,172.55
10/11/2017,172.74
10/10/2017,171.59
10/9/2017,172.5
10/6/2017,172.23
10/5/2017,171.24
10/4/2017,168.42
10/3/2017,169.96
10/2/2017,169.47
9/29/2017,170.87
9/28/2017,168.73
9/27/2017,167.68
9/26/2017,164.21
9/25/2017,162.87
9/22/2017,170.54
9/21/2017,171.11
9/20/2017,172.17
9/19/2017,172.52
9/18/2017,170.01
9/15/2017,171.64
9/14/2017,170.96
9/13/2017,173.05
9/12/2017,172.96
9/11/2017,173.51
9/8/2017,170.95
9/7/2017,173.21
9/6/2017,172.09
9/5/2017,170.72
9/1/2017,172.02
8/31/2017,171.97
8/30/2017,169.92
8/29/2017,168.05
8/28/2017,167.24
8/25/2017,166.32
8/24/2017,167.74
8/23/2017,168.71
8/22/2017,169.64
8/21/2017,167.78
8/18/2017,167.41
8/17/2017,166.91
8/16/2017,170
8/15/2017,171
8/14/2017,170.75
8/11/2017,168.08
8/10/2017,167.4
8/9/2017,171.18
8/8/2017,171.23
8/7/2017,171.98
8/4/2017,169.62
8/3/2017,168.59
8/2/2017,169.3
8/1/2017,169.86
7/31/2017,169.25
7/28/2017,172.45
7/27/2017,170.44
7/26/2017,165.61
7/25/2017,165.28
7/24/2017,166
7/21/2017,164.43
7/20/2017,164.53
7/19/2017,164.14
7/18/2017,162.86
7/17/2017,159.73
7/14/2017,159.97
7/13/2017,159.26
7/12/2017,158.9
7/11/2017,155.27
7/10/2017,153.5
7/7/2017,151.44
7/6/2017,148.82
7/5/2017,150.34
7/3/2017,148.43
6/30/2017,150.98
6/29/2017,151.04
6/28/2017,153.24
6/27/2017,150.58
6/26/2017,153.59
6/23/2017,155.07
6/22/2017,153.4
6/21/2017,153.91
6/20/2017,152.25
6/19/2017,152.87
6/16/2017,150.64
6/15/2017,149.8
6/14/2017,150.25
6/13/2017,150.68
6/12/2017,148.44
6/9/2017,149.6
6/8/2017,154.71
6/7/2017,153.12
6/6/2017,152.81
6/5/2017,153.63
6/2/2017,153.61
6/1/2017,151.53
5/31/2017,151.46
5/30/2017,152.38
5/26/2017,152.13
5/25/2017,151.96
5/24/2017,150.04
5/23/2017,148.07
5/22/2017,148.24
5/19/2017,148.06
5/18/2017,147.66
5/17/2017,144.85
5/16/2017,149.78
5/15/2017,150.19
5/12/2017,150.33
5/11/2017,150.04
5/10/2017,150.29
5/9/2017,150.48
5/8/2017,151.06
5/5/2017,150.24
5/4/2017,150.85
5/3/2017,151.8
5/2/2017,152.78
5/1/2017,152.46
4/28/2017,150.25
4/27/2017,147.7
4/26/2017,146.56
4/25/2017,146.49
4/24/2017,145.47
4/21/2017,143.68
4/20/2017,143.8
4/19/2017,142.27
4/18/2017,140.96
4/17/2017,141.42
4/13/2017,139.39
4/12/2017,139.58
4/11/2017,139.92
4/10/2017,141.04
4/7/2017,140.78
4/6/2017,141.17
4/5/2017,141.85
4/4/2017,141.73
4/3/2017,142.28
3/31/2017,142.05
3/30/2017,142.41
3/29/2017,142.65
3/28/2017,141.76
3/27/2017,140.32
3/24/2017,140.34
3/23/2017,139.53
3/22/2017,139.59
3/21/2017,138.51
3/20/2017,139.94
3/17/2017,139.84
3/16/2017,139.99
3/15/2017,139.72
3/14/2017,139.32
3/13/2017,139.6
3/10/2017,138.79
3/9/2017,138.24
3/8/2017,137.72
3/7/2017,137.3
3/6/2017,137.42
3/3/2017,137.17
3/2/2017,136.76
3/1/2017,137.42
2/28/2017,135.54
2/27/2017,136.41
2/24/2017,135.44
2/23/2017,135.36
2/22/2017,136.12
2/21/2017,133.72
2/17/2017,133.53
2/16/2017,133.84
2/15/2017,133.44
2/14/2017,133.85
2/13/2017,134.05
2/10/2017,134.19
2/9/2017,134.14
2/8/2017,134.2
2/7/2017,131.84
2/6/2017,132.06
2/3/2017,130.98
2/2/2017,130.84
2/1/2017,133.23
1/31/2017,130.32
1/30/2017,130.98
1/27/2017,132.18
1/26/2017,132.78
1/25/2017,131.48
1/24/2017,129.37
1/23/2017,128.93
1/20/2017,127.04
1/19/2017,127.55
1/18/2017,127.92
1/17/2017,127.87
1/13/2017,128.34
1/12/2017,126.62
1/11/2017,126.09
1/10/2017,124.35
1/9/2017,124.9
1/6/2017,123.41
1/5/2017,120.67
1/4/2017,118.69
1/3/2017,116.86
12/30/2016,115.05
12/29/2016,116.35
12/28/2016,116.92
12/27/2016,118.01
12/23/2016,117.27
12/22/2016,117.4
12/21/2016,119.04
12/20/2016,119.09
12/19/2016,119.24
12/16/2016,119.87
12/15/2016,120.57
12/14/2016,120.21
12/13/2016,120.31
12/12/2016,117.77
12/9/2016,119.68
12/8/2016,118.91
12/7/2016,117.95
12/6/2016,117.31
12/5/2016,117.43
12/2/2016,115.4
12/1/2016,115.1
11/30/2016,118.42
11/29/2016,120.87
11/28/2016,120.41
11/25/2016,120.38
11/23/2016,120.84
11/22/2016,121.47
11/21/2016,121.77
11/18/2016,117.02
11/17/2016,117.79
11/16/2016,116.34
11/15/2016,117.2
11/14/2016,115.08
11/11/2016,119.02
11/10/2016,120.8
11/9/2016,123.18
11/8/2016,124.22
11/7/2016,122.15
11/4/2016,120.75
11/3/2016,120
11/2/2016,127.17
11/1/2016,129.5
10/31/2016,130.99
10/28/2016,131.29
10/27/2016,129.69
10/26/2016,131.04
10/25/2016,132.29
10/24/2016,133.28
10/21/2016,132.07
10/20/2016,130
10/19/2016,130.11
10/18/2016,128.57
10/17/2016,127.54
10/14/2016,127.88
10/13/2016,127.82
10/12/2016,129.05
10/11/2016,128.88
10/10/2016,130.24
10/7/2016,128.99
10/6/2016,128.74
10/5/2016,128.47
10/4/2016,128.19
10/3/2016,128.77
9/30/2016,128.27
9/29/2016,128.09
9/28/2016,129.23
9/27/2016,128.69
9/26/2016,127.31
9/23/2016,127.96
9/22/2016,130.08
9/21/2016,129.94
9/20/2016,128.64
9/19/2016,128.65
9/16/2016,129.07
9/15/2016,128.35
9/14/2016,127.77
9/13/2016,127.21
9/12/2016,128.69
9/9/2016,127.1
9/8/2016,130.27
9/7/2016,131.05
9/6/2016,129.73
9/2/2016,126.51
9/1/2016,126.17
8/31/2016,126.12
8/30/2016,125.84
8/29/2016,126.54
8/26/2016,124.96
8/25/2016,123.89
8/24/2016,123.48
8/23/2016,124.37
8/22/2016,124.15
8/19/2016,123.56
8/18/2016,123.91
8/17/2016,124.37
8/16/2016,123.3
8/15/2016,123.9
8/12/2016,124.88
8/11/2016,124.9
8/10/2016,124.88
8/9/2016,125.06
8/8/2016,125.26
8/5/2016,125.15
8/4/2016,124.36
8/3/2016,122.51
8/2/2016,123.09
8/1/2016,124.31
7/29/2016,123.94
7/28/2016,125
7/27/2016,123.34
7/26/2016,121.22
7/25/2016,121.63
7/22/2016,121
7/21/2016,120.61
7/20/2016,121.92
7/19/2016,120.61
7/18/2016,119.37
7/15/2016,116.86
7/14/2016,117.29
7/13/2016,116.78
7/12/2016,117.93
7/11/2016,117.87
7/8/2016,117.24
7/7/2016,115.85
7/6/2016,116.7
7/5/2016,114
7/1/2016,114.19
6/30/2016,114.28
6/29/2016,114.16
6/28/2016,112.7
6/27/2016,108.97
6/24/2016,112.08
6/23/2016,115.08
6/22/2016,113.91
6/21/2016,114.38
6/20/2016,113.37
6/17/2016,113.02
6/16/2016,114.39
6/15/2016,114.6
6/14/2016,114.94
6/13/2016,113.95
6/10/2016,116.62
6/9/2016,118.56
6/8/2016,118.39
6/7/2016,117.76
6/6/2016,118.79
6/3/2016,118.47
6/2/2016,118.93
6/1/2016,118.78
5/31/2016,118.81
5/27/2016,119.38
5/26/2016,119.47
5/25/2016,117.89
5/24/2016,117.7
5/23/2016,115.97
5/20/2016,117.35
5/19/2016,116.81
5/18/2016,117.65
5/17/2016,117.35
5/16/2016,118.67
5/13/2016,119.81
5/12/2016,120.28
5/11/2016,119.52
5/10/2016,120.5
5/9/2016,119.24
5/6/2016,119.49
5/5/2016,117.81
5/4/2016,118.06
5/3/2016,117.43
5/2/2016,118.57
4/29/2016,117.58
4/28/2016,116.73
4/27/2016,108.89
4/26/2016,108.76
4/25/2016,110.1
4/22/2016,110.56
4/21/2016,113.44
4/20/2016,112.42
4/19/2016,112.29
4/18/2016,110.45
4/15/2016,109.64
4/14/2016,110.84
4/13/2016,110.51
4/12/2016,110.61
4/11/2016,108.99
4/8/2016,110.63
4/7/2016,113.64
4/6/2016,113.71
4/5/2016,112.22
4/4/2016,112.55
4/1/2016,116.06
3/31/2016,114.1
3/30/2016,114.7
3/29/2016,116.14
3/28/2016,113.69
3/24/2016,113.05
3/23/2016,112.54
3/22/2016,112.25
3/21/2016,111.85
3/18/2016,111.45
3/17/2016,111.02
3/16/2016,112.18
3/15/2016,110.67
3/14/2016,109.89
3/11/2016,109.41
3/10/2016,107.32
3/9/2016,107.51
3/8/2016,105.93
3/7/2016,105.73
3/4/2016,108.39
3/3/2016,109.58
3/2/2016,109.95
3/1/2016,109.82
2/29/2016,106.92
2/26/2016,107.92
2/25/2016,108.07
2/24/2016,106.88
2/23/2016,105.46
2/22/2016,107.16
2/19/2016,104.57
2/18/2016,103.47
2/17/2016,105.2
2/16/2016,101.61
2/12/2016,102.01
2/11/2016,101.91
2/10/2016,101
2/9/2016,99.54
2/8/2016,99.75
2/5/2016,104.07
2/4/2016,110.49
2/3/2016,112.69
2/2/2016,114.61
2/1/2016,115.09
1/29/2016,112.21
1/28/2016,109.11
1/27/2016,94.45
1/26/2016,97.34
1/25/2016,97.01
1/22/2016,97.94
1/21/2016,94.16
1/20/2016,94.35
1/19/2016,95.26
1/15/2016,94.97
1/14/2016,98.37
1/13/2016,95.44
1/12/2016,99.37
1/11/2016,97.51
1/8/2016,97.33
1/7/2016,97.92
1/6/2016,102.97
1/5/2016,102.73
1/4/2016,102.22
12/31/2015,104.66
12/30/2015,106.22
12/29/2015,107.26
12/28/2015,105.93
12/24/2015,105.02
12/23/2015,104.63
12/22/2015,105.51
12/21/2015,104.77
12/18/2015,104.04
12/17/2015,106.22
12/16/2015,106.79
12/15/2015,104.55
12/14/2015,104.66
12/11/2015,102.12
12/10/2015,105.42
12/9/2015,104.6
12/8/2015,106.49
12/7/2015,105.61
12/4/2015,106.18
12/3/2015,104.38
12/2/2015,106.07
12/1/2015,107.12
11/30/2015,104.24
11/27/2015,105.45
11/25/2015,105.41
11/24/2015,105.74
11/23/2015,106.95
11/20/2015,107.32
11/19/2015,106.26
11/18/2015,107.77
11/17/2015,105.13
11/16/2015,104.04
11/13/2015,103.95
11/12/2015,108.02
11/11/2015,109.01
11/10/2015,107.91
11/9/2015,106.49
11/6/2015,107.09
11/5/2015,108.76
11/4/2015,103.94
11/3/2015,102.58
11/2/2015,103.31
10/30/2015,101.97
10/29/2015,104.88
10/28/2015,104.2
10/27/2015,103.7
10/26/2015,103.77
10/23/2015,102.19
10/22/2015,99.67
10/21/2015,97.11
10/20/2015,97
10/19/2015,98.47
10/16/2015,97.54
10/15/2015,95.96
10/14/2015,94.07
10/13/2015,94.12
10/12/2015,94.26
10/9/2015,93.24
10/8/2015,92.47
10/7/2015,92.4
10/6/2015,92.8
10/5/2015,94.01
10/2/2015,92.07
10/1/2015,90.95
9/30/2015,89.9
9/29/2015,86.67
9/28/2015,89.21
9/25/2015,92.77
9/24/2015,94.41
9/23/2015,93.97
9/22/2015,92.96
9/21/2015,95.55
9/18/2015,94.4
9/17/2015,94.34
9/16/2015,93.45
9/15/2015,92.9
9/14/2015,92.31
9/11/2015,92.05
9/10/2015,91.98
9/9/2015,90.44
9/8/2015,89.53
9/4/2015,88.26
9/3/2015,88.15
9/2/2015,89.89
9/1/2015,87.23
8/31/2015,89.43
8/28/2015,91.01
8/27/2015,89.73
8/26/2015,87.19
8/25/2015,83
8/24/2015,82.09
8/21/2015,86.06
8/20/2015,90.56
8/19/2015,95.31
8/18/2015,95.17
8/17/2015,93.93
8/14/2015,94.42
8/13/2015,93.43
8/12/2015,94.19
8/11/2015,93.62
8/10/2015,94.15
8/7/2015,94.3
8/6/2015,95.12
8/5/2015,96.44
8/4/2015,94.06
8/3/2015,94.14
7/31/2015,94.01
7/30/2015,95.21
7/29/2015,96.99
7/28/2015,95.29
7/27/2015,94.17
7/24/2015,96.95
7/23/2015,95.44
7/22/2015,97.04
7/21/2015,98.39
7/20/2015,97.91
7/17/2015,94.97
7/16/2015,90.85
7/15/2015,89.76
7/14/2015,89.68
7/13/2015,90.1
7/10/2015,87.95
7/9/2015,85.88
7/8/2015,85.65
7/7/2015,87.22
7/6/2015,87.55
7/2/2015,87.28
7/1/2015,86.91
6/30/2015,85.77
6/29/2015,85.8
6/26/2015,88.01
6/25/2015,87.98
6/24/2015,88.86
6/23/2015,87.88
6/22/2015,84.74
6/19/2015,82.51
6/18/2015,82.91
6/17/2015,81.79
6/16/2015,81.06
6/15/2015,80.71
6/12/2015,81.53
6/11/2015,81.83
6/10/2015,82.16
6/9/2015,80.67
6/8/2015,80.67
6/5/2015,82.14
6/4/2015,82.05
6/3/2015,82.44
6/2/2015,80.44
6/1/2015,80.29
5/29/2015,79.19
5/28/2015,80.14
5/27/2015,80.55
5/26/2015,79.33
5/22/2015,80.54
5/21/2015,80.48
5/20/2015,80.55
5/19/2015,80.63
5/18/2015,80.88
5/15/2015,80.42
5/14/2015,81.37
5/13/2015,78.44
5/12/2015,77.46
5/11/2015,78.01
5/8/2015,78.51
5/7/2015,78.42
5/6/2015,78.1
5/5/2015,77.56
5/4/2015,78.81
5/1/2015,78.99
4/30/2015,78.77
4/29/2015,80.47
4/28/2015,80.68
4/27/2015,81.91
4/24/2015,81.53
4/23/2015,82.41
4/22/2015,84.63
4/21/2015,83.62
4/20/2015,83.09
4/17/2015,80.78
4/16/2015,82.31
4/15/2015,82.7
4/14/2015,83.52
4/13/2015,83.01
4/10/2015,82.04
4/9/2015,82.17
4/8/2015,82.28
4/7/2015,82.32
4/6/2015,82.44
4/2/2015,81.56
4/1/2015,81.67
3/31/2015,82.22
3/30/2015,83.19
3/27/2015,83.3
3/26/2015,83.01
3/25/2015,82.92
3/24/2015,85.31
3/23/2015,84.43
3/20/2015,83.8
3/19/2015,82.75
3/18/2015,80.91
3/17/2015,79.36
3/16/2015,78.07
3/13/2015,78.05
3/12/2015,78.93
3/11/2015,77.57
3/10/2015,77.55
3/9/2015,79.44
3/6/2015,80
3/5/2015,81.21
3/4/2015,80.89
3/3/2015,79.6
3/2/2015,79.75
2/27/2015,78.97
2/26/2015,80.41
2/25/2015,79.56
2/24/2015,78.45
2/23/2015,78.84
2/20/2015,79.89
2/19/2015,79.42
2/18/2015,76.71
2/17/2015,75.6
2/13/2015,75.74
2/12/2015,76.23
2/11/2015,76.51
2/10/2015,75.19
2/9/2015,74.44
2/6/2015,74.47
2/5/2015,75.61
2/4/2015,75.63
2/3/2015,75.4
2/2/2015,74.99
1/30/2015,75.91
1/29/2015,78
1/28/2015,76.24
1/27/2015,75.78
1/26/2015,77.5
1/23/2015,77.83
1/22/2015,77.65
1/21/2015,76.74
1/20/2015,76.24
1/16/2015,75.18
1/15/2015,74.05
1/14/2015,76.28
1/13/2015,76.45
1/12/2015,76.72
1/9/2015,77.74
1/8/2015,78.17
1/7/2015,76.15
1/6/2015,76.15
1/5/2015,77.19
1/2/2015,78.45
12/31/2014,78.02
12/30/2014,79.22
12/29/2014,80.02
12/26/2014,80.78
12/24/2014,80.77
12/23/2014,80.61
12/22/2014,81.45
12/19/2014,79.88
12/18/2014,78.4
12/17/2014,76.11
12/16/2014,74.69
12/15/2014,76.99
12/12/2014,77.83
12/11/2014,77.73
12/10/2014,76.18
12/9/2014,76.84
12/8/2014,76.52
12/5/2014,76.36
12/4/2014,75.24
12/3/2014,74.88
12/2/2014,75.46
12/1/2014,75.1
11/28/2014,77.7
11/26/2014,77.62
11/25/2014,75.63
11/24/2014,74.01
11/21/2014,73.75
11/20/2014,73.6
11/19/2014,73.33
11/18/2014,74.34
11/17/2014,74.24
11/14/2014,74.88
11/13/2014,74.25
11/12/2014,74.72
11/11/2014,74.61
11/10/2014,75
11/7/2014,75.6
11/6/2014,75.26
11/5/2014,74.83
11/4/2014,75.76
11/3/2014,73.88
10/31/2014,74.99
10/30/2014,74.11
10/29/2014,75.86
10/28/2014,80.77
10/27/2014,80.28
10/24/2014,80.67
10/23/2014,80.04
10/22/2014,78.37
10/21/2014,78.69
10/20/2014,76.95
10/17/2014,75.95
10/16/2014,72.63
10/15/2014,73.21
10/14/2014,73.59
10/13/2014,72.99
10/10/2014,72.91
10/9/2014,75.91
10/8/2014,77.52
10/7/2014,76.29
10/6/2014,77.56
10/3/2014,77.44
10/2/2014,77.08
10/1/2014,76.55
9/30/2014,79.04
9/29/2014,79
9/26/2014,78.79
9/25/2014,77.22
9/24/2014,78.53
9/23/2014,78.29
9/22/2014,76.8
9/19/2014,77.91
9/18/2014,77
9/17/2014,76.43
9/16/2014,76.08
9/15/2014,74.58
9/12/2014,77.48
9/11/2014,77.92
9/10/2014,77.43
9/9/2014,76.67
9/8/2014,77.89
9/5/2014,77.26
9/4/2014,75.95
9/3/2014,75.83
9/2/2014,76.68
8/29/2014,74.82
8/28/2014,73.86
8/27/2014,74.63
8/26/2014,75.96
8/25/2014,75.02
8/22/2014,74.57
8/21/2014,74.57
8/20/2014,74.81
8/19/2014,75.29
8/18/2014,74.59
8/15/2014,73.63
8/14/2014,74.3
8/13/2014,73.77
8/12/2014,72.83
8/11/2014,73.44
8/8/2014,73.06
8/7/2014,73.17
8/6/2014,72.47
8/5/2014,72.69
8/4/2014,73.51
8/1/2014,72.36
7/31/2014,72.65
7/30/2014,74.68
7/29/2014,73.71
7/28/2014,74.92
7/25/2014,75.19
7/24/2014,74.98
7/23/2014,71.29
7/22/2014,69.27
7/21/2014,69.4
7/18/2014,68.42
7/17/2014,66.41
7/16/2014,67.66
7/15/2014,67.17
7/14/2014,67.9
7/11/2014,66.34
7/10/2014,64.87
7/9/2014,64.97
7/8/2014,62.76
7/7/2014,65.29
7/3/2014,66.29
7/2/2014,66.45
7/1/2014,68.06
6/30/2014,67.29
6/27/2014,67.6
6/26/2014,67.13
6/25/2014,67.44
6/24/2014,65.72
6/23/2014,65.37
6/20/2014,64.5
6/19/2014,64.34
6/18/2014,65.6
6/17/2014,64.4
6/16/2014,64.19
6/13/2014,64.5
6/12/2014,64.29
6/11/2014,65.78
6/10/2014,65.77
6/9/2014,62.88
6/6/2014,62.5
6/5/2014,63.19
6/4/2014,63.34
6/3/2014,62.87
6/2/2014,63.08
5/30/2014,63.3
5/29/2014,63.83
5/28/2014,63.51
5/27/2014,63.48
5/23/2014,61.35
5/22/2014,60.52
5/21/2014,60.49
5/20/2014,58.56
5/19/2014,59.21
5/16/2014,58.02
5/15/2014,57.92
5/14/2014,59.23
5/13/2014,59.83
5/12/2014,59.83
5/9/2014,57.24
5/8/2014,56.76
5/7/2014,57.39
5/6/2014,58.53
5/5/2014,61.22
5/2/2014,60.46
5/1/2014,61.15
4/30/2014,59.78
4/29/2014,58.15
4/28/2014,56.14
4/25/2014,57.71
4/24/2014,60.87
4/23/2014,61.36
4/22/2014,63.03
4/21/2014,61.24
4/17/2014,58.94
4/16/2014,59.72
4/15/2014,59.09
4/14/2014,58.89
4/11/2014,58.53
4/10/2014,59.16
4/9/2014,62.41
4/8/2014,58.19
4/7/2014,56.95
4/4/2014,56.75
4/3/2014,59.49
4/2/2014,62.72
4/1/2014,62.62
3/31/2014,60.24
3/28/2014,60.01
3/27/2014,60.97
3/26/2014,60.38
3/25/2014,64.89
3/24/2014,64.1
3/21/2014,67.24
3/20/2014,66.97
3/19/2014,68.24
3/18/2014,69.19
3/17/2014,68.74
3/14/2014,67.72
3/13/2014,68.83
3/12/2014,70.88
3/11/2014,70.1
3/10/2014,72.03
3/7/2014,69.8
3/6/2014,70.84
3/5/2014,71.57
3/4/2014,68.8
3/3/2014,67.41
2/28/2014,68.46
2/27/2014,68.94
2/26/2014,69.26
2/25/2014,69.85
2/24/2014,70.78
2/21/2014,68.59
2/20/2014,69.63
2/19/2014,68.06
2/18/2014,67.3
2/14/2014,67.09
2/13/2014,67.33
2/12/2014,64.45
2/11/2014,64.85
2/10/2014,63.55
2/7/2014,64.32
2/6/2014,62.16
2/5/2014,62.19
2/4/2014,62.75
2/3/2014,61.48
1/31/2014,62.57
1/30/2014,61.08
1/29/2014,53.53
1/28/2014,55.14
1/27/2014,53.55
1/24/2014,54.45
1/23/2014,56.63
1/22/2014,57.51
1/21/2014,58.51
1/17/2014,56.3
1/16/2014,57.19
1/15/2014,57.6
1/14/2014,57.74
1/13/2014,55.91
1/10/2014,57.94
1/9/2014,57.22
1/8/2014,58.23
1/7/2014,57.92
1/6/2014,57.2
1/3/2014,54.56
1/2/2014,54.71
12/31/2013,54.65
12/30/2013,53.71
12/27/2013,55.44
12/26/2013,57.73
12/24/2013,57.96
12/23/2013,57.77
12/20/2013,55.12
12/19/2013,55.05
12/18/2013,55.57
12/17/2013,54.86
12/16/2013,53.81
12/13/2013,53.32
12/12/2013,51.83
12/11/2013,49.38
12/10/2013,50.24
12/9/2013,48.84
12/6/2013,47.94
12/5/2013,48.34
12/4/2013,48.62
12/3/2013,46.73
12/2/2013,47.06
11/29/2013,47.01
11/27/2013,46.49
11/26/2013,45.89
11/25/2013,44.82
11/22/2013,46.23
11/21/2013,46.7
11/20/2013,46.43
11/19/2013,46.36
11/18/2013,45.83
11/15/2013,49.01
11/14/2013,48.99
11/13/2013,48.71
11/12/2013,46.6
11/11/2013,46.2
11/8/2013,47.53
11/7/2013,47.56
11/6/2013,49.12
11/5/2013,50.1
11/4/2013,48.22
11/1/2013,49.75
10/31/2013,50.2
10/30/2013,49.01
10/29/2013,49.4
10/28/2013,50.23
10/25/2013,51.95
10/24/2013,52.45
10/23/2013,51.9
10/22/2013,52.67
10/21/2013,53.85
10/18/2013,54.22
10/17/2013,52.21
10/16/2013,51.13
10/15/2013,49.5
10/14/2013,49.51
10/11/2013,49.11
10/10/2013,49.05
10/9/2013,46.77
10/8/2013,47.14
10/7/2013,50.52
10/4/2013,51.04
10/3/2013,49.18
10/2/2013,50.28
10/1/2013,50.42
9/30/2013,50.23
9/27/2013,51.24
9/26/2013,50.39
9/25/2013,49.46
9/24/2013,48.45
9/23/2013,47.19
9/20/2013,47.49
9/19/2013,45.98
9/18/2013,45.23
9/17/2013,45.07
9/16/2013,42.51
9/13/2013,44.31
9/12/2013,44.75
9/11/2013,45.04
9/10/2013,43.6
9/9/2013,44.04
9/6/2013,43.95
9/5/2013,42.66
9/4/2013,41.78
9/3/2013,41.87
8/30/2013,41.29
8/29/2013,41.28
8/28/2013,40.55
8/27/2013,39.64
8/26/2013,41.34
8/23/2013,40.55
8/22/2013,38.55
8/21/2013,38.32
8/20/2013,38.41
8/19/2013,37.81
8/16/2013,37.08
8/15/2013,36.56
8/14/2013,36.65
8/13/2013,37.02
8/12/2013,38.22
8/9/2013,38.5
8/8/2013,38.54
8/7/2013,38.87
8/6/2013,38.55
8/5/2013,39.19
8/2/2013,38.05
8/1/2013,37.49
7/31/2013,36.8
7/30/2013,37.63
7/29/2013,35.43
7/26/2013,34.01
7/25/2013,34.36
7/24/2013,26.51
7/23/2013,26.13
7/22/2013,26.05
7/19/2013,25.88
7/18/2013,26.18
7/17/2013,26.65
7/16/2013,26.32
7/15/2013,26.28
7/12/2013,25.91
7/11/2013,25.81
7/10/2013,25.8
7/9/2013,25.48
7/8/2013,24.71
7/5/2013,24.37
7/3/2013,24.52
7/2/2013,24.41
7/1/2013,24.81
6/28/2013,24.88
6/27/2013,24.66
6/26/2013,24.16
6/25/2013,24.25
6/24/2013,23.93
6/21/2013,24.53
6/20/2013,23.9
6/19/2013,24.31
6/18/2013,24.21
6/17/2013,24.02
6/14/2013,23.63
6/13/2013,23.73
6/12/2013,23.77
6/11/2013,24.03
6/10/2013,24.33
6/7/2013,23.29
6/6/2013,22.97
6/5/2013,22.9
6/4/2013,23.52
6/3/2013,23.85
5/31/2013,24.35
5/30/2013,24.55
5/29/2013,23.32
5/28/2013,24.1
5/24/2013,24.31
5/23/2013,25.06
5/22/2013,25.16
5/21/2013,25.66
5/20/2013,25.76
5/17/2013,26.25
5/16/2013,26.13
5/15/2013,26.6
5/14/2013,27.07
5/13/2013,26.82
5/10/2013,26.68
5/9/2013,27.04
5/8/2013,27.12
5/7/2013,26.89
5/6/2013,27.57
5/3/2013,28.31
5/2/2013,28.97
5/1/2013,27.43
4/30/2013,27.77
4/29/2013,26.98
4/26/2013,26.85
4/25/2013,26.14
4/24/2013,26.11
4/23/2013,25.98
4/22/2013,25.97
4/19/2013,25.73
4/18/2013,25.69
4/17/2013,26.62
4/16/2013,26.92
4/15/2013,26.52
4/12/2013,27.4
4/11/2013,28.02
4/10/2013,27.57
4/9/2013,26.59
4/8/2013,26.85
4/5/2013,27.39
4/4/2013,27.07
4/3/2013,26.25
4/2/2013,25.42
4/1/2013,25.53
3/28/2013,25.58
3/27/2013,26.09
3/26/2013,25.2
3/25/2013,25.13
3/22/2013,25.73
3/21/2013,25.74
3/20/2013,25.86
3/19/2013,26.55
3/18/2013,26.49
3/15/2013,26.64
3/14/2013,27.04
3/13/2013,27.08
3/12/2013,27.83
3/11/2013,28.14
3/8/2013,27.96
3/7/2013,28.58
3/6/2013,27.45
3/5/2013,27.52
3/4/2013,27.72
3/1/2013,27.78
2/28/2013,27.25
2/27/2013,26.87
2/26/2013,27.39
2/25/2013,27.27
2/22/2013,27.13
2/21/2013,27.28
2/20/2013,28.46
2/19/2013,28.93
2/15/2013,28.32
2/14/2013,28.5
2/13/2013,27.91
2/12/2013,27.37
2/11/2013,28.26
2/8/2013,28.55
2/7/2013,28.65
2/6/2013,29.05
2/5/2013,28.64
2/4/2013,28.11
2/1/2013,29.73
1/31/2013,30.98
1/30/2013,31.24
1/29/2013,30.79
1/28/2013,32.47
1/25/2013,31.54
1/24/2013,31.08
1/23/2013,30.82
1/22/2013,30.73
1/18/2013,29.66
1/17/2013,30.14
1/16/2013,29.85
1/15/2013,30.1
1/14/2013,30.95
1/11/2013,31.72
1/10/2013,31.3
1/9/2013,30.59
1/8/2013,29.06
1/7/2013,29.42
1/4/2013,28.76
1/3/2013,27.77
1/2/2013,28
12/31/2012,26.62
12/28/2012,25.91
12/27/2012,26.05
12/26/2012,26.51
12/24/2012,26.93
12/21/2012,26.26
12/20/2012,27.36
12/19/2012,27.41
12/18/2012,27.71
12/17/2012,26.75
12/14/2012,26.81
12/13/2012,28.24
12/12/2012,27.58
12/11/2012,27.98
12/10/2012,27.84
12/7/2012,27.48
12/6/2012,26.97
12/5/2012,27.71
12/4/2012,27.46
12/3/2012,27.04
11/30/2012,28
11/29/2012,27.32
11/28/2012,26.36
11/27/2012,26.15
11/26/2012,25.94
11/23/2012,24
11/21/2012,24.32
11/20/2012,23.1
11/19/2012,22.92
11/16/2012,23.56
11/15/2012,22.17
11/14/2012,22.36
11/13/2012,19.86
11/12/2012,20.07
11/9/2012,19.21
11/8/2012,19.99
11/7/2012,20.47
11/6/2012,21.17
11/5/2012,21.25
11/2/2012,21.18
11/1/2012,21.21
10/31/2012,21.11
10/26/2012,21.94
10/25/2012,22.56
10/24/2012,23.23
10/23/2012,19.5
10/22/2012,19.32
10/19/2012,19
10/18/2012,18.98
10/17/2012,19.88
10/16/2012,19.48
10/15/2012,19.52
10/12/2012,19.52
10/11/2012,19.75
10/10/2012,19.64
10/9/2012,20.23
10/8/2012,20.4
10/5/2012,20.91
10/4/2012,21.95
10/3/2012,21.83
10/2/2012,22.27
10/1/2012,21.99
9/28/2012,21.66
9/27/2012,20.32
9/26/2012,20.62
9/25/2012,20.28
9/24/2012,20.79
9/21/2012,22.86
9/20/2012,22.59
9/19/2012,23.29
9/18/2012,21.87
9/17/2012,21.52
9/14/2012,22
9/13/2012,20.71
9/12/2012,20.93
9/11/2012,19.43
9/10/2012,18.81
9/7/2012,18.98
9/6/2012,18.96
9/5/2012,18.58
9/4/2012,17.73
8/31/2012,18.06
8/30/2012,19.09
8/29/2012,19.1
8/28/2012,19.34
8/27/2012,19.15
8/24/2012,19.41
8/23/2012,19.44
8/22/2012,19.44
8/21/2012,19.16
8/20/2012,20.01
8/17/2012,19.05
8/16/2012,19.87
8/15/2012,21.2
8/14/2012,20.38
8/13/2012,21.6
8/10/2012,21.81
8/9/2012,21.01
8/8/2012,20.72
8/7/2012,20.72
8/6/2012,21.92
8/3/2012,21.09
8/2/2012,20.04
8/1/2012,20.88
7/31/2012,21.71
7/30/2012,23.15
7/27/2012,23.7
7/26/2012,26.84
7/25/2012,29.34
7/24/2012,28.45
7/23/2012,28.75
7/20/2012,28.76
7/19/2012,29
7/18/2012,29.11
7/17/2012,28.09
7/16/2012,28.25
7/13/2012,30.72
7/12/2012,30.81
7/11/2012,30.97
7/10/2012,31.47
7/9/2012,32.17
7/6/2012,31.73
7/5/2012,31.47
7/3/2012,31.2
7/2/2012,30.77
6/29/2012,31.09
6/28/2012,31.36
6/27/2012,32.23
6/26/2012,33.1
6/25/2012,32.06
6/22/2012,33.05
6/21/2012,31.84
6/20/2012,31.6
6/19/2012,31.91
6/18/2012,31.41
6/15/2012,30.01
6/14/2012,28.29
6/13/2012,27.27
6/12/2012,27.4
6/11/2012,27
6/8/2012,27.1
6/7/2012,26.31
6/6/2012,26.81
6/5/2012,25.87
6/4/2012,26.9
6/1/2012,27.72
5/31/2012,29.6
5/30/2012,28.19
5/29/2012,28.84
5/25/2012,31.91
5/24/2012,33.03
5/23/2012,32
5/22/2012,31
5/21/2012,34.03
5/18/2012,38.23
