Date,Price
5/20/2025,458.17
5/19/2025,458.87
5/16/2025,454.27
5/15/2025,453.13
5/14/2025,452.94
5/13/2025,449.14
5/12/2025,449.26
5/9/2025,438.73
5/8/2025,438.17
5/7/2025,433.35
5/6/2025,433.31
5/5/2025,436.17
5/2/2025,435.28
5/1/2025,425.4
4/30/2025,395.26
4/29/2025,394.04
4/28/2025,391.16
4/25/2025,391.85
4/24/2025,387.3
4/23/2025,374.39
4/22/2025,366.82
4/21/2025,359.12
4/17/2025,367.78
4/16/2025,371.61
4/15/2025,385.73
4/14/2025,387.81
4/11/2025,388.45
4/10/2025,381.35
4/9/2025,390.49
4/8/2025,354.56
4/7/2025,357.86
4/4/2025,359.84
4/3/2025,373.11
4/2/2025,382.14
4/1/2025,382.19
3/31/2025,375.39
3/28/2025,378.8
3/27/2025,390.58
3/26/2025,389.97
3/25/2025,395.16
3/24/2025,393.08
3/21/2025,391.26
3/20/2025,386.84
3/19/2025,387.82
3/18/2025,383.52
3/17/2025,388.7
3/14/2025,388.56
3/13/2025,378.77
3/12/2025,383.27
3/11/2025,380.45
3/10/2025,380.16
3/7/2025,393.31
3/6/2025,396.89
3/5/2025,401.02
3/4/2025,388.61
3/3/2025,388.49
2/28/2025,396.99
2/27/2025,392.53
2/26/2025,399.73
2/25/2025,397.9
2/24/2025,404
2/21/2025,408.21
2/20/2025,416.13
2/19/2025,414.77
2/18/2025,409.64
2/14/2025,408.43
2/13/2025,410.54
2/12/2025,409.04
2/11/2025,411.44
2/10/2025,412.22
2/7/2025,409.75
2/6/2025,415.82
2/5/2025,413.29
2/4/2025,412.37
2/3/2025,410.92
1/31/2025,415.06
1/30/2025,414.99
1/29/2025,442.33
1/28/2025,447.2
1/27/2025,434.56
1/24/2025,444.06
1/23/2025,446.71
1/22/2025,446.2
1/21/2025,428.5
1/17/2025,429.03
1/16/2025,424.58
1/15/2025,426.31
1/14/2025,415.67
1/13/2025,417.19
1/10/2025,418.95
1/8/2025,424.56
1/7/2025,422.37
1/6/2025,427.85
1/3/2025,423.35
1/2/2025,418.58
12/31/2024,421.5
12/30/2024,424.83
12/27/2024,430.53
12/26/2024,438.11
12/24/2024,439.33
12/23/2024,435.25
12/20/2024,436.6
12/19/2024,437.03
12/18/2024,437.39
12/17/2024,454.46
12/16/2024,451.59
12/13/2024,447.27
12/12/2024,449.56
12/11/2024,448.99
12/10/2024,443.33
12/9/2024,446.02
12/6/2024,443.57
12/5/2024,442.62
12/4/2024,437.42
12/3/2024,431.2
12/2/2024,430.98
11/29/2024,423.46
11/27/2024,422.99
11/26/2024,427.99
11/25/2024,418.79
11/22/2024,417
11/21/2024,412.87
11/20/2024,415.49
11/19/2024,417.79
11/18/2024,415.76
11/15/2024,415
11/14/2024,426.89
11/13/2024,425.2
11/12/2024,423.03
11/11/2024,418.01
11/8/2024,422.54
11/7/2024,425.43
11/6/2024,420.18
11/5/2024,411.46
11/4/2024,408.46
11/1/2024,410.37
10/31/2024,406.35
10/30/2024,432.53
10/29/2024,431.95
10/28/2024,426.59
10/25/2024,428.15
10/24/2024,424.73
10/23/2024,424.6
10/22/2024,427.51
10/21/2024,418.78
10/18/2024,418.16
10/17/2024,416.72
10/16/2024,416.12
10/15/2024,418.74
10/14/2024,419.14
10/11/2024,416.32
10/10/2024,415.84
10/9/2024,417.46
10/8/2024,414.71
10/7/2024,409.54
10/4/2024,416.06
10/3/2024,416.54
10/2/2024,417.13
10/1/2024,420.69
9/30/2024,430.3
9/27/2024,428.02
9/26/2024,431.31
9/25/2024,432.11
9/24/2024,429.17
9/23/2024,433.51
9/20/2024,435.27
9/19/2024,438.69
9/18/2024,430.81
9/17/2024,435.15
9/16/2024,431.34
9/13/2024,430.59
9/12/2024,427
9/11/2024,423.04
9/10/2024,414.2
9/9/2024,405.72
9/6/2024,401.7
9/5/2024,408.39
9/4/2024,408.9
9/3/2024,409.44
8/30/2024,417.14
8/29/2024,413.12
8/28/2024,410.6
8/27/2024,413.84
8/26/2024,413.49
8/23/2024,416.79
8/22/2024,415.55
8/21/2024,424.14
8/20/2024,424.8
8/19/2024,421.53
8/16/2024,418.47
8/15/2024,421.03
8/14/2024,416.86
8/13/2024,414.01
8/12/2024,406.81
8/9/2024,406.02
8/8/2024,402.69
8/7/2024,398.43
8/6/2024,399.61
8/5/2024,395.15
8/2/2024,408.49
8/1/2024,417.11
7/31/2024,418.35
7/30/2024,422.92
7/29/2024,426.73
7/26/2024,425.27
7/25/2024,418.4
7/24/2024,428.9
7/23/2024,444.85
7/22/2024,442.94
7/19/2024,437.11
7/18/2024,440.37
7/17/2024,443.52
7/16/2024,449.52
7/15/2024,453.96
7/12/2024,453.55
7/11/2024,454.7
7/10/2024,466.25
7/9/2024,459.54
7/8/2024,466.24
7/5/2024,467.56
7/3/2024,460.77
7/2/2024,459.28
7/1/2024,456.73
6/28/2024,446.95
6/27/2024,452.85
6/26/2024,452.16
6/25/2024,450.95
6/24/2024,447.67
6/21/2024,449.78
6/20/2024,445.7
6/18/2024,446.34
6/17/2024,448.37
6/14/2024,442.57
6/13/2024,441.58
6/12/2024,441.06
6/11/2024,432.68
6/10/2024,427.87
6/7/2024,423.85
6/6/2024,424.52
6/5/2024,424.01
6/4/2024,416.07
6/3/2024,413.52
5/31/2024,415.13
5/30/2024,414.67
5/29/2024,429.17
5/28/2024,430.32
5/24/2024,430.16
5/23/2024,427
5/22/2024,430.52
5/21/2024,429.04
5/20/2024,425.34
5/17/2024,420.21
5/16/2024,420.99
5/15/2024,423.08
5/14/2024,416.56
5/13/2024,413.72
5/10/2024,414.74
5/9/2024,412.32
5/8/2024,410.54
5/7/2024,409.34
5/6/2024,413.54
5/3/2024,406.66
5/2/2024,397.84
5/1/2024,394.94
4/30/2024,389.33
4/29/2024,402.25
4/26/2024,406.32
4/25/2024,399.04
4/24/2024,409.06
4/23/2024,407.57
4/22/2024,400.96
4/19/2024,399.12
4/18/2024,404.27
4/17/2024,411.84
4/16/2024,414.58
4/15/2024,413.64
4/12/2024,421.9
4/11/2024,427.93
4/10/2024,423.26
4/9/2024,426.28
4/8/2024,424.59
4/5/2024,425.52
4/4/2024,417.88
4/3/2024,420.45
4/2/2024,421.44
4/1/2024,424.57
3/28/2024,420.72
3/27/2024,421.43
3/26/2024,421.65
3/25/2024,422.86
3/22/2024,428.74
3/21/2024,429.37
3/20/2024,425.23
3/19/2024,421.41
3/18/2024,417.32
3/15/2024,416.42
3/14/2024,425.22
3/13/2024,415.1
3/12/2024,415.28
3/11/2024,404.52
3/8/2024,406.22
3/7/2024,409.14
3/6/2024,402.09
3/5/2024,402.65
3/4/2024,414.92
3/1/2024,415.5
2/29/2024,413.64
2/28/2024,407.72
2/27/2024,407.48
2/26/2024,407.54
2/23/2024,410.34
2/22/2024,411.65
2/21/2024,402.18
2/20/2024,402.79
2/16/2024,404.06
2/15/2024,406.56
2/14/2024,409.49
2/13/2024,406.32
2/12/2024,415.26
2/9/2024,420.55
2/8/2024,414.11
2/7/2024,414.05
2/6/2024,405.49
2/5/2024,405.65
2/2/2024,411.22
2/1/2024,403.78
1/31/2024,397.58
1/30/2024,408.59
1/29/2024,409.72
1/26/2024,403.93
1/25/2024,404.87
1/24/2024,402.56
1/23/2024,398.9
1/22/2024,396.51
1/19/2024,398.67
1/18/2024,393.87
1/17/2024,389.47
1/16/2024,390.27
1/12/2024,388.47
1/11/2024,384.63
1/10/2024,382.77
1/9/2024,375.79
1/8/2024,374.69
1/5/2024,367.75
1/4/2024,367.94
1/3/2024,370.6
1/2/2024,370.87
12/29/2023,376.04
12/28/2023,375.28
12/27/2023,374.07
12/26/2023,374.66
12/22/2023,374.58
12/21/2023,373.54
12/20/2023,370.62
12/19/2023,373.26
12/18/2023,372.65
12/15/2023,370.73
12/14/2023,365.93
12/13/2023,374.37
12/12/2023,374.38
12/11/2023,371.3
12/8/2023,374.23
12/7/2023,370.95
12/6/2023,368.8
12/5/2023,372.52
12/4/2023,369.14
12/1/2023,374.51
11/30/2023,378.91
11/29/2023,378.85
11/28/2023,382.7
11/27/2023,378.61
11/24/2023,377.43
11/22/2023,377.85
11/21/2023,373.07
11/20/2023,377.44
11/17/2023,369.85
11/16/2023,376.17
11/15/2023,369.67
11/14/2023,370.27
11/13/2023,366.68
11/10/2023,369.67
11/9/2023,360.69
11/8/2023,363.2
11/7/2023,360.53
11/6/2023,356.53
11/3/2023,352.8
11/2/2023,348.32
11/1/2023,346.07
10/31/2023,338.11
10/30/2023,337.31
10/27/2023,329.81
10/26/2023,327.89
10/25/2023,340.67
10/24/2023,330.53
10/23/2023,329.32
10/20/2023,326.67
10/19/2023,331.32
10/18/2023,330.11
10/17/2023,332.06
10/16/2023,332.64
10/13/2023,327.73
10/12/2023,331.16
10/11/2023,332.42
10/10/2023,328.39
10/9/2023,329.82
10/6/2023,327.26
10/5/2023,319.36
10/4/2023,318.95
10/3/2023,313.39
10/2/2023,321.8
9/29/2023,315.75
9/28/2023,313.64
9/27/2023,312.79
9/26/2023,312.14
9/25/2023,317.54
9/22/2023,317.01
9/21/2023,319.53
9/20/2023,320.77
9/19/2023,328.65
9/18/2023,329.06
9/15/2023,330.22
9/14/2023,338.7
9/13/2023,336.06
9/12/2023,331.77
9/11/2023,337.94
9/8/2023,334.27
9/7/2023,329.91
9/6/2023,332.88
9/5/2023,333.55
9/1/2023,328.66
8/31/2023,327.76
8/30/2023,328.79
8/29/2023,328.41
8/28/2023,323.7
8/25/2023,322.98
8/24/2023,319.97
8/23/2023,327
8/22/2023,322.46
8/21/2023,321.88
8/18/2023,316.48
8/17/2023,316.88
8/16/2023,320.4
8/15/2023,321.86
8/14/2023,324.04
8/11/2023,321.01
8/10/2023,322.93
8/9/2023,322.23
8/8/2023,326.05
8/7/2023,330.11
8/4/2023,327.78
8/3/2023,326.66
8/2/2023,327.5
8/1/2023,336.34
7/31/2023,335.92
7/28/2023,338.37
7/27/2023,330.72
7/26/2023,337.77
7/25/2023,350.98
7/24/2023,345.11
7/21/2023,343.77
7/20/2023,346.87
7/19/2023,355.08
7/18/2023,359.49
7/17/2023,345.73
7/14/2023,345.24
7/13/2023,342.66
7/12/2023,337.2
7/11/2023,332.47
7/10/2023,331.83
7/7/2023,337.22
7/6/2023,341.27
7/5/2023,338.15
7/3/2023,337.99
6/30/2023,340.54
6/29/2023,335.05
6/28/2023,335.85
6/27/2023,334.57
6/26/2023,328.6
6/23/2023,335.02
6/22/2023,339.71
6/21/2023,333.56
6/20/2023,338.05
6/16/2023,342.33
6/15/2023,348.1
6/14/2023,337.34
6/13/2023,334.29
6/12/2023,331.85
6/9/2023,326.79
6/8/2023,325.26
6/7/2023,323.38
6/6/2023,333.68
6/5/2023,335.94
6/2/2023,335.4
6/1/2023,332.58
5/31/2023,328.39
5/30/2023,331.21
5/26/2023,332.89
5/25/2023,325.92
5/24/2023,313.85
5/23/2023,315.26
5/22/2023,321.18
5/19/2023,318.34
5/18/2023,318.52
5/17/2023,314
5/16/2023,311.74
5/15/2023,309.46
5/12/2023,308.97
5/11/2023,310.11
5/10/2023,312.31
5/9/2023,307
5/8/2023,308.65
5/5/2023,310.65
5/4/2023,305.41
5/3/2023,304.4
5/2/2023,305.41
5/1/2023,305.56
4/28/2023,307.26
4/27/2023,304.83
4/26/2023,295.37
4/25/2023,275.42
4/24/2023,281.77
4/21/2023,285.76
4/20/2023,286.11
4/19/2023,288.45
4/18/2023,288.37
4/17/2023,288.8
4/14/2023,286.14
4/13/2023,289.84
4/12/2023,283.49
4/11/2023,282.83
4/10/2023,289.39
4/6/2023,291.6
4/5/2023,284.34
4/4/2023,287.18
4/3/2023,287.23
3/31/2023,288.3
3/30/2023,284.05
3/29/2023,280.51
3/28/2023,275.23
3/27/2023,276.38
3/24/2023,280.57
3/23/2023,277.66
3/22/2023,272.29
3/21/2023,273.78
3/20/2023,272.23
3/17/2023,279.43
3/16/2023,276.2
3/15/2023,265.44
3/14/2023,260.79
3/13/2023,253.92
3/10/2023,248.59
3/9/2023,252.32
3/8/2023,253.7
3/7/2023,254.15
3/6/2023,256.87
3/3/2023,255.29
3/2/2023,251.11
3/1/2023,246.27
2/28/2023,249.42
2/27/2023,250.16
2/24/2023,249.22
2/23/2023,254.77
2/22/2023,251.51
2/21/2023,252.67
2/17/2023,258.06
2/16/2023,262.15
2/15/2023,269.32
2/14/2023,272.17
2/13/2023,271.32
2/10/2023,263.1
2/9/2023,263.62
2/8/2023,266.73
2/7/2023,267.56
2/6/2023,256.77
2/3/2023,258.35
2/2/2023,264.6
2/1/2023,252.75
1/31/2023,247.81
1/30/2023,242.71
1/27/2023,248.16
1/26/2023,248
1/25/2023,240.61
1/24/2023,242.04
1/23/2023,242.58
1/20/2023,240.22
1/19/2023,231.93
1/18/2023,235.81
1/17/2023,240.35
1/13/2023,239.23
1/12/2023,238.51
1/11/2023,235.77
1/10/2023,228.85
1/9/2023,227.12
1/6/2023,224.93
1/5/2023,222.31
1/4/2023,229.1
1/3/2023,239.58
12/30/2022,239.82
12/29/2022,241.01
12/28/2022,234.53
12/27/2022,236.96
12/23/2022,238.73
12/22/2022,238.19
12/21/2022,244.43
12/20/2022,241.8
12/19/2022,240.45
12/16/2022,244.69
12/15/2022,249.01
12/14/2022,257.22
12/13/2022,256.92
12/12/2022,252.51
12/9/2022,245.42
12/8/2022,247.4
12/7/2022,244.37
12/6/2022,245.12
12/5/2022,250.2
12/2/2022,255.02
12/1/2022,254.69
11/30/2022,255.14
11/29/2022,240.33
11/28/2022,241.76
11/25/2022,247.49
11/23/2022,247.58
11/22/2022,245.03
11/21/2022,242.05
11/18/2022,241.22
11/17/2022,241.68
11/16/2022,241.73
11/15/2022,241.97
11/14/2022,241.55
11/11/2022,247.11
11/10/2022,242.98
11/9/2022,224.51
11/8/2022,228.87
11/7/2022,227.87
11/4/2022,221.39
11/3/2022,214.25
11/2/2022,220.1
11/1/2022,228.17
10/31/2022,232.13
10/28/2022,235.87
10/27/2022,226.75
10/26/2022,231.32
10/25/2022,250.66
10/24/2022,247.25
10/21/2022,242.12
10/20/2022,236.15
10/19/2022,236.48
10/18/2022,238.5
10/17/2022,237.53
10/14/2022,228.56
10/13/2022,234.24
10/12/2022,225.75
10/11/2022,225.41
10/10/2022,229.25
10/7/2022,234.24
10/6/2022,246.79
10/5/2022,249.2
10/4/2022,248.88
10/3/2022,240.74
9/30/2022,232.9
9/29/2022,237.5
9/28/2022,241.07
9/27/2022,236.41
9/26/2022,237.45
9/23/2022,237.92
9/22/2022,240.98
9/21/2022,238.95
9/20/2022,242.45
9/19/2022,244.52
9/16/2022,244.74
9/15/2022,245.38
9/14/2022,252.22
9/13/2022,251.99
9/12/2022,266.65
9/9/2022,264.46
9/8/2022,258.52
9/7/2022,258.09
9/6/2022,253.25
9/2/2022,256.06
9/1/2022,260.4
8/31/2022,261.47
8/30/2022,262.97
8/29/2022,265.23
8/26/2022,268.09
8/25/2022,278.85
8/24/2022,275.79
8/23/2022,276.44
8/22/2022,277.75
8/19/2022,286.15
8/18/2022,290.17
8/17/2022,291.32
8/16/2022,292.71
8/15/2022,293.47
8/12/2022,291.91
8/11/2022,287.02
8/10/2022,289.16
8/9/2022,282.3
8/8/2022,280.32
8/5/2022,282.91
8/4/2022,283.65
8/3/2022,282.47
8/2/2022,274.82
8/1/2022,278.01
7/29/2022,280.74
7/28/2022,276.41
7/27/2022,268.74
7/26/2022,251.9
7/25/2022,258.83
7/22/2022,260.36
7/21/2022,264.84
7/20/2022,262.27
7/19/2022,259.53
7/18/2022,254.25
7/15/2022,256.72
7/14/2022,254.08
7/13/2022,252.72
7/12/2022,253.67
7/11/2022,264.51
7/8/2022,267.66
7/7/2022,268.4
7/6/2022,266.21
7/5/2022,262.85
7/1/2022,259.58
6/30/2022,256.83
6/29/2022,260.26
6/28/2022,256.48
6/27/2022,264.89
6/24/2022,267.7
6/23/2022,258.86
6/22/2022,253.13
6/21/2022,253.74
6/17/2022,247.65
6/16/2022,244.97
6/15/2022,251.76
6/14/2022,244.49
6/13/2022,242.26
6/10/2022,252.99
6/9/2022,264.79
6/8/2022,270.41
6/7/2022,272.5
6/6/2022,268.75
6/3/2022,270.02
6/2/2022,274.58
6/1/2022,272.42
5/31/2022,271.87
5/27/2022,273.24
5/26/2022,265.9
5/25/2022,262.52
5/24/2022,259.62
5/23/2022,260.65
5/20/2022,252.56
5/19/2022,253.14
5/18/2022,254.08
5/17/2022,266.82
5/16/2022,261.5
5/13/2022,261.12
5/12/2022,255.35
5/11/2022,260.55
5/10/2022,269.5
5/9/2022,264.58
5/6/2022,274.73
5/5/2022,277.35
5/4/2022,289.98
5/3/2022,281.78
5/2/2022,284.47
4/29/2022,277.52
4/28/2022,289.63
4/27/2022,283.22
4/26/2022,270.22
4/25/2022,280.72
4/22/2022,274.03
4/21/2022,280.81
4/20/2022,286.36
4/19/2022,285.3
4/18/2022,280.52
4/14/2022,279.83
4/13/2022,287.62
4/12/2022,282.06
4/11/2022,285.26
4/8/2022,296.97
4/7/2022,301.37
4/6/2022,299.5
4/5/2022,310.88
4/4/2022,314.97
4/1/2022,309.42
3/31/2022,308.31
3/30/2022,313.86
3/29/2022,315.41
3/28/2022,310.7
3/25/2022,303.68
3/24/2022,304.1
3/23/2022,299.49
3/22/2022,304.06
3/21/2022,299.16
3/18/2022,300.43
3/17/2022,295.22
3/16/2022,294.39
3/15/2022,287.15
3/14/2022,276.44
3/11/2022,280.07
3/10/2022,285.59
3/9/2022,288.5
3/8/2022,275.85
3/7/2022,278.91
3/4/2022,289.86
3/3/2022,295.92
3/2/2022,300.19
3/1/2022,294.95
2/28/2022,298.79
2/25/2022,297.31
2/24/2022,294.59
2/23/2022,280.27
2/22/2022,287.72
2/18/2022,287.93
2/17/2022,290.73
2/16/2022,299.5
2/15/2022,300.47
2/14/2022,295
2/11/2022,295.04
2/10/2022,302.38
2/9/2022,311.21
2/8/2022,304.56
2/7/2022,300.95
2/4/2022,305.94
2/3/2022,301.25
2/2/2022,313.46
2/1/2022,308.76
1/31/2022,310.98
1/28/2022,308.26
1/27/2022,299.84
1/26/2022,296.71
1/25/2022,288.49
1/24/2022,296.37
1/21/2022,296.03
1/20/2022,301.6
1/19/2022,303.33
1/18/2022,302.65
1/14/2022,310.2
1/13/2022,304.8
1/12/2022,318.27
1/11/2022,314.98
1/10/2022,314.27
1/7/2022,314.04
1/6/2022,313.88
1/5/2022,316.38
1/4/2022,329.01
1/3/2022,334.75
12/31/2021,336.32
12/30/2021,339.32
12/29/2021,341.95
12/28/2021,341.25
12/27/2021,342.45
12/23/2021,334.69
12/22/2021,333.2
12/21/2021,327.29
12/20/2021,319.91
12/17/2021,323.8
12/16/2021,324.9
12/15/2021,334.65
12/14/2021,328.34
12/13/2021,339.4
12/10/2021,342.54
12/9/2021,333.1
12/8/2021,334.97
12/7/2021,334.92
12/6/2021,326.19
12/3/2021,323.01
12/2/2021,329.49
12/1/2021,330.08
11/30/2021,330.59
11/29/2021,336.63
11/26/2021,329.68
11/24/2021,337.91
11/23/2021,337.68
11/22/2021,339.83
11/19/2021,343.11
11/18/2021,341.27
11/17/2021,339.12
11/16/2021,339.51
11/15/2021,336.07
11/12/2021,336.72
11/11/2021,332.43
11/10/2021,330.8
11/9/2021,335.95
11/8/2021,336.99
11/5/2021,336.06
11/4/2021,336.44
11/3/2021,334
11/2/2021,333.13
11/1/2021,329.37
10/29/2021,331.62
10/28/2021,324.35
10/27/2021,323.17
10/26/2021,310.11
10/25/2021,308.13
10/22/2021,309.16
10/21/2021,310.76
10/20/2021,307.41
10/19/2021,308.23
10/18/2021,307.29
10/15/2021,304.21
10/14/2021,302.75
10/13/2021,296.31
10/12/2021,292.88
10/11/2021,294.23
10/8/2021,294.85
10/7/2021,294.85
10/6/2021,293.11
10/5/2021,288.76
10/4/2021,283.11
10/1/2021,289.1
9/30/2021,281.92
9/29/2021,284
9/28/2021,283.52
9/27/2021,294.17
9/24/2021,299.35
9/23/2021,299.56
9/22/2021,298.58
9/21/2021,294.8
9/20/2021,294.3
9/17/2021,299.87
9/16/2021,305.22
9/15/2021,304.82
9/14/2021,299.79
9/13/2021,296.99
9/10/2021,295.71
9/9/2021,297.25
9/8/2021,300.21
9/7/2021,300.18
9/3/2021,301.14
9/2/2021,301.15
9/1/2021,301.83
8/31/2021,301.88
8/30/2021,303.59
8/27/2021,299.72
8/26/2021,299.09
8/25/2021,302.01
8/24/2021,302.62
8/23/2021,304.65
8/20/2021,304.36
8/19/2021,296.77
8/18/2021,290.73
8/17/2021,293.08
8/16/2021,294.6
8/13/2021,292.85
8/12/2021,289.81
8/11/2021,286.95
8/10/2021,286.44
8/9/2021,288.33
8/6/2021,289.46
8/5/2021,289.52
8/4/2021,286.51
8/3/2021,287.12
8/2/2021,284.82
7/30/2021,284.91
7/29/2021,286.5
7/28/2021,286.22
7/27/2021,286.54
7/26/2021,289.05
7/23/2021,289.67
7/22/2021,286.14
7/21/2021,281.4
7/20/2021,279.32
7/19/2021,277.01
7/16/2021,280.75
7/15/2021,281.03
7/14/2021,282.51
7/13/2021,280.98
7/12/2021,277.32
7/9/2021,277.94
7/8/2021,277.42
7/7/2021,279.93
7/6/2021,277.66
7/2/2021,277.65
7/1/2021,271.6
6/30/2021,270.9
6/29/2021,271.4
6/28/2021,268.72
6/25/2021,265.02
6/24/2021,266.69
6/23/2021,265.27
6/22/2021,265.51
6/21/2021,262.63
6/18/2021,259.43
6/17/2021,260.9
6/16/2021,257.38
6/15/2021,258.36
6/14/2021,259.89
6/11/2021,257.89
6/10/2021,257.24
6/9/2021,253.59
6/8/2021,252.57
6/7/2021,253.81
6/4/2021,250.79
6/3/2021,245.71
6/2/2021,247.3
6/1/2021,247.4
5/28/2021,249.68
5/27/2021,249.31
5/26/2021,251.49
5/25/2021,251.72
5/24/2021,250.78
5/21/2021,245.17
5/20/2021,246.48
5/19/2021,243.12
5/18/2021,243.08
5/17/2021,245.18
5/14/2021,248.15
5/13/2021,243.03
5/12/2021,239
5/11/2021,246.23
5/10/2021,247.18
5/7/2021,252.46
5/6/2021,249.73
5/5/2021,246.47
5/4/2021,247.79
5/3/2021,251.86
4/30/2021,252.18
4/29/2021,252.51
4/28/2021,254.56
4/27/2021,261.97
4/26/2021,261.55
4/23/2021,261.15
4/22/2021,257.17
4/21/2021,260.58
4/20/2021,258.26
4/19/2021,258.74
4/16/2021,260.74
4/15/2021,259.5
4/14/2021,255.59
4/13/2021,258.49
4/12/2021,255.91
4/9/2021,255.85
4/8/2021,253.25
4/7/2021,249.9
4/6/2021,247.86
4/5/2021,249.07
4/1/2021,242.35
3/31/2021,235.77
3/30/2021,231.85
3/29/2021,235.24
3/26/2021,236.48
3/25/2021,232.34
3/24/2021,235.46
3/23/2021,237.58
3/22/2021,235.99
3/19/2021,230.35
3/18/2021,230.72
3/17/2021,237.04
3/16/2021,237.71
3/15/2021,234.81
3/12/2021,235.75
3/11/2021,237.13
3/10/2021,232.42
3/9/2021,233.78
3/8/2021,227.39
3/5/2021,231.6
3/4/2021,226.73
3/3/2021,227.56
3/2/2021,233.87
3/1/2021,236.94
2/26/2021,232.38
2/25/2021,228.99
2/24/2021,234.55
2/23/2021,233.27
2/22/2021,234.51
2/19/2021,240.97
2/18/2021,243.79
2/17/2021,244.2
2/16/2021,243.7
2/12/2021,244.99
2/11/2021,244.49
2/10/2021,242.82
2/9/2021,243.77
2/8/2021,242.47
2/5/2021,242.2
2/4/2021,242.01
2/3/2021,243
2/2/2021,239.51
2/1/2021,239.65
1/29/2021,231.96
1/28/2021,238.93
1/27/2021,232.9
1/26/2021,232.33
1/25/2021,229.53
1/22/2021,225.95
1/21/2021,224.97
1/20/2021,224.34
1/19/2021,216.44
1/15/2021,212.65
1/14/2021,213.02
1/13/2021,216.34
1/12/2021,214.93
1/11/2021,217.49
1/8/2021,219.62
1/7/2021,218.29
1/6/2021,212.25
1/5/2021,217.9
1/4/2021,217.69
12/31/2020,222.42
12/30/2020,221.68
12/29/2020,224.15
12/28/2020,224.96
12/24/2020,222.75
12/23/2020,221.02
12/22/2020,223.94
12/21/2020,222.59
12/18/2020,218.59
12/17/2020,219.42
12/16/2020,219.28
12/15/2020,214.13
12/14/2020,214.2
12/11/2020,213.26
12/10/2020,210.52
12/9/2020,211.8
12/8/2020,216.01
12/7/2020,214.29
12/4/2020,214.36
12/3/2020,214.24
12/2/2020,215.37
12/1/2020,216.21
11/30/2020,214.07
11/27/2020,215.23
11/25/2020,213.87
11/24/2020,213.86
11/23/2020,210.11
11/20/2020,210.39
11/19/2020,212.42
11/18/2020,211.08
11/17/2020,214.46
11/16/2020,217.23
11/13/2020,216.51
11/12/2020,215.44
11/11/2020,216.55
11/10/2020,211.01
11/9/2020,218.39
11/6/2020,223.72
11/5/2020,223.29
11/4/2020,216.39
11/3/2020,206.43
11/2/2020,202.33
10/30/2020,202.47
10/29/2020,204.72
10/28/2020,202.68
10/27/2020,213.25
10/26/2020,210.08
10/23/2020,216.23
10/22/2020,214.89
10/21/2020,214.8
10/20/2020,214.65
10/19/2020,214.22
10/16/2020,219.66
10/15/2020,219.66
10/14/2020,220.86
10/13/2020,222.86
10/12/2020,221.4
10/9/2020,215.81
10/8/2020,210.58
10/7/2020,209.83
10/6/2020,205.91
10/5/2020,210.38
10/2/2020,206.19
10/1/2020,212.46
9/30/2020,210.33
9/29/2020,207.26
9/28/2020,209.44
9/25/2020,207.82
9/24/2020,203.19
9/23/2020,200.59
9/22/2020,207.42
9/21/2020,202.54
9/18/2020,200.39
9/17/2020,202.91
9/16/2020,205.05
9/15/2020,208.78
9/14/2020,205.41
9/11/2020,204.03
9/10/2020,205.37
9/9/2020,211.29
9/8/2020,202.66
9/4/2020,214.25
9/3/2020,217.3
9/2/2020,231.65
9/1/2020,227.27
8/31/2020,225.53
8/28/2020,228.91
8/27/2020,226.58
8/26/2020,221.15
8/25/2020,216.47
8/24/2020,213.69
8/21/2020,213.02
8/20/2020,214.58
8/19/2020,209.7
8/18/2020,211.49
8/17/2020,210.28
8/14/2020,208.9
8/13/2020,208.7
8/12/2020,209.19
8/11/2020,203.38
8/10/2020,208.25
8/7/2020,212.48
8/6/2020,216.35
8/5/2020,212.94
8/4/2020,213.29
8/3/2020,216.54
7/31/2020,205.01
7/30/2020,203.9
7/29/2020,204.06
7/28/2020,202.02
7/27/2020,203.85
7/24/2020,201.3
7/23/2020,202.54
7/22/2020,211.75
7/21/2020,208.75
7/20/2020,211.6
7/17/2020,202.88
7/16/2020,203.92
7/15/2020,208.04
7/14/2020,208.35
7/13/2020,207.07
7/10/2020,213.67
7/9/2020,214.32
7/8/2020,212.83
7/7/2020,208.25
7/6/2020,210.7
7/2/2020,206.26
7/1/2020,204.7
6/30/2020,203.51
6/29/2020,198.44
6/26/2020,196.33
6/25/2020,200.34
6/24/2020,197.84
6/23/2020,201.91
6/22/2020,200.57
6/19/2020,195.15
6/18/2020,196.32
6/17/2020,194.24
6/16/2020,193.57
6/15/2020,188.94
6/12/2020,187.74
6/11/2020,186.27
6/10/2020,196.84
6/9/2020,189.8
6/8/2020,188.36
6/5/2020,187.2
6/4/2020,182.92
6/3/2020,185.36
6/2/2020,184.91
6/1/2020,182.83
5/29/2020,183.25
5/28/2020,181.4
5/27/2020,181.81
5/26/2020,181.57
5/22/2020,183.51
5/21/2020,183.43
5/20/2020,185.66
5/19/2020,183.63
5/18/2020,184.91
5/15/2020,183.16
5/14/2020,180.53
5/13/2020,179.75
5/12/2020,182.51
5/11/2020,186.74
5/8/2020,184.68
5/7/2020,183.6
5/6/2020,182.54
5/5/2020,180.76
5/4/2020,178.84
5/1/2020,174.57
4/30/2020,179.21
4/29/2020,177.43
4/28/2020,169.81
4/27/2020,174.05
4/24/2020,174.55
4/23/2020,171.42
4/22/2020,173.52
4/21/2020,167.82
4/20/2020,175.06
4/17/2020,178.6
4/16/2020,177.04
4/15/2020,171.88
4/14/2020,173.7
4/13/2020,165.51
4/9/2020,165.14
4/8/2020,165.13
4/7/2020,163.49
4/6/2020,165.27
4/3/2020,153.83
4/2/2020,155.26
4/1/2020,152.11
3/31/2020,157.71
3/30/2020,160.23
3/27/2020,149.7
3/26/2020,156.11
3/25/2020,146.92
3/24/2020,148.34
3/23/2020,135.98
3/20/2020,137.35
3/19/2020,142.71
3/18/2020,140.4
3/17/2020,146.57
3/16/2020,135.42
3/13/2020,158.83
3/12/2020,139.06
3/11/2020,153.63
3/10/2020,160.92
3/9/2020,150.62
3/6/2020,161.57
3/5/2020,166.27
3/4/2020,170.55
3/3/2020,164.51
3/2/2020,172.79
2/28/2020,162.01
2/27/2020,158.18
2/26/2020,170.17
2/25/2020,168.07
2/24/2020,170.89
2/21/2020,178.59
2/20/2020,184.42
2/19/2020,187.28
2/18/2020,187.23
2/14/2020,185.35
2/13/2020,183.71
2/12/2020,184.71
2/11/2020,184.44
2/10/2020,188.7
2/7/2020,183.89
2/6/2020,183.63
2/5/2020,179.9
2/4/2020,180.12
2/3/2020,174.38
1/31/2020,170.23
1/30/2020,172.78
1/29/2020,168.04
1/28/2020,165.46
1/27/2020,162.28
1/24/2020,165.04
1/23/2020,166.72
1/22/2020,165.7
1/21/2020,166.5
1/17/2020,167.1
1/16/2020,166.17
1/15/2020,163.18
1/14/2020,162.13
1/13/2020,163.28
1/10/2020,161.34
1/9/2020,162.09
1/8/2020,160.09
1/7/2020,157.58
1/6/2020,159.03
1/3/2020,158.62
1/2/2020,160.62
12/31/2019,157.7
12/30/2019,157.59
12/27/2019,158.96
12/26/2019,158.67
12/24/2019,157.38
12/23/2019,157.41
12/20/2019,157.41
12/19/2019,155.71
12/18/2019,154.37
12/17/2019,154.69
12/16/2019,155.53
12/13/2019,154.53
12/12/2019,153.24
12/11/2019,151.7
12/10/2019,151.13
12/9/2019,151.36
12/6/2019,151.75
12/5/2019,149.93
12/4/2019,149.85
12/3/2019,149.31
12/2/2019,149.55
11/29/2019,151.38
11/27/2019,152.32
11/26/2019,152.03
11/25/2019,151.23
11/22/2019,149.59
11/21/2019,149.48
11/20/2019,149.62
11/19/2019,150.39
11/18/2019,150.34
11/15/2019,149.97
11/14/2019,148.06
11/13/2019,147.31
11/12/2019,147.07
11/11/2019,146.11
11/8/2019,145.96
11/7/2019,144.26
11/6/2019,144.06
11/5/2019,144.46
11/4/2019,144.55
11/1/2019,143.72
10/31/2019,143.37
10/30/2019,144.61
10/29/2019,142.83
10/28/2019,144.19
10/25/2019,140.73
10/24/2019,139.94
10/23/2019,137.24
10/22/2019,136.37
10/21/2019,138.43
10/18/2019,137.41
10/17/2019,139.69
10/16/2019,140.41
10/15/2019,141.57
10/14/2019,139.55
10/11/2019,139.68
10/10/2019,139.1
10/9/2019,138.24
10/8/2019,135.67
10/7/2019,137.12
10/4/2019,138.12
10/3/2019,136.28
10/2/2019,134.65
10/1/2019,137.07
9/30/2019,139.03
9/27/2019,137.73
9/26/2019,139.54
9/25/2019,139.36
9/24/2019,137.38
9/23/2019,139.14
9/20/2019,139.44
9/19/2019,141.07
9/18/2019,138.52
9/17/2019,137.39
9/16/2019,136.33
9/13/2019,137.32
9/12/2019,137.52
9/11/2019,136.12
9/10/2019,136.08
9/9/2019,137.52
9/6/2019,139.1
9/5/2019,140.05
9/4/2019,137.63
9/3/2019,136.04
8/30/2019,137.86
8/29/2019,138.12
8/28/2019,135.56
8/27/2019,135.74
8/26/2019,135.45
8/23/2019,133.39
8/22/2019,137.78
8/21/2019,138.79
8/20/2019,137.26
8/19/2019,138.41
8/16/2019,136.13
8/15/2019,133.68
8/14/2019,133.98
8/13/2019,138.6
8/12/2019,135.79
8/9/2019,137.71
8/8/2019,138.89
8/7/2019,135.28
8/6/2019,134.69
8/5/2019,132.21
8/2/2019,136.9
8/1/2019,138.06
7/31/2019,136.27
7/30/2019,140.35
7/29/2019,141.03
7/26/2019,141.34
7/25/2019,140.19
7/24/2019,140.72
7/23/2019,139.29
7/22/2019,138.43
7/19/2019,136.62
7/18/2019,136.42
7/17/2019,136.27
7/16/2019,137.08
7/15/2019,138.9
7/12/2019,138.9
7/11/2019,138.4
7/10/2019,137.85
7/9/2019,136.46
7/8/2019,136.96
7/5/2019,137.06
7/3/2019,137.46
7/2/2019,136.58
7/1/2019,135.68
6/28/2019,133.96
6/27/2019,134.15
6/26/2019,133.93
6/25/2019,133.43
6/24/2019,137.78
6/21/2019,136.97
6/20/2019,136.95
6/19/2019,135.69
6/18/2019,135.16
6/17/2019,132.85
6/14/2019,132.45
6/13/2019,132.32
6/12/2019,131.49
6/11/2019,132.1
6/10/2019,132.6
6/7/2019,131.4
6/6/2019,127.82
6/5/2019,125.83
6/4/2019,123.16
6/3/2019,119.84
5/31/2019,123.68
5/30/2019,125.73
5/29/2019,124.94
5/28/2019,126.16
5/24/2019,126.24
5/23/2019,126.18
5/22/2019,127.67
5/21/2019,126.9
5/20/2019,126.22
5/17/2019,128.07
5/16/2019,128.93
5/15/2019,126.02
5/14/2019,124.73
5/13/2019,123.35
5/10/2019,127.13
5/9/2019,125.5
5/8/2019,125.51
5/7/2019,125.52
5/6/2019,128.15
5/3/2019,128.9
5/2/2019,126.21
5/1/2019,127.88
4/30/2019,130.6
4/29/2019,129.77
4/26/2019,129.89
4/25/2019,129.15
4/24/2019,125.01
4/23/2019,125.44
4/22/2019,123.76
4/18/2019,123.37
4/17/2019,121.77
4/16/2019,120.77
4/15/2019,121.05
4/12/2019,120.95
4/11/2019,120.33
4/10/2019,120.19
4/9/2019,119.28
4/8/2019,119.93
4/5/2019,119.89
4/4/2019,119.36
4/3/2019,119.97
4/2/2019,119.19
4/1/2019,119.02
3/29/2019,117.94
3/28/2019,116.93
3/27/2019,116.77
3/26/2019,117.91
3/25/2019,117.66
3/22/2019,117.05
3/21/2019,120.22
3/20/2019,117.52
3/19/2019,117.65
3/18/2019,117.57
3/15/2019,115.91
3/14/2019,114.59
3/13/2019,114.5
3/12/2019,113.62
3/11/2019,112.83
3/8/2019,110.51
3/7/2019,110.39
3/6/2019,111.75
3/5/2019,111.7
3/4/2019,112.26
3/1/2019,112.53
2/28/2019,112.03
2/27/2019,112.17
2/26/2019,112.36
2/25/2019,111.59
2/22/2019,110.97
2/21/2019,109.41
2/20/2019,107.15
2/19/2019,108.17
2/15/2019,108.22
2/14/2019,106.9
2/13/2019,106.81
2/12/2019,106.89
2/11/2019,105.25
2/8/2019,105.67
2/7/2019,105.27
2/6/2019,106.03
2/5/2019,107.22
2/4/2019,105.74
2/1/2019,102.78
1/31/2019,104.43
1/30/2019,106.38
1/29/2019,102.94
1/28/2019,105.08
1/25/2019,107.17
1/24/2019,106.2
1/23/2019,106.71
1/22/2019,105.68
1/18/2019,107.71
1/17/2019,106.12
1/16/2019,105.38
1/15/2019,105.01
1/14/2019,102.05
1/11/2019,102.8
1/10/2019,103.6
1/9/2019,104.27
1/8/2019,102.8
1/7/2019,102.06
1/4/2019,101.93
1/3/2019,97.4
1/2/2019,101.12
12/31/2018,101.57
12/28/2018,100.39
12/27/2018,101.18
12/26/2018,100.56
12/24/2018,94.13
12/21/2018,98.23
12/20/2018,101.51
12/19/2018,103.69
12/18/2018,103.97
12/17/2018,102.89
12/14/2018,106.03
12/13/2018,109.45
12/12/2018,109.08
12/11/2018,108.59
12/10/2018,107.59
12/7/2018,104.82
12/6/2018,109.19
12/4/2018,108.52
12/3/2018,112.09
11/30/2018,110.89
11/29/2018,110.19
11/28/2018,111.12
11/27/2018,107.14
11/26/2018,106.47
11/23/2018,103.07
11/21/2018,103.11
11/20/2018,101.71
11/19/2018,104.62
11/16/2018,108.29
11/15/2018,107.28
11/14/2018,104.97
11/13/2018,106.94
11/12/2018,106.87
11/9/2018,109.57
11/8/2018,111.75
11/7/2018,111.96
11/6/2018,107.72
11/5/2018,107.51
11/2/2018,106.16
11/1/2018,105.92
10/31/2018,106.81
10/30/2018,103.73
10/29/2018,103.85
10/26/2018,106.96
10/25/2018,108.3
10/24/2018,102.32
10/23/2018,108.1
10/22/2018,109.63
10/19/2018,108.66
10/18/2018,108.5
10/17/2018,110.71
10/16/2018,111
10/15/2018,107.6
10/12/2018,109.57
10/11/2018,105.91
10/10/2018,106.16
10/9/2018,112.26
10/8/2018,110.85
10/5/2018,112.13
10/4/2018,112.79
10/3/2018,115.17
10/2/2018,115.15
10/1/2018,115.61
9/28/2018,114.37
9/27/2018,114.41
9/26/2018,113.98
9/25/2018,114.45
9/24/2018,114.67
9/21/2018,114.26
9/20/2018,113.57
9/19/2018,111.7
9/18/2018,113.21
9/17/2018,112.14
9/14/2018,113.37
9/13/2018,112.91
9/12/2018,111.71
9/11/2018,111.24
9/10/2018,109.38
9/7/2018,108.21
9/6/2018,108.74
9/5/2018,108.49
9/4/2018,111.71
8/31/2018,112.33
8/30/2018,111.95
8/29/2018,112.02
8/28/2018,110.26
8/27/2018,109.6
8/24/2018,108.4
8/23/2018,107.56
8/22/2018,107.06
8/21/2018,105.98
8/20/2018,106.87
8/17/2018,107.58
8/16/2018,107.64
8/15/2018,107.66
8/14/2018,109.56
8/13/2018,108.21
8/10/2018,109
8/9/2018,109.67
8/8/2018,109.49
8/7/2018,108.88
8/6/2018,108.13
8/3/2018,108.04
8/2/2018,107.57
8/1/2018,106.28
7/31/2018,106.08
7/30/2018,105.37
7/27/2018,107.68
7/26/2018,109.62
7/25/2018,110.83
7/24/2018,107.66
7/23/2018,107.97
7/20/2018,106.27
7/19/2018,104.4
7/18/2018,105.12
7/17/2018,105.95
7/16/2018,104.91
7/13/2018,105.43
7/12/2018,104.19
7/11/2018,101.98
7/10/2018,102.12
7/9/2018,101.85
7/6/2018,101.16
7/5/2018,99.76
7/3/2018,99.05
7/2/2018,100.01
6/29/2018,98.61
6/28/2018,98.63
6/27/2018,97.54
6/26/2018,99.08
6/25/2018,98.39
6/22/2018,100.41
6/21/2018,101.14
6/20/2018,101.87
6/19/2018,100.86
6/18/2018,100.86
6/15/2018,100.13
6/14/2018,101.42
6/13/2018,100.85
6/12/2018,101.31
6/11/2018,101.05
6/8/2018,101.63
6/7/2018,100.88
6/6/2018,102.49
6/5/2018,102.19
6/4/2018,101.67
6/1/2018,100.79
5/31/2018,98.84
5/30/2018,98.95
5/29/2018,98.01
5/25/2018,98.36
5/24/2018,98.31
5/23/2018,98.66
5/22/2018,97.5
5/21/2018,97.6
5/18/2018,96.36
5/17/2018,96.18
5/16/2018,97.15
5/15/2018,97.32
5/14/2018,98.03
5/11/2018,97.7
5/10/2018,97.91
5/9/2018,96.94
5/8/2018,95.81
5/7/2018,96.22
5/4/2018,95.16
5/3/2018,94.07
5/2/2018,93.51
5/1/2018,95
4/30/2018,93.52
4/27/2018,95.82
4/26/2018,94.26
4/25/2018,92.31
4/24/2018,93.12
4/23/2018,95.35
4/20/2018,95
4/19/2018,96.11
4/18/2018,96.44
4/17/2018,96.07
4/16/2018,94.17
4/13/2018,93.08
4/12/2018,93.58
4/11/2018,91.86
4/10/2018,92.88
4/9/2018,90.77
4/6/2018,90.23
4/5/2018,92.38
4/4/2018,92.33
4/3/2018,89.71
4/2/2018,88.52
3/29/2018,91.27
3/28/2018,89.39
3/27/2018,89.47
3/26/2018,93.78
3/23/2018,87.18
3/22/2018,89.79
3/21/2018,92.48
3/20/2018,93.13
3/19/2018,92.89
3/16/2018,94.6
3/15/2018,94.18
3/14/2018,93.85
3/13/2018,94.41
3/12/2018,96.77
3/9/2018,96.54
3/8/2018,94.43
3/7/2018,93.86
3/6/2018,93.32
3/5/2018,93.64
3/2/2018,93.05
3/1/2018,92.85
2/28/2018,93.77
2/27/2018,94.2
2/26/2018,95.42
2/23/2018,94.06
2/22/2018,91.73
2/21/2018,91.49
2/20/2018,92.72
2/16/2018,92
2/15/2018,92.66
2/14/2018,90.81
2/13/2018,89.83
2/12/2018,89.13
2/9/2018,88.18
2/8/2018,85.01
2/7/2018,89.61
2/6/2018,91.33
2/5/2018,88
2/2/2018,91.78
2/1/2018,94.26
1/31/2018,95.01
1/30/2018,92.74
1/29/2018,93.92
1/26/2018,94.06
1/25/2018,92.33
1/24/2018,91.82
1/23/2018,91.9
1/22/2018,91.61
1/19/2018,90
1/18/2018,90.1
1/17/2018,90.14
1/16/2018,88.35
1/12/2018,89.6
1/11/2018,88.08
1/10/2018,87.82
1/9/2018,88.22
1/8/2018,88.28
1/5/2018,88.19
1/4/2018,87.11
1/3/2018,86.35
1/2/2018,85.95
12/29/2017,85.54
12/28/2017,85.72
12/27/2017,85.71
12/26/2017,85.4
12/22/2017,85.51
12/21/2017,85.5
12/20/2017,85.52
12/19/2017,85.83
12/18/2017,86.38
12/15/2017,86.85
12/14/2017,84.69
12/13/2017,85.35
12/12/2017,85.58
12/11/2017,85.23
12/8/2017,84.16
12/7/2017,82.49
12/6/2017,82.78
12/5/2017,81.59
12/4/2017,81.08
12/1/2017,84.26
11/30/2017,84.17
11/29/2017,83.34
11/28/2017,84.88
11/27/2017,83.87
11/24/2017,83.26
11/22/2017,83.11
11/21/2017,83.72
11/20/2017,82.53
11/17/2017,82.4
11/16/2017,83.2
11/15/2017,82.98
11/14/2017,84.05
11/13/2017,83.93
11/10/2017,83.87
11/9/2017,84.09
11/8/2017,84.56
11/7/2017,84.27
11/6/2017,84.47
11/3/2017,84.14
11/2/2017,84.05
11/1/2017,83.18
10/31/2017,83.18
10/30/2017,83.89
10/27/2017,83.81
10/26/2017,78.76
10/25/2017,78.63
10/24/2017,78.86
10/23/2017,78.83
10/20/2017,78.81
10/19/2017,77.91
10/18/2017,77.61
10/17/2017,77.59
10/16/2017,77.65
10/13/2017,77.49
10/12/2017,77.12
10/11/2017,76.42
10/10/2017,76.29
10/9/2017,76.29
10/6/2017,76
10/5/2017,75.97
10/4/2017,74.69
10/3/2017,74.26
10/2/2017,74.61
9/29/2017,74.49
9/28/2017,73.87
9/27/2017,73.85
9/26/2017,73.26
9/25/2017,73.26
9/22/2017,74.41
9/21/2017,74.21
9/20/2017,74.94
9/19/2017,75.44
9/18/2017,75.16
9/15/2017,75.31
9/14/2017,74.77
9/13/2017,75.21
9/12/2017,74.68
9/11/2017,74.76
9/8/2017,73.98
9/7/2017,74.34
9/6/2017,73.4
9/5/2017,73.61
9/1/2017,73.94
8/31/2017,74.77
8/30/2017,74.01
8/29/2017,73.05
8/28/2017,72.83
8/25/2017,72.82
8/24/2017,72.69
8/23/2017,72.72
8/22/2017,73.16
8/21/2017,72.15
8/18/2017,72.49
8/17/2017,72.4
8/16/2017,73.65
8/15/2017,73.22
8/14/2017,73.59
8/11/2017,72.5
8/10/2017,71.41
8/9/2017,72.47
8/8/2017,72.79
8/7/2017,72.4
8/4/2017,72.68
8/3/2017,72.15
8/2/2017,72.26
8/1/2017,72.58
7/31/2017,72.7
7/28/2017,73.04
7/27/2017,73.16
7/26/2017,74.05
7/25/2017,74.19
7/24/2017,73.6
7/21/2017,73.79
7/20/2017,74.22
7/19/2017,73.86
7/18/2017,73.3
7/17/2017,73.35
7/14/2017,72.78
7/13/2017,71.77
7/12/2017,71.15
7/11/2017,69.99
7/10/2017,69.98
7/7/2017,69.46
7/6/2017,68.57
7/5/2017,69.08
7/3/2017,68.17
6/30/2017,68.93
6/29/2017,68.49
6/28/2017,69.8
6/27/2017,69.21
6/26/2017,70.53
6/23/2017,71.21
6/22/2017,70.26
6/21/2017,70.27
6/20/2017,69.91
6/19/2017,70.87
6/16/2017,70
6/15/2017,69.9
6/14/2017,70.27
6/13/2017,70.65
6/12/2017,69.78
6/9/2017,70.32
6/8/2017,71.95
6/7/2017,72.39
6/6/2017,72.52
6/5/2017,72.28
6/2/2017,71.76
6/1/2017,70.1
5/31/2017,69.84
5/30/2017,70.41
5/26/2017,69.96
5/25/2017,69.62
5/24/2017,68.77
5/23/2017,68.68
5/22/2017,68.45
5/19/2017,67.69
5/18/2017,67.71
5/17/2017,67.48
5/16/2017,69.41
5/15/2017,68.43
5/12/2017,68.38
5/11/2017,68.46
5/10/2017,69.31
5/9/2017,69.04
5/8/2017,68.94
5/5/2017,69
5/4/2017,68.81
5/3/2017,69.08
5/2/2017,69.3
5/1/2017,69.41
4/28/2017,68.46
4/27/2017,68.27
4/26/2017,67.83
4/25/2017,67.92
4/24/2017,67.53
4/21/2017,66.4
4/20/2017,65.5
4/19/2017,65.04
4/18/2017,65.39
4/17/2017,65.48
4/13/2017,64.95
4/12/2017,65.23
4/11/2017,65.48
4/10/2017,65.53
4/7/2017,65.68
4/6/2017,65.73
4/5/2017,65.56
4/4/2017,65.73
4/3/2017,65.55
3/31/2017,65.86
3/30/2017,65.71
3/29/2017,65.47
3/28/2017,65.29
3/27/2017,65.1
3/24/2017,64.98
3/23/2017,64.87
3/22/2017,65.03
3/21/2017,64.21
3/20/2017,64.93
3/17/2017,64.87
3/16/2017,64.64
3/15/2017,64.75
3/14/2017,64.41
3/13/2017,64.71
3/10/2017,64.93
3/9/2017,64.73
3/8/2017,64.99
3/7/2017,64.4
3/6/2017,64.27
3/3/2017,64.25
3/2/2017,64.01
3/1/2017,64.94
2/28/2017,63.98
2/27/2017,64.23
2/24/2017,64.62
2/23/2017,64.62
2/22/2017,64.36
2/21/2017,64.49
2/17/2017,64.62
2/16/2017,64.52
2/15/2017,64.53
2/14/2017,64.57
2/13/2017,64.72
2/10/2017,64
2/9/2017,64.06
2/8/2017,63.34
2/7/2017,63.43
2/6/2017,63.64
2/3/2017,63.68
2/2/2017,63.17
2/1/2017,63.58
1/31/2017,64.65
1/30/2017,65.13
1/27/2017,65.78
1/26/2017,64.27
1/25/2017,63.68
1/24/2017,63.52
1/23/2017,62.96
1/20/2017,62.74
1/19/2017,62.3
1/18/2017,62.5
1/17/2017,62.53
1/13/2017,62.7
1/12/2017,62.61
1/11/2017,63.19
1/10/2017,62.62
1/9/2017,62.64
1/6/2017,62.84
1/5/2017,62.3
1/4/2017,62.3
1/3/2017,62.58
12/30/2016,62.14
12/29/2016,62.9
12/28/2016,62.99
12/27/2016,63.28
12/23/2016,63.24
12/22/2016,63.55
12/21/2016,63.54
12/20/2016,63.54
12/19/2016,63.62
12/16/2016,62.3
12/15/2016,62.58
12/14/2016,62.68
12/13/2016,62.98
12/12/2016,62.17
12/9/2016,61.97
12/8/2016,61.01
12/7/2016,61.37
12/6/2016,59.95
12/5/2016,60.22
12/2/2016,59.25
12/1/2016,59.2
11/30/2016,60.26
11/29/2016,61.09
11/28/2016,60.61
11/25/2016,60.53
11/23/2016,60.4
11/22/2016,61.12
11/21/2016,60.86
11/18/2016,60.35
11/17/2016,60.64
11/16/2016,59.65
11/15/2016,58.87
11/14/2016,58.12
11/11/2016,59.02
11/10/2016,58.7
11/9/2016,60.17
11/8/2016,60.47
11/7/2016,60.42
11/4/2016,58.71
11/3/2016,59.21
11/2/2016,59.43
11/1/2016,59.8
10/31/2016,59.92
10/28/2016,59.87
10/27/2016,60.1
10/26/2016,60.63
10/25/2016,60.99
10/24/2016,61
10/21/2016,59.66
10/20/2016,57.25
10/19/2016,57.53
10/18/2016,57.66
10/17/2016,57.22
10/14/2016,57.42
10/13/2016,56.92
10/12/2016,57.11
10/11/2016,57.19
10/10/2016,58.04
10/7/2016,57.8
10/6/2016,57.74
10/5/2016,57.64
10/4/2016,57.24
10/3/2016,57.42
9/30/2016,57.6
9/29/2016,57.4
9/28/2016,58.03
9/27/2016,57.95
9/26/2016,56.9
9/23/2016,57.43
9/22/2016,57.82
9/21/2016,57.76
9/20/2016,56.81
9/19/2016,56.93
9/16/2016,57.25
9/15/2016,57.19
9/14/2016,56.26
9/13/2016,56.53
9/12/2016,57.05
9/9/2016,56.21
9/8/2016,57.43
9/7/2016,57.66
9/6/2016,57.61
9/2/2016,57.67
9/1/2016,57.59
8/31/2016,57.46
8/30/2016,57.89
8/29/2016,58.1
8/26/2016,58.03
8/25/2016,58.17
8/24/2016,57.95
8/23/2016,57.89
8/22/2016,57.67
8/19/2016,57.62
8/18/2016,57.6
8/17/2016,57.56
8/16/2016,57.44
8/15/2016,58.12
8/12/2016,57.94
8/11/2016,58.3
8/10/2016,58.02
8/9/2016,58.2
8/8/2016,58.06
8/5/2016,57.96
8/4/2016,57.39
8/3/2016,56.97
8/2/2016,56.58
8/1/2016,56.58
7/29/2016,56.68
7/28/2016,56.21
7/27/2016,56.19
7/26/2016,56.76
7/25/2016,56.73
7/22/2016,56.57
7/21/2016,55.8
7/20/2016,55.91
7/19/2016,53.09
7/18/2016,53.96
7/15/2016,53.7
7/14/2016,53.74
7/13/2016,53.51
7/12/2016,53.21
7/11/2016,52.59
7/8/2016,52.3
7/7/2016,51.38
7/6/2016,51.38
7/5/2016,51.17
7/1/2016,51.16
6/30/2016,51.17
6/29/2016,50.54
6/28/2016,49.44
6/27/2016,48.43
6/24/2016,49.83
6/23/2016,51.91
6/22/2016,50.99
6/21/2016,51.19
6/20/2016,50.07
6/17/2016,50.13
6/16/2016,50.39
6/15/2016,49.69
6/14/2016,49.83
6/13/2016,50.14
6/10/2016,51.48
6/9/2016,51.62
6/8/2016,52.04
6/7/2016,52.1
6/6/2016,52.13
6/3/2016,51.79
6/2/2016,52.48
6/1/2016,52.85
5/31/2016,53
5/27/2016,52.32
5/26/2016,51.89
5/25/2016,52.12
5/24/2016,51.59
5/23/2016,50.03
5/20/2016,50.62
5/19/2016,50.32
5/18/2016,50.81
5/17/2016,50.51
5/16/2016,51.83
5/13/2016,51.08
5/12/2016,51.51
5/11/2016,51.05
5/10/2016,51.02
5/9/2016,50.07
5/6/2016,50.39
5/5/2016,49.94
5/4/2016,49.87
5/3/2016,49.78
5/2/2016,50.61
4/29/2016,49.87
4/28/2016,49.9
4/27/2016,50.94
4/26/2016,51.44
4/25/2016,52.11
4/22/2016,51.78
4/21/2016,55.78
4/20/2016,55.59
4/19/2016,56.39
4/18/2016,56.46
4/15/2016,55.65
4/14/2016,55.36
4/13/2016,55.35
4/12/2016,54.65
4/11/2016,54.31
4/8/2016,54.42
4/7/2016,54.46
4/6/2016,55.12
4/5/2016,54.56
4/4/2016,55.43
4/1/2016,55.57
3/31/2016,55.23
3/30/2016,55.05
3/29/2016,54.71
3/28/2016,53.54
3/24/2016,54.21
3/23/2016,53.97
3/22/2016,54.07
3/21/2016,53.86
3/18/2016,53.49
3/17/2016,54.66
3/16/2016,54.35
3/15/2016,53.59
3/14/2016,53.17
3/11/2016,53.07
3/10/2016,52.05
3/9/2016,52.84
3/8/2016,51.65
3/7/2016,51.03
3/4/2016,52.03
3/3/2016,52.35
3/2/2016,52.95
3/1/2016,52.58
2/29/2016,50.88
2/27/2016,51.33
2/26/2016,51.3
2/25/2016,52.1
2/24/2016,51.36
2/23/2016,51.18
2/22/2016,52.65
2/19/2016,51.82
2/18/2016,52.19
2/17/2016,52.42
2/16/2016,51.09
2/12/2016,50.5
2/11/2016,49.69
2/10/2016,49.71
2/9/2016,49.28
2/8/2016,49.41
2/5/2016,50.16
2/4/2016,52
2/3/2016,52.16
2/2/2016,53
2/1/2016,54.71
1/29/2016,55.09
1/28/2016,52.05
1/27/2016,51.22
1/26/2016,52.17
1/25/2016,51.79
1/22/2016,52.29
1/21/2016,50.48
1/20/2016,50.79
1/19/2016,50.56
1/15/2016,50.99
1/14/2016,53.11
1/13/2016,51.64
1/12/2016,52.78
1/11/2016,52.3
1/8/2016,52.33
1/7/2016,52.17
1/6/2016,54.05
1/5/2016,55.05
1/4/2016,54.8
12/31/2015,55.48
12/30/2015,56.31
12/29/2015,56.55
12/28/2015,55.95
12/24/2015,55.67
12/23/2015,55.82
12/22/2015,55.35
12/21/2015,54.83
12/18/2015,54.13
12/17/2015,55.7
12/16/2015,56.13
12/15/2015,55.2
12/14/2015,55.14
12/11/2015,54.06
12/10/2015,55.27
12/9/2015,54.98
12/8/2015,55.79
12/7/2015,55.81
12/4/2015,55.91
12/3/2015,54.2
12/2/2015,55.21
12/1/2015,55.22
11/30/2015,54.35
11/27/2015,53.93
11/25/2015,53.69
11/24/2015,54.25
11/23/2015,54.19
11/20/2015,54.19
11/19/2015,53.94
11/18/2015,53.85
11/17/2015,52.97
11/16/2015,53.77
11/13/2015,52.84
11/12/2015,53.32
11/11/2015,53.65
11/10/2015,53.51
11/9/2015,54.16
11/6/2015,54.92
11/5/2015,54.38
11/4/2015,54.4
11/3/2015,54.15
11/2/2015,53.24
10/30/2015,52.64
10/29/2015,53.36
10/28/2015,53.98
10/27/2015,53.69
10/26/2015,54.25
10/23/2015,52.87
10/22/2015,48.03
10/21/2015,47.2
10/20/2015,47.77
10/19/2015,47.62
10/16/2015,47.51
10/15/2015,47.01
10/14/2015,46.68
10/13/2015,46.89
10/12/2015,47
10/9/2015,47.11
10/8/2015,47.45
10/7/2015,46.8
10/6/2015,46.75
10/5/2015,46.63
10/2/2015,45.57
10/1/2015,44.61
9/30/2015,44.26
9/29/2015,43.44
9/28/2015,43.29
9/25/2015,43.94
9/24/2015,43.91
9/23/2015,43.87
9/22/2015,43.9
9/21/2015,44.11
9/18/2015,43.48
9/17/2015,44.25
9/16/2015,44.3
9/15/2015,43.98
9/14/2015,43.04
9/11/2015,43.48
9/10/2015,43.29
9/9/2015,43.07
9/8/2015,43.89
9/4/2015,42.61
9/3/2015,43.5
9/2/2015,43.36
9/1/2015,41.82
8/31/2015,43.52
8/28/2015,43.93
8/27/2015,43.9
8/26/2015,42.71
8/25/2015,40.47
8/24/2015,41.68
8/21/2015,43.07
8/20/2015,45.66
8/19/2015,46.61
8/18/2015,47.27
8/17/2015,47.32
8/14/2015,47
8/13/2015,46.73
8/12/2015,46.74
8/11/2015,46.41
8/10/2015,47.33
8/7/2015,46.74
8/6/2015,46.62
8/5/2015,47.58
8/4/2015,47.54
8/3/2015,46.81
7/31/2015,46.7
7/30/2015,46.88
7/29/2015,46.29
7/28/2015,45.34
7/27/2015,45.35
7/24/2015,45.94
7/23/2015,46.11
7/22/2015,45.54
7/21/2015,47.28
7/20/2015,46.92
7/17/2015,46.62
7/16/2015,46.66
7/15/2015,45.76
7/14/2015,45.62
7/13/2015,45.54
7/10/2015,44.61
7/9/2015,44.52
7/8/2015,44.24
7/7/2015,44.3
7/6/2015,44.39
7/2/2015,44.4
7/1/2015,44.45
6/30/2015,44.15
6/29/2015,44.37
6/26/2015,45.26
6/25/2015,45.65
6/24/2015,45.63
6/23/2015,45.91
6/22/2015,46.23
6/19/2015,46.1
6/18/2015,46.72
6/17/2015,45.97
6/16/2015,45.83
6/15/2015,45.48
6/12/2015,45.97
6/11/2015,46.44
6/10/2015,46.61
6/9/2015,45.65
6/8/2015,45.73
6/5/2015,46.14
6/4/2015,46.36
6/3/2015,46.85
6/2/2015,46.92
6/1/2015,47.23
5/29/2015,46.86
5/28/2015,47.45
5/27/2015,47.61
5/26/2015,46.59
5/22/2015,46.9
5/21/2015,47.42
5/20/2015,47.58
5/19/2015,47.58
5/18/2015,48.01
5/15/2015,48.3
5/14/2015,48.72
5/13/2015,47.62
5/12/2015,47.35
5/11/2015,47.37
5/8/2015,47.75
5/7/2015,46.7
5/6/2015,46.28
5/5/2015,47.6
5/4/2015,48.24
5/1/2015,48.66
4/30/2015,48.64
4/29/2015,49.06
4/28/2015,49.16
4/27/2015,48.03
4/24/2015,47.87
4/23/2015,43.34
4/22/2015,42.98
4/21/2015,42.63
4/20/2015,42.91
4/17/2015,41.62
4/16/2015,42.16
4/15/2015,42.26
4/14/2015,41.65
4/13/2015,41.76
4/10/2015,41.72
4/9/2015,41.48
4/8/2015,41.42
4/7/2015,41.53
4/6/2015,41.55
4/2/2015,40.29
4/1/2015,40.72
3/31/2015,40.66
3/30/2015,40.96
3/27/2015,40.97
3/26/2015,41.21
3/25/2015,41.46
3/24/2015,42.9
3/23/2015,42.85
3/20/2015,42.88
3/19/2015,42.28
3/18/2015,42.5
3/17/2015,41.7
3/16/2015,41.56
3/13/2015,41.38
3/12/2015,41.02
3/11/2015,41.98
3/10/2015,42.03
3/9/2015,42.85
3/6/2015,42.36
3/5/2015,43.11
3/4/2015,43.05
3/3/2015,43.28
3/2/2015,43.88
2/27/2015,43.85
2/26/2015,44.05
2/25/2015,43.99
2/24/2015,44.09
2/23/2015,44.15
2/20/2015,43.85
2/19/2015,43.5
2/18/2015,43.53
2/17/2015,43.58
2/13/2015,43.87
2/12/2015,43.09
2/11/2015,42.38
2/10/2015,42.6
2/9/2015,42.36
2/6/2015,42.41
2/5/2015,42.45
2/4/2015,41.84
2/3/2015,41.6
2/2/2015,41.28
1/30/2015,40.4
1/29/2015,42.01
1/28/2015,41.19
1/27/2015,42.66
1/26/2015,47.01
1/23/2015,47.18
1/22/2015,47.13
1/21/2015,45.92
1/20/2015,46.39
1/16/2015,46.24
1/15/2015,45.48
1/14/2015,45.95
1/13/2015,46.35
1/12/2015,46.6
1/9/2015,47.19
1/8/2015,47.59
1/7/2015,46.23
1/6/2015,45.65
1/5/2015,46.33
1/2/2015,46.76
12/31/2014,46.45
12/30/2014,47.02
12/29/2014,47.45
12/26/2014,47.88
12/24/2014,48.14
12/23/2014,48.45
12/22/2014,47.98
12/19/2014,47.66
12/18/2014,47.52
12/17/2014,45.74
12/16/2014,45.16
12/15/2014,46.67
12/12/2014,46.95
12/11/2014,47.17
12/10/2014,46.9
12/9/2014,47.59
12/8/2014,47.7
12/5/2014,48.42
12/4/2014,48.84
12/3/2014,48.08
12/2/2014,48.46
12/1/2014,48.62
11/28/2014,47.81
11/26/2014,47.75
11/25/2014,47.47
11/24/2014,47.59
11/21/2014,47.98
11/20/2014,48.7
11/19/2014,48.22
11/18/2014,48.74
11/17/2014,49.46
11/14/2014,49.58
11/13/2014,49.61
11/12/2014,48.78
11/11/2014,48.87
11/10/2014,48.89
11/7/2014,48.68
11/6/2014,48.7
11/5/2014,47.86
11/4/2014,47.57
11/3/2014,47.44
10/31/2014,46.95
10/30/2014,46.05
10/29/2014,46.62
10/28/2014,46.49
10/27/2014,45.91
10/24/2014,46.13
10/23/2014,45.02
10/22/2014,44.38
10/21/2014,44.88
10/20/2014,44.08
10/17/2014,43.63
10/16/2014,42.74
10/15/2014,43.22
10/14/2014,43.73
10/13/2014,43.65
10/10/2014,44.03
10/9/2014,45.85
10/8/2014,46.78
10/7/2014,45.53
10/6/2014,46.09
10/3/2014,46.09
10/2/2014,45.76
10/1/2014,45.9
9/30/2014,46.36
9/29/2014,46.44
9/26/2014,46.41
9/25/2014,46.04
9/24/2014,47.08
9/23/2014,46.56
9/22/2014,47.06
9/19/2014,47.52
9/18/2014,46.68
9/17/2014,46.52
9/16/2014,46.76
9/15/2014,46.24
9/12/2014,46.7
9/11/2014,47
9/10/2014,46.84
9/9/2014,46.76
9/8/2014,46.47
9/5/2014,45.91
9/4/2014,45.26
9/3/2014,44.96
9/2/2014,45.09
8/29/2014,45.43
8/28/2014,44.88
8/27/2014,44.87
8/26/2014,45.01
8/25/2014,45.17
8/22/2014,45.15
8/21/2014,45.22
8/20/2014,44.95
8/19/2014,45.33
8/18/2014,45.11
8/15/2014,44.79
8/14/2014,44.27
8/13/2014,44.08
8/12/2014,43.52
8/11/2014,43.2
8/8/2014,43.2
8/7/2014,43.23
8/6/2014,42.74
8/5/2014,43.08
8/4/2014,43.37
8/1/2014,42.86
7/31/2014,43.16
7/30/2014,43.58
7/29/2014,43.88
7/28/2014,43.97
7/25/2014,44.5
7/24/2014,44.4
7/23/2014,44.87
7/22/2014,44.83
7/21/2014,44.84
7/18/2014,44.69
7/17/2014,44.53
7/16/2014,44.08
7/15/2014,42.45
7/14/2014,42.14
7/11/2014,42.09
7/10/2014,41.69
7/9/2014,41.67
7/8/2014,41.78
7/7/2014,41.99
7/3/2014,41.8
7/2/2014,41.9
7/1/2014,41.87
6/30/2014,41.7
6/27/2014,42.25
6/26/2014,41.72
6/25/2014,42.03
6/24/2014,41.74
6/23/2014,41.99
6/20/2014,41.68
6/19/2014,41.51
6/18/2014,41.65
6/17/2014,41.68
6/16/2014,41.5
6/13/2014,41.23
6/12/2014,40.58
6/11/2014,40.86
6/10/2014,41.11
6/9/2014,41.27
6/6/2014,41.48
6/5/2014,41.21
6/4/2014,40.32
6/3/2014,40.29
6/2/2014,40.79
5/30/2014,40.94
5/29/2014,40.34
5/28/2014,40.01
5/27/2014,40.19
5/23/2014,40.12
5/22/2014,40.1
5/21/2014,40.35
5/20/2014,39.68
5/19/2014,39.75
5/16/2014,39.83
5/15/2014,39.6
5/14/2014,40.24
5/13/2014,40.42
5/12/2014,39.97
5/9/2014,39.54
5/8/2014,39.64
5/7/2014,39.42
5/6/2014,39.06
5/5/2014,39.43
5/2/2014,39.69
5/1/2014,40
4/30/2014,40.4
4/29/2014,40.51
4/28/2014,40.87
4/25/2014,39.91
4/24/2014,39.86
4/23/2014,39.69
4/22/2014,39.99
4/21/2014,39.94
4/17/2014,40.01
4/16/2014,40.4
4/15/2014,39.75
4/14/2014,39.18
4/11/2014,39.21
4/10/2014,39.36
4/9/2014,40.47
4/8/2014,39.82
4/7/2014,39.8
4/4/2014,39.87
4/3/2014,41.01
4/2/2014,41.35
4/1/2014,41.42
3/31/2014,40.99
3/28/2014,40.3
3/27/2014,39.36
3/26/2014,39.79
3/25/2014,40.34
3/24/2014,40.5
3/21/2014,40.16
3/20/2014,40.33
3/19/2014,39.27
3/18/2014,39.55
3/17/2014,38.05
3/14/2014,37.7
3/13/2014,37.89
3/12/2014,38.27
3/11/2014,38.02
3/10/2014,37.82
3/7/2014,37.9
3/6/2014,38.15
3/5/2014,38.11
3/4/2014,38.41
3/3/2014,37.78
2/28/2014,38.31
2/27/2014,37.86
2/26/2014,37.47
2/25/2014,37.54
2/24/2014,37.69
2/21/2014,37.98
2/20/2014,37.75
2/19/2014,37.51
2/18/2014,37.42
2/14/2014,37.62
2/13/2014,37.61
2/12/2014,37.47
2/11/2014,37.17
2/10/2014,36.8
2/7/2014,36.56
2/6/2014,36.18
2/5/2014,35.82
2/4/2014,36.35
2/3/2014,36.48
1/31/2014,37.84
1/30/2014,36.86
1/29/2014,36.66
1/28/2014,36.27
1/27/2014,36.03
1/24/2014,36.8
1/23/2014,36.05
1/22/2014,35.93
1/21/2014,36.17
1/17/2014,36.38
1/16/2014,36.89
1/15/2014,36.76
1/14/2014,35.78
1/13/2014,34.98
1/10/2014,36.04
1/9/2014,35.53
1/8/2014,35.76
1/7/2014,36.41
1/6/2014,36.13
1/3/2014,36.91
1/2/2014,37.16
12/31/2013,37.41
12/30/2013,37.29
12/27/2013,37.29
12/26/2013,37.44
12/24/2013,37.08
12/23/2013,36.62
12/20/2013,36.8
12/19/2013,36.25
12/18/2013,36.58
12/17/2013,36.52
12/16/2013,36.88
12/13/2013,36.69
12/12/2013,37.22
12/11/2013,37.61
12/10/2013,38.11
12/9/2013,38.7
12/6/2013,38.36
12/5/2013,38
12/4/2013,38.94
12/3/2013,38.31
12/2/2013,38.45
11/29/2013,38.13
11/27/2013,37.6
11/26/2013,37.35
11/25/2013,37.64
11/22/2013,37.57
11/21/2013,37.4
11/20/2013,37.08
11/19/2013,36.74
11/18/2013,37.2
11/15/2013,37.84
11/14/2013,38.02
11/13/2013,38.16
11/12/2013,37.36
11/11/2013,37.59
11/8/2013,37.78
11/7/2013,37.5
11/6/2013,38.18
11/5/2013,36.64
11/4/2013,35.94
11/1/2013,35.52
10/31/2013,35.41
10/30/2013,35.54
10/29/2013,35.52
10/28/2013,35.57
10/25/2013,35.73
10/24/2013,33.72
10/23/2013,33.76
10/22/2013,34.58
10/21/2013,34.99
10/18/2013,34.96
10/17/2013,34.92
10/16/2013,34.64
10/15/2013,34.49
10/14/2013,34.45
10/11/2013,34.13
10/10/2013,33.76
10/9/2013,33.07
10/8/2013,33.01
10/7/2013,33.3
10/4/2013,33.88
10/3/2013,33.86
10/2/2013,33.92
10/1/2013,33.58
9/30/2013,33.28
9/27/2013,33.27
9/26/2013,32.77
9/25/2013,32.51
9/24/2013,32.45
9/23/2013,32.74
9/20/2013,32.79
9/19/2013,33.64
9/18/2013,33.32
9/17/2013,32.93
9/16/2013,32.8
9/13/2013,33.03
9/12/2013,32.69
9/11/2013,32.74
9/10/2013,32.39
9/9/2013,31.66
9/6/2013,31.15
9/5/2013,31.23
9/4/2013,31.2
9/3/2013,31.88
8/30/2013,33.4
8/29/2013,33.55
8/28/2013,33.02
8/27/2013,33.26
8/26/2013,34.15
8/23/2013,34.75
8/22/2013,32.39
8/21/2013,31.61
8/20/2013,31.62
8/19/2013,31.39
8/16/2013,31.8
8/15/2013,31.79
8/14/2013,32.35
8/13/2013,32.23
8/12/2013,32.87
8/9/2013,32.7
8/8/2013,32.89
8/7/2013,32.06
8/6/2013,31.58
8/5/2013,31.7
8/2/2013,31.89
8/1/2013,31.67
7/31/2013,31.84
7/30/2013,31.85
7/29/2013,31.54
7/26/2013,31.62
7/25/2013,31.39
7/24/2013,31.96
7/23/2013,31.82
7/22/2013,32.01
7/19/2013,31.4
7/18/2013,35.44
7/17/2013,35.74
7/16/2013,36.27
7/15/2013,36.17
7/12/2013,35.67
7/11/2013,35.69
7/10/2013,34.7
7/9/2013,34.35
7/8/2013,34.33
7/5/2013,34.21
7/3/2013,34.01
7/2/2013,33.94
7/1/2013,34.36
6/28/2013,34.55
6/27/2013,34.62
6/26/2013,34.35
6/25/2013,33.67
6/24/2013,33.72
6/21/2013,33.27
6/20/2013,33.49
6/19/2013,34.59
6/18/2013,34.98
6/17/2013,35
6/14/2013,34.4
6/13/2013,34.72
6/12/2013,35
6/11/2013,34.84
6/10/2013,35.47
6/7/2013,35.67
6/6/2013,34.96
6/5/2013,34.78
6/4/2013,34.99
6/3/2013,35.59
5/31/2013,34.9
5/30/2013,35.03
5/29/2013,34.88
5/28/2013,35.02
5/24/2013,34.27
5/23/2013,34.15
5/22/2013,34.61
5/21/2013,34.85
5/20/2013,35.08
5/17/2013,34.87
5/16/2013,34.08
5/15/2013,33.84
5/14/2013,33.53
5/13/2013,33.03
5/10/2013,32.69
5/9/2013,32.66
5/8/2013,32.99
5/7/2013,33.31
5/6/2013,33.75
5/3/2013,33.49
5/2/2013,33.16
5/1/2013,32.72
4/30/2013,33.1
4/29/2013,32.61
4/26/2013,31.79
4/25/2013,31.94
4/24/2013,31.76
4/23/2013,30.6
4/22/2013,30.83
4/19/2013,29.77
4/18/2013,28.79
4/17/2013,28.82
4/16/2013,28.97
4/15/2013,28.69
4/12/2013,28.79
4/11/2013,28.93
4/10/2013,30.28
4/9/2013,29.61
4/8/2013,28.59
4/5/2013,28.7
4/4/2013,28.59
4/3/2013,28.56
4/2/2013,28.8
4/1/2013,28.61
3/28/2013,28.61
3/27/2013,28.37
3/26/2013,28.16
3/25/2013,28.16
3/22/2013,28.25
3/21/2013,28.11
3/20/2013,28.32
3/19/2013,28.18
3/18/2013,28.1
3/15/2013,28.04
3/14/2013,28.14
3/13/2013,27.91
3/12/2013,27.91
3/11/2013,27.87
3/8/2013,28
3/7/2013,28.14
3/6/2013,28.09
3/5/2013,28.35
3/4/2013,28.15
3/1/2013,27.95
2/28/2013,27.8
2/27/2013,27.81
2/26/2013,27.37
2/25/2013,27.37
2/22/2013,27.76
2/21/2013,27.49
2/20/2013,27.87
2/19/2013,28.05
2/15/2013,28.01
2/14/2013,28.04
2/13/2013,28.03
2/12/2013,27.88
2/11/2013,27.86
2/8/2013,27.55
2/7/2013,27.28
2/6/2013,27.34
2/5/2013,27.5
2/4/2013,27.44
2/1/2013,27.93
1/31/2013,27.45
1/30/2013,27.85
1/29/2013,28.01
1/28/2013,27.91
1/25/2013,27.88
1/24/2013,27.63
1/23/2013,27.61
1/22/2013,27.15
1/18/2013,27.25
1/17/2013,27.25
1/16/2013,27.04
1/15/2013,27.21
1/14/2013,26.89
1/11/2013,26.83
1/10/2013,26.46
1/9/2013,26.7
1/8/2013,26.55
1/7/2013,26.69
1/4/2013,26.74
1/3/2013,27.25
1/2/2013,27.62
12/31/2012,26.71
12/28/2012,26.55
12/27/2012,26.96
12/26/2012,26.86
12/24/2012,27.06
12/21/2012,27.45
12/20/2012,27.68
12/19/2012,27.31
12/18/2012,27.56
12/17/2012,27.09
12/14/2012,26.81
12/13/2012,27.11
12/12/2012,27.24
12/11/2012,27.32
12/10/2012,26.94
12/7/2012,26.45
12/6/2012,26.73
12/5/2012,26.67
12/4/2012,26.37
12/3/2012,26.43
11/30/2012,26.61
11/29/2012,26.95
11/28/2012,27.36
11/27/2012,27.08
11/26/2012,27.39
11/23/2012,27.7
11/21/2012,26.95
11/20/2012,26.71
11/19/2012,26.73
11/16/2012,26.52
11/15/2012,26.66
11/14/2012,26.84
11/13/2012,27.09
11/12/2012,28.22
11/9/2012,28.83
11/8/2012,28.81
11/7/2012,29.08
11/6/2012,29.86
11/5/2012,29.63
11/2/2012,29.5
11/1/2012,29.52
10/31/2012,28.54
10/26/2012,28.21
10/25/2012,27.88
10/24/2012,27.9
10/23/2012,28.05
10/22/2012,28
10/19/2012,28.64
10/18/2012,29.5
10/17/2012,29.59
10/16/2012,29.49
10/15/2012,29.51
10/12/2012,29.2
10/11/2012,28.95
10/10/2012,28.98
10/9/2012,29.28
10/8/2012,29.78
10/5/2012,29.85
10/4/2012,30.03
10/3/2012,29.86
10/2/2012,29.66
10/1/2012,29.49
9/28/2012,29.76
9/27/2012,30.16
9/26/2012,30.16
9/25/2012,30.39
9/24/2012,30.78
9/21/2012,31.19
9/20/2012,31.45
9/19/2012,31.05
9/18/2012,31.18
9/17/2012,31.21
9/14/2012,31.21
9/13/2012,30.93
9/12/2012,30.78
9/11/2012,30.79
9/10/2012,30.72
9/7/2012,30.95
9/6/2012,31.34
9/5/2012,30.39
9/4/2012,30.39
8/31/2012,30.82
8/30/2012,30.32
8/29/2012,30.65
8/28/2012,30.63
8/27/2012,30.69
8/24/2012,30.56
8/23/2012,30.25
8/22/2012,30.54
8/21/2012,30.8
8/20/2012,30.74
8/17/2012,30.9
8/16/2012,30.78
8/15/2012,30.2
8/14/2012,30.13
8/13/2012,30.39
8/10/2012,30.42
8/9/2012,30.5
8/8/2012,30.33
8/7/2012,30.26
8/6/2012,29.95
8/3/2012,29.75
8/2/2012,29.19
8/1/2012,29.41
7/31/2012,29.47
7/30/2012,29.64
7/27/2012,29.75
7/26/2012,29.16
7/25/2012,28.83
7/24/2012,29.15
7/23/2012,29.28
7/20/2012,30.11
7/19/2012,30.66
7/18/2012,30.45
7/17/2012,29.66
7/16/2012,29.44
7/13/2012,29.39
7/12/2012,28.63
7/11/2012,29.3
7/10/2012,29.74
7/9/2012,30
7/6/2012,30.18
7/5/2012,30.7
7/3/2012,30.76
7/2/2012,30.56
6/29/2012,30.59
6/28/2012,29.91
6/27/2012,30.17
6/26/2012,30.02
6/25/2012,29.86
6/22/2012,30.7
6/21/2012,30.14
6/20/2012,30.93
6/19/2012,30.7
6/18/2012,29.84
6/15/2012,30.02
6/14/2012,29.34
6/13/2012,29.13
6/12/2012,29.29
6/11/2012,28.89
6/8/2012,29.65
6/7/2012,29.23
6/6/2012,29.35
6/5/2012,28.5
6/4/2012,28.55
6/1/2012,28.45
5/31/2012,29.19
5/30/2012,29.34
5/29/2012,29.56
5/25/2012,29.06
5/24/2012,29.07
5/23/2012,29.11
5/22/2012,29.76
5/21/2012,29.75
5/18/2012,29.27
5/17/2012,29.72
5/16/2012,29.9
5/15/2012,30.21
5/14/2012,30.68
5/11/2012,31.16
5/10/2012,30.74
5/9/2012,30.76
5/8/2012,30.5
5/7/2012,30.65
5/4/2012,30.98
5/3/2012,31.76
5/2/2012,31.8
5/1/2012,32.01
4/30/2012,32.02
4/27/2012,31.98
4/26/2012,32.11
4/25/2012,32.2
4/24/2012,31.92
4/23/2012,32.12
4/20/2012,32.42
4/19/2012,31.01
4/18/2012,31.14
4/17/2012,31.44
4/16/2012,31.07
4/13/2012,30.81
4/12/2012,30.98
4/11/2012,30.34
4/10/2012,30.47
4/9/2012,31.1
4/5/2012,31.52
4/4/2012,31.21
4/3/2012,31.94
4/2/2012,32.29
3/30/2012,32.26
3/29/2012,32.12
3/28/2012,32.19
3/27/2012,32.52
3/26/2012,32.59
3/23/2012,32.01
3/22/2012,32
3/21/2012,31.91
3/20/2012,31.99
3/19/2012,32.2
3/16/2012,32.6
3/15/2012,32.85
3/14/2012,32.77
3/13/2012,32.67
3/12/2012,32.04
3/9/2012,31.99
3/8/2012,32.01
3/7/2012,31.84
3/6/2012,31.55
3/5/2012,31.8
3/2/2012,32.08
3/1/2012,32.29
2/29/2012,31.74
2/28/2012,31.87
2/27/2012,31.35
2/24/2012,31.48
2/23/2012,31.37
2/22/2012,31.27
2/21/2012,31.44
2/17/2012,31.25
2/16/2012,31.29
2/15/2012,30.05
2/14/2012,30.25
2/13/2012,30.58
2/10/2012,30.5
2/9/2012,30.77
2/8/2012,30.66
2/7/2012,30.35
2/6/2012,30.2
2/3/2012,30.24
2/2/2012,29.95
2/1/2012,29.89
1/31/2012,29.53
1/30/2012,29.61
1/27/2012,29.23
1/26/2012,29.5
1/25/2012,29.56
1/24/2012,29.34
1/23/2012,29.73
1/20/2012,29.71
1/19/2012,28.12
1/18/2012,28.23
1/17/2012,28.25
1/13/2012,28.25
1/12/2012,28
1/11/2012,27.72
1/10/2012,27.84
1/9/2012,27.74
1/6/2012,28.11
1/5/2012,27.68
1/4/2012,27.4
1/3/2012,26.77
12/30/2011,25.96
12/29/2011,26.02
12/28/2011,25.82
12/27/2011,26.04
12/23/2011,26.03
12/22/2011,25.81
12/21/2011,25.76
12/20/2011,26.02
12/19/2011,25.53
12/16/2011,26
12/15/2011,25.56
12/14/2011,25.59
12/13/2011,25.76
12/12/2011,25.51
12/9/2011,25.7
12/8/2011,25.4
12/7/2011,25.6
12/6/2011,25.66
12/5/2011,25.7
12/2/2011,25.22
12/1/2011,25.28
11/30/2011,25.58
11/29/2011,24.84
11/28/2011,24.87
11/25/2011,24.3
11/23/2011,24.47
11/22/2011,24.79
11/21/2011,25
11/18/2011,25.3
11/17/2011,25.54
11/16/2011,26.07
11/15/2011,26.74
11/14/2011,26.76
11/11/2011,26.91
11/10/2011,26.28
11/9/2011,26.2
11/8/2011,27.16
11/7/2011,26.8
11/4/2011,26.25
11/3/2011,26.53
11/2/2011,26.01
11/1/2011,25.99
10/31/2011,26.63
10/28/2011,26.98
10/27/2011,27.25
10/26/2011,26.59
10/25/2011,26.81
10/24/2011,27.19
10/21/2011,27.16
10/20/2011,27.04
10/19/2011,27.13
10/18/2011,27.31
10/17/2011,26.98
10/14/2011,27.27
10/13/2011,27.18
10/12/2011,26.96
10/11/2011,27
10/10/2011,26.94
10/7/2011,26.25
10/6/2011,26.34
10/5/2011,25.89
10/4/2011,25.34
10/3/2011,24.53
9/30/2011,24.89
9/29/2011,25.45
9/28/2011,25.57
9/27/2011,25.67
9/26/2011,25.44
9/23/2011,25.06
9/22/2011,25.06
9/21/2011,25.99
9/20/2011,26.98
9/19/2011,27.21
9/16/2011,27.12
9/15/2011,26.99
9/14/2011,26.5
9/13/2011,26.04
9/12/2011,25.89
9/9/2011,25.74
9/8/2011,26.22
9/7/2011,26
9/6/2011,25.51
9/2/2011,25.8
9/1/2011,26.21
8/31/2011,26.6
8/30/2011,26.23
8/29/2011,25.84
8/26/2011,25.25
8/25/2011,24.57
8/24/2011,24.9
8/23/2011,24.72
8/22/2011,23.98
8/19/2011,24.05
8/18/2011,24.67
8/17/2011,25.25
8/16/2011,25.35
8/15/2011,25.51
8/12/2011,25.1
8/11/2011,25.19
8/10/2011,24.2
8/9/2011,25.58
8/8/2011,24.48
8/5/2011,25.68
8/4/2011,25.94
8/3/2011,26.92
8/2/2011,26.8
8/1/2011,27.27
7/29/2011,27.4
7/28/2011,27.72
7/27/2011,27.33
7/26/2011,28.08
7/25/2011,27.91
7/22/2011,27.53
7/21/2011,27.09
7/20/2011,27.06
7/19/2011,27.54
7/18/2011,26.59
7/15/2011,26.78
7/14/2011,26.47
7/13/2011,26.63
7/12/2011,26.54
7/11/2011,26.63
7/8/2011,26.92
7/7/2011,26.77
7/6/2011,26.33
7/5/2011,26.03
7/1/2011,26.02
6/30/2011,26
6/29/2011,25.62
6/28/2011,25.8
6/27/2011,25.2
6/24/2011,24.3
6/23/2011,24.63
6/22/2011,24.65
6/21/2011,24.76
6/20/2011,24.47
6/17/2011,24.26
6/16/2011,24
6/15/2011,23.74
6/14/2011,24.22
6/13/2011,24.04
6/10/2011,23.7
6/9/2011,23.96
6/8/2011,23.94
6/7/2011,24.06
6/6/2011,24.01
6/3/2011,23.91
6/2/2011,24.22
6/1/2011,24.43
5/31/2011,25.01
5/27/2011,24.76
5/26/2011,24.67
5/25/2011,24.19
5/24/2011,24.15
5/23/2011,24.17
5/20/2011,24.49
5/19/2011,24.71
5/18/2011,24.69
5/17/2011,24.52
5/16/2011,24.57
5/13/2011,25.03
5/12/2011,25.32
5/11/2011,25.36
5/10/2011,25.67
5/9/2011,25.83
5/6/2011,25.87
5/5/2011,25.79
5/4/2011,26.06
5/3/2011,25.81
5/2/2011,25.66
4/29/2011,25.92
4/28/2011,26.71
4/27/2011,26.38
4/26/2011,26.19
4/25/2011,25.61
4/21/2011,25.52
4/20/2011,25.76
4/19/2011,25.15
4/18/2011,25.08
4/15/2011,25.37
4/14/2011,25.42
4/13/2011,25.63
4/12/2011,25.64
4/11/2011,25.98
4/8/2011,26.07
4/7/2011,26.2
4/6/2011,26.15
4/5/2011,25.78
4/4/2011,25.55
4/1/2011,25.48
3/31/2011,25.39
3/30/2011,25.61
3/29/2011,25.49
3/28/2011,25.41
3/25/2011,25.62
3/24/2011,25.81
3/23/2011,25.54
3/22/2011,25.3
3/21/2011,25.33
3/18/2011,24.8
3/17/2011,24.78
3/16/2011,24.79
3/15/2011,25.39
3/14/2011,25.69
3/11/2011,25.68
3/10/2011,25.41
3/9/2011,25.89
3/8/2011,25.91
3/7/2011,25.72
3/4/2011,25.95
3/3/2011,26.2
3/2/2011,26.08
3/1/2011,26.16
2/28/2011,26.58
2/25/2011,26.55
2/24/2011,26.77
2/23/2011,26.59
2/22/2011,26.59
2/18/2011,27.06
2/17/2011,27.21
2/16/2011,27.02
2/15/2011,26.96
2/14/2011,27.23
2/11/2011,27.25
2/10/2011,27.5
2/9/2011,27.97
2/8/2011,28.28
2/7/2011,28.2
2/4/2011,27.77
2/3/2011,27.65
2/2/2011,27.94
2/1/2011,27.99
1/31/2011,27.73
1/28/2011,27.75
1/27/2011,28.87
1/26/2011,28.78
1/25/2011,28.45
1/24/2011,28.38
1/21/2011,28.02
1/20/2011,28.35
1/19/2011,28.47
1/18/2011,28.66
1/14/2011,28.3
1/13/2011,28.19
1/12/2011,28.55
1/11/2011,28.11
1/10/2011,28.22
1/7/2011,28.6
1/6/2011,28.82
1/5/2011,28
1/4/2011,28.09
1/3/2011,27.98
12/31/2010,27.91
12/30/2010,27.85
12/29/2010,27.97
12/28/2010,28.01
12/27/2010,28.07
12/23/2010,28.3
12/22/2010,28.19
12/21/2010,28.07
12/20/2010,27.81
12/17/2010,27.9
12/16/2010,27.99
12/15/2010,27.85
12/14/2010,27.62
12/13/2010,27.25
12/10/2010,27.34
12/9/2010,27.08
12/8/2010,27.23
12/7/2010,26.87
12/6/2010,26.84
12/3/2010,27.02
12/2/2010,26.89
12/1/2010,26.04
11/30/2010,25.26
11/29/2010,25.31
11/26/2010,25.33
11/24/2010,25.37
11/23/2010,25.12
11/22/2010,25.73
11/19/2010,25.69
11/18/2010,25.84
11/17/2010,25.57
11/16/2010,25.81
11/15/2010,26.2
11/12/2010,26.27
11/11/2010,26.68
11/10/2010,26.94
11/9/2010,26.95
11/8/2010,26.81
11/5/2010,26.85
11/4/2010,27.14
11/3/2010,27.03
11/2/2010,27.39
11/1/2010,26.95
10/29/2010,26.66
10/28/2010,26.28
10/27/2010,26.05
10/26/2010,25.9
10/25/2010,25.19
10/22/2010,25.38
10/21/2010,25.42
10/20/2010,25.31
10/19/2010,25.1
10/18/2010,25.82
10/15/2010,25.54
10/14/2010,25.23
10/13/2010,25.34
10/12/2010,24.83
10/11/2010,24.59
10/8/2010,24.57
10/7/2010,24.53
10/6/2010,24.43
10/5/2010,24.35
10/4/2010,23.91
10/1/2010,24.38
9/30/2010,24.49
9/29/2010,24.5
9/28/2010,24.68
9/27/2010,24.73
9/24/2010,24.77
9/23/2010,24.43
9/22/2010,24.61
9/21/2010,25.15
9/20/2010,25.43
9/17/2010,25.22
9/16/2010,25.33
9/15/2010,25.11
9/14/2010,25.03
9/13/2010,25.11
9/10/2010,23.85
9/9/2010,24.01
9/8/2010,23.93
9/7/2010,23.96
9/3/2010,24.29
9/2/2010,23.94
9/1/2010,23.9
8/31/2010,23.46
8/30/2010,23.64
8/27/2010,23.93
8/26/2010,23.82
8/25/2010,24.1
8/24/2010,24.04
8/23/2010,24.28
8/20/2010,24.23
8/19/2010,24.44
8/18/2010,24.82
8/17/2010,24.71
8/16/2010,24.5
8/13/2010,24.4
8/12/2010,24.49
8/11/2010,24.86
8/10/2010,25.07
8/9/2010,25.61
8/6/2010,25.55
8/5/2010,25.37
8/4/2010,25.73
8/3/2010,26.16
8/2/2010,26.33
7/30/2010,25.81
7/29/2010,26.03
7/28/2010,25.95
7/27/2010,26.16
7/26/2010,26.1
7/23/2010,25.81
7/22/2010,25.84
7/21/2010,25.12
7/20/2010,25.48
7/19/2010,25.23
7/16/2010,24.89
7/15/2010,25.51
7/14/2010,25.44
7/13/2010,25.13
7/12/2010,24.83
7/9/2010,24.27
7/8/2010,24.41
7/7/2010,24.3
7/6/2010,23.82
7/2/2010,23.27
7/1/2010,23.16
6/30/2010,23.01
6/29/2010,23.31
6/28/2010,24.31
6/25/2010,24.53
6/24/2010,25
6/23/2010,25.31
6/22/2010,25.77
6/21/2010,25.95
6/18/2010,26.44
6/17/2010,26.37
6/16/2010,26.32
6/15/2010,26.58
6/14/2010,25.5
6/11/2010,25.66
6/10/2010,25
6/9/2010,24.79
6/8/2010,25.11
6/7/2010,25.29
6/4/2010,25.79
6/3/2010,26.86
6/2/2010,26.46
6/1/2010,25.89
5/28/2010,25.8
5/27/2010,26
5/26/2010,25.01
5/25/2010,26.07
5/24/2010,26.27
5/21/2010,26.84
5/20/2010,27.11
5/19/2010,28.24
5/18/2010,28.6
5/17/2010,28.94
5/14/2010,28.93
5/13/2010,29.24
5/12/2010,29.44
5/11/2010,28.88
5/10/2010,28.94
5/7/2010,28.21
5/6/2010,28.98
5/5/2010,29.85
5/4/2010,30.13
5/3/2010,30.86
4/30/2010,30.54
4/29/2010,31
4/28/2010,30.91
4/27/2010,30.84
4/26/2010,31.11
4/23/2010,30.96
4/22/2010,31.39
4/21/2010,31.33
4/20/2010,31.36
4/19/2010,31.04
4/16/2010,30.67
4/15/2010,30.87
4/14/2010,30.82
4/13/2010,30.45
4/12/2010,30.32
4/9/2010,30.34
4/8/2010,29.92
4/7/2010,29.35
4/6/2010,29.32
4/5/2010,29.27
4/1/2010,29.16
3/31/2010,29.29
3/30/2010,29.77
3/29/2010,29.59
3/26/2010,29.66
3/25/2010,30.01
3/24/2010,29.65
3/23/2010,29.88
3/22/2010,29.6
3/19/2010,29.59
3/18/2010,29.61
3/17/2010,29.63
3/16/2010,29.37
3/15/2010,29.29
3/12/2010,29.27
3/11/2010,29.18
3/10/2010,28.97
3/9/2010,28.8
3/8/2010,28.63
3/5/2010,28.59
3/4/2010,28.63
3/3/2010,28.46
3/2/2010,28.46
3/1/2010,29.02
2/26/2010,28.67
2/25/2010,28.6
2/24/2010,28.63
2/23/2010,28.33
2/22/2010,28.73
2/19/2010,28.77
2/18/2010,28.97
2/17/2010,28.59
2/16/2010,28.35
2/12/2010,27.93
2/11/2010,28.12
2/10/2010,27.99
2/9/2010,28.01
2/8/2010,27.72
2/5/2010,28.02
2/4/2010,27.84
2/3/2010,28.63
2/2/2010,28.46
2/1/2010,28.41
1/29/2010,28.18
1/28/2010,29.16
1/27/2010,29.67
1/26/2010,29.5
1/25/2010,29.32
1/22/2010,28.96
