Date,NVDA
5/20/2025,134.38
5/19/2025,135.57
5/16/2025,135.4
5/15/2025,134.83
5/14/2025,135.34
5/13/2025,129.93
5/12/2025,123
5/9/2025,116.65
5/8/2025,117.37
5/7/2025,117.06
5/6/2025,113.54
5/5/2025,113.82
5/2/2025,114.5
5/1/2025,111.61
4/30/2025,108.92
4/29/2025,109.02
4/28/2025,108.73
4/25/2025,111.01
4/24/2025,106.43
4/23/2025,102.71
4/22/2025,98.89
4/21/2025,96.91
4/17/2025,101.49
4/16/2025,104.49
4/15/2025,112.2
4/14/2025,110.71
4/11/2025,110.93
4/10/2025,107.57
4/9/2025,114.33
4/8/2025,96.3
4/7/2025,97.64
4/4/2025,94.31
4/3/2025,101.8
4/2/2025,110.42
4/1/2025,110.15
3/31/2025,108.38
3/28/2025,109.67
3/27/2025,111.43
3/26/2025,113.76
3/25/2025,120.69
3/24/2025,121.41
3/21/2025,117.7
3/20/2025,118.53
3/19/2025,117.52
3/18/2025,115.43
3/17/2025,119.53
3/14/2025,121.67
3/13/2025,115.58
3/12/2025,115.74
3/11/2025,108.76
3/10/2025,106.98
3/7/2025,112.69
3/6/2025,110.57
3/5/2025,117.3
3/4/2025,115.99
3/3/2025,114.06
2/28/2025,124.92
2/27/2025,120.15
2/26/2025,131.28
2/25/2025,126.63
2/24/2025,130.28
2/21/2025,134.43
2/20/2025,140.11
2/19/2025,139.23
2/18/2025,139.4
2/14/2025,138.85
2/13/2025,135.29
2/12/2025,131.14
2/11/2025,132.8
2/10/2025,133.57
2/7/2025,129.84
2/6/2025,128.68
2/5/2025,124.83
2/4/2025,118.65
2/3/2025,116.66
1/31/2025,120.07
1/30/2025,124.65
1/29/2025,123.7
1/28/2025,128.99
1/27/2025,118.42
1/24/2025,142.62
1/23/2025,147.22
1/22/2025,147.07
1/21/2025,140.83
1/17/2025,137.71
1/16/2025,133.57
1/15/2025,136.24
1/14/2025,131.76
1/13/2025,133.23
1/10/2025,135.91
1/8/2025,140.11
1/7/2025,140.14
1/6/2025,149.43
1/3/2025,144.47
1/2/2025,138.31
12/31/2024,134.29
12/30/2024,137.49
12/27/2024,137.01
12/26/2024,139.93
12/24/2024,140.22
12/23/2024,139.67
12/20/2024,134.7
12/19/2024,130.68
12/18/2024,128.91
12/17/2024,130.39
12/16/2024,132
12/13/2024,134.25
12/12/2024,137.34
12/11/2024,139.31
12/10/2024,135.07
12/9/2024,138.81
12/6/2024,142.44
12/5/2024,145.06
12/4/2024,145.14
12/3/2024,140.26
12/2/2024,138.63
11/29/2024,138.25
11/27/2024,135.34
11/26/2024,136.92
11/25/2024,136.02
11/22/2024,141.95
11/21/2024,146.67
11/20/2024,145.89
11/19/2024,147.01
11/18/2024,140.15
11/15/2024,141.98
11/14/2024,146.76
11/13/2024,146.27
11/12/2024,148.29
11/11/2024,145.26
11/8/2024,147.63
11/7/2024,148.88
11/6/2024,145.61
11/5/2024,139.91
11/4/2024,136.05
11/1/2024,135.4
10/31/2024,132.76
10/30/2024,139.34
10/29/2024,141.25
10/28/2024,140.52
10/25/2024,141.54
10/24/2024,140.41
10/23/2024,139.56
10/22/2024,143.59
10/21/2024,143.71
10/18/2024,138
10/17/2024,136.93
10/16/2024,135.72
10/15/2024,131.6
10/14/2024,138.07
10/11/2024,134.8
10/10/2024,134.81
10/9/2024,132.65
10/8/2024,132.89
10/7/2024,127.72
10/4/2024,124.92
10/3/2024,122.85
10/2/2024,118.85
10/1/2024,117
9/30/2024,121.44
9/27/2024,121.4
9/26/2024,124.04
9/25/2024,123.51
9/24/2024,120.87
9/23/2024,116.26
9/20/2024,116
9/19/2024,117.87
9/18/2024,113.37
9/17/2024,115.59
9/16/2024,116.78
9/13/2024,119.1
9/12/2024,119.14
9/11/2024,116.91
9/10/2024,108.1
9/9/2024,106.47
9/6/2024,102.83
9/5/2024,107.21
9/4/2024,106.21
9/3/2024,108
8/30/2024,119.37
8/29/2024,117.59
8/28/2024,125.61
8/27/2024,128.3
8/26/2024,126.46
8/23/2024,129.37
8/22/2024,123.74
8/21/2024,128.5
8/20/2024,127.25
8/19/2024,130
8/16/2024,124.58
8/15/2024,122.86
8/14/2024,118.08
8/13/2024,116.14
8/12/2024,109.02
8/9/2024,104.75
8/8/2024,104.97
8/7/2024,98.91
8/6/2024,104.25
8/5/2024,100.45
8/2/2024,107.27
8/1/2024,109.21
7/31/2024,117.02
7/30/2024,103.73
7/29/2024,111.59
7/26/2024,113.06
7/25/2024,112.28
7/24/2024,114.25
7/23/2024,122.59
7/22/2024,123.54
7/19/2024,117.93
7/18/2024,121.09
7/17/2024,117.99
7/16/2024,126.36
7/15/2024,128.44
7/12/2024,129.24
7/11/2024,127.4
7/10/2024,134.91
7/9/2024,131.38
7/8/2024,128.2
7/5/2024,125.83
7/3/2024,128.28
7/2/2024,122.67
7/1/2024,124.3
6/28/2024,123.54
6/27/2024,123.99
6/26/2024,126.4
6/25/2024,126.09
6/24/2024,118.11
6/21/2024,126.57
6/20/2024,130.78
6/18/2024,135.58
6/17/2024,130.98
6/14/2024,131.88
6/13/2024,129.61
6/12/2024,125.2
6/11/2024,120.91
6/10/2024,121.79
6/7/2024,120.89
6/6/2024,121
6/5/2024,122.44
6/4/2024,116.44
6/3/2024,115
5/31/2024,109.63
5/30/2024,110.5
5/29/2024,114.82
5/28/2024,113.9
5/24/2024,106.47
5/23/2024,103.8
5/22/2024,94.95
5/21/2024,95.39
5/20/2024,94.78
5/17/2024,92.48
5/16/2024,94.36
5/15/2024,94.63
5/14/2024,91.36
5/13/2024,90.4
5/10/2024,89.88
5/9/2024,88.75
5/8/2024,90.41
5/7/2024,90.55
5/6/2024,92.14
5/3/2024,88.79
5/2/2024,85.82
5/1/2024,83.04
4/30/2024,86.4
4/29/2024,87.76
4/26/2024,87.74
4/25/2024,82.63
4/24/2024,79.68
4/23/2024,82.42
4/22/2024,79.52
4/19/2024,76.2
4/18/2024,84.67
4/17/2024,84.04
4/16/2024,87.42
4/15/2024,86
4/12/2024,88.19
4/11/2024,90.62
4/10/2024,87.04
4/9/2024,85.35
4/8/2024,87.13
4/5/2024,88.01
4/4/2024,85.9
4/3/2024,88.96
4/2/2024,89.45
4/1/2024,90.36
3/28/2024,90.36
3/27/2024,90.25
3/26/2024,92.56
3/25/2024,95
3/22/2024,94.29
3/21/2024,91.43
3/20/2024,90.37
3/19/2024,89.4
3/18/2024,88.46
3/15/2024,87.84
3/14/2024,87.94
3/13/2024,90.89
3/12/2024,91.91
3/11/2024,85.77
3/8/2024,87.53
3/7/2024,92.67
3/6/2024,88.7
3/5/2024,85.96
3/4/2024,85.24
3/1/2024,82.28
2/29/2024,79.11
2/28/2024,77.66
2/27/2024,78.7
2/26/2024,79.09
2/23/2024,78.82
2/22/2024,78.54
2/21/2024,67.47
2/20/2024,69.45
2/16/2024,72.61
2/15/2024,72.66
2/14/2024,73.9
2/13/2024,72.13
2/12/2024,72.25
2/9/2024,72.13
2/8/2024,69.64
2/7/2024,70.1
2/6/2024,68.22
2/5/2024,69.33
2/2/2024,66.16
2/1/2024,63.03
1/31/2024,61.53
1/30/2024,62.77
1/29/2024,62.47
1/26/2024,61.03
1/25/2024,61.62
1/24/2024,61.36
1/23/2024,59.87
1/22/2024,59.65
1/19/2024,59.49
1/18/2024,57.11
1/17/2024,56.05
1/16/2024,56.38
1/12/2024,54.71
1/11/2024,54.82
1/10/2024,54.35
1/9/2024,53.14
1/8/2024,52.25
1/5/2024,49.1
1/4/2024,48
1/3/2024,47.57
1/2/2024,48.17
12/29/2023,49.52
12/28/2023,49.52
12/27/2023,49.42
12/26/2023,49.28
12/22/2023,48.83
12/21/2023,48.99
12/20/2023,48.11
12/19/2023,49.6
12/18/2023,50.08
12/15/2023,48.89
12/14/2023,48.35
12/13/2023,48.09
12/12/2023,47.66
12/11/2023,46.63
12/8/2023,47.51
12/7/2023,46.6
12/6/2023,45.5
12/5/2023,46.57
12/4/2023,45.51
12/1/2023,46.76
11/30/2023,46.77
11/29/2023,48.14
11/28/2023,47.82
11/27/2023,48.24
11/24/2023,47.78
11/22/2023,48.72
11/21/2023,49.94
11/20/2023,50.41
11/17/2023,49.3
11/16/2023,49.48
11/15/2023,48.89
11/14/2023,49.66
11/13/2023,48.62
11/10/2023,48.33
11/9/2023,46.95
11/8/2023,46.57
11/7/2023,45.96
11/6/2023,45.75
11/3/2023,45.01
11/2/2023,43.51
11/1/2023,42.33
10/31/2023,40.78
10/30/2023,41.16
10/27/2023,40.5
10/26/2023,40.33
10/25/2023,41.78
10/24/2023,43.66
10/23/2023,42.97
10/20/2023,41.39
10/19/2023,42.1
10/18/2023,42.2
10/17/2023,43.94
10/16/2023,46.1
10/13/2023,45.46
10/12/2023,46.94
10/11/2023,46.81
10/10/2023,45.8
10/9/2023,45.27
10/6/2023,45.76
10/5/2023,44.69
10/4/2023,44.04
10/3/2023,43.52
10/2/2023,44.78
9/29/2023,43.5
9/28/2023,43.09
9/27/2023,42.47
9/26/2023,41.91
9/25/2023,42.22
9/22/2023,41.61
9/21/2023,41.02
9/20/2023,42.24
9/19/2023,43.52
9/18/2023,43.97
9/15/2023,43.9
9/14/2023,45.58
9/13/2023,45.49
9/12/2023,44.87
9/11/2023,45.18
9/8/2023,45.57
9/7/2023,46.24
9/6/2023,47.06
9/5/2023,48.55
9/1/2023,48.51
8/31/2023,49.35
8/30/2023,49.26
8/29/2023,48.78
8/28/2023,46.83
8/25/2023,46.02
8/24/2023,47.16
8/23/2023,47.12
8/22/2023,45.67
8/21/2023,46.97
8/18/2023,43.3
8/17/2023,43.34
8/16/2023,43.49
8/15/2023,43.94
8/14/2023,43.75
8/11/2023,40.85
8/10/2023,42.39
8/9/2023,42.55
8/8/2023,44.66
8/7/2023,45.42
8/4/2023,44.68
8/3/2023,44.51
8/2/2023,44.27
8/1/2023,46.51
7/31/2023,46.73
7/28/2023,46.75
7/27/2023,45.9
7/26/2023,45.45
7/25/2023,45.68
7/24/2023,44.61
7/21/2023,44.31
7/20/2023,45.52
7/19/2023,47.08
7/18/2023,47.49
7/17/2023,46.46
7/14/2023,45.47
7/13/2023,45.98
7/12/2023,43.9
7/11/2023,42.4
7/10/2023,42.18
7/7/2023,42.5
7/6/2023,42.1
7/5/2023,42.32
7/3/2023,42.41
6/30/2023,42.3
6/29/2023,40.82
6/28/2023,41.12
6/27/2023,41.88
6/26/2023,40.63
6/23/2023,42.21
6/22/2023,43.03
6/21/2023,43.04
6/20/2023,43.81
6/16/2023,42.69
6/15/2023,42.65
6/14/2023,43
6/13/2023,41.02
6/12/2023,39.48
6/9/2023,38.77
6/8/2023,38.51
6/7/2023,37.47
6/6/2023,38.65
6/5/2023,39.17
6/2/2023,39.33
6/1/2023,39.77
5/31/2023,37.83
5/30/2023,40.11
5/26/2023,38.95
5/25/2023,37.98
5/24/2023,30.54
5/23/2023,30.69
5/22/2023,31.18
5/19/2023,31.26
5/18/2023,31.68
5/17/2023,30.18
5/16/2023,29.21
5/15/2023,28.95
5/12/2023,28.34
5/11/2023,28.58
5/10/2023,28.89
5/9/2023,28.57
5/8/2023,29.15
5/5/2023,28.68
5/4/2023,27.56
5/3/2023,27.8
5/2/2023,28.21
5/1/2023,28.91
4/28/2023,27.75
4/27/2023,27.23
4/26/2023,26.96
4/25/2023,26.24
4/24/2023,27.04
4/21/2023,27.12
4/20/2023,27.1
4/19/2023,27.93
4/18/2023,27.67
4/17/2023,27
4/14/2023,26.76
4/13/2023,26.46
4/12/2023,26.5
4/11/2023,27.17
4/10/2023,27.58
4/6/2023,27.04
4/5/2023,26.88
4/4/2023,27.45
4/3/2023,27.97
3/31/2023,27.78
3/30/2023,27.38
3/29/2023,26.98
3/28/2023,26.41
3/27/2023,26.53
3/24/2023,26.78
3/23/2023,27.19
3/22/2023,26.47
3/21/2023,26.2
3/20/2023,25.9
3/17/2023,25.73
3/16/2023,25.54
3/15/2023,24.23
3/14/2023,24.06
3/13/2023,22.97
3/10/2023,22.97
3/9/2023,23.44
3/8/2023,24.18
3/7/2023,23.29
3/6/2023,23.55
3/3/2023,23.89
3/2/2023,23.31
3/1/2023,22.7
2/28/2023,23.22
2/27/2023,23.5
2/24/2023,23.29
2/23/2023,23.66
2/22/2023,20.75
2/21/2023,20.66
2/17/2023,21.39
2/16/2023,22
2/15/2023,22.76
2/14/2023,22.97
2/13/2023,21.79
2/10/2023,21.26
2/9/2023,22.34
2/8/2023,22.2
2/7/2023,22.17
2/6/2023,21.09
2/3/2023,21.1
2/2/2023,21.71
2/1/2023,20.94
1/31/2023,19.54
1/30/2023,19.16
1/27/2023,20.36
1/26/2023,19.8
1/25/2023,19.32
1/24/2023,19.26
1/23/2023,19.19
1/20/2023,17.84
1/19/2023,16.76
1/18/2023,17.38
1/17/2023,17.7
1/13/2023,16.9
1/12/2023,16.51
1/11/2023,16
1/10/2023,15.91
1/9/2023,15.63
1/6/2023,14.86
1/5/2023,14.27
1/4/2023,14.75
1/3/2023,14.31
12/30/2022,14.61
12/29/2022,14.6
12/28/2022,14.04
12/27/2022,14.12
12/23/2022,15.21
12/22/2022,15.34
12/21/2022,16.5
12/20/2022,16.08
12/19/2022,16.25
12/16/2022,16.57
12/15/2022,16.95
12/14/2022,17.67
12/13/2022,18.07
12/12/2022,17.53
12/9/2022,17
12/8/2022,17.17
12/7/2022,16.12
12/6/2022,15.99
12/5/2022,16.61
12/2/2022,16.88
12/1/2022,17.14
11/30/2022,16.92
11/29/2022,15.64
11/28/2022,15.83
11/25/2022,16.27
11/23/2022,16.52
11/22/2022,16.04
11/21/2022,15.32
11/18/2022,15.41
11/17/2022,15.68
11/16/2022,15.91
11/15/2022,16.67
11/14/2022,16.3
11/11/2022,16.33
11/10/2022,15.75
11/9/2022,13.78
11/8/2022,14.6
11/7/2022,14.3
11/4/2022,14.16
11/3/2022,13.42
11/2/2022,13.22
11/1/2022,13.54
10/31/2022,13.5
10/28/2022,13.83
10/27/2022,13.18
10/26/2022,12.9
10/25/2022,13.26
10/24/2022,12.6
10/21/2022,12.47
10/20/2022,12.19
10/19/2022,12.05
10/18/2022,11.97
10/17/2022,11.89
10/14/2022,11.23
10/13/2022,11.96
10/12/2022,11.5
10/11/2022,11.59
10/10/2022,11.67
10/7/2022,12.08
10/6/2022,13.13
10/5/2022,13.21
10/4/2022,13.17
10/3/2022,12.51
9/30/2022,12.14
9/29/2022,12.22
9/28/2022,12.74
9/27/2022,12.41
9/26/2022,12.23
9/23/2022,12.52
9/22/2022,12.56
9/21/2022,13.26
9/20/2022,13.18
9/19/2022,13.38
9/16/2022,13.2
9/15/2022,12.93
9/14/2022,13.13
9/13/2022,13.13
9/12/2022,14.51
9/9/2022,14.39
9/8/2022,13.99
9/7/2022,13.71
9/6/2022,13.47
9/2/2022,13.65
9/1/2022,13.94
8/31/2022,15.09
8/30/2022,15.47
8/29/2022,15.8
8/26/2022,16.26
8/25/2022,17.91
8/24/2022,17.22
8/23/2022,17.18
8/22/2022,17.03
8/19/2022,17.85
8/18/2022,18.77
8/17/2022,18.33
8/16/2022,18.88
8/15/2022,19.03
8/12/2022,18.71
8/11/2022,17.94
8/10/2022,18.1
8/9/2022,17.09
8/8/2022,17.79
8/5/2022,18.99
8/4/2022,19.22
8/3/2022,18.89
8/2/2022,18.53
8/1/2022,18.44
7/29/2022,18.16
7/28/2022,17.98
7/27/2022,17.79
7/26/2022,16.53
7/25/2022,17.02
7/22/2022,17.32
7/21/2022,18.05
7/20/2022,17.81
7/19/2022,16.99
7/18/2022,16.1
7/15/2022,15.76
7/14/2022,15.37
7/13/2022,15.16
7/12/2022,15.08
7/11/2022,15.15
7/8/2022,15.84
7/7/2022,15.86
7/6/2022,15.13
7/5/2022,14.96
7/1/2022,14.52
6/30/2022,15.16
6/29/2022,15.54
6/28/2022,15.98
6/27/2022,16.87
6/24/2022,17.13
6/23/2022,16.23
6/22/2022,16.36
6/21/2022,16.57
6/17/2022,15.88
6/16/2022,15.6
6/15/2022,16.53
6/14/2022,15.84
6/13/2022,15.65
6/10/2022,16.97
6/9/2022,18.05
6/8/2022,18.65
6/7/2022,18.93
6/6/2022,18.79
6/3/2022,18.72
6/2/2022,19.59
6/1/2022,18.32
5/31/2022,18.67
5/27/2022,18.81
5/26/2022,17.85
5/25/2022,16.98
5/24/2022,16.15
5/23/2022,16.9
5/20/2022,16.69
5/19/2022,17.12
5/18/2022,16.94
5/17/2022,18.18
5/16/2022,17.26
5/13/2022,17.71
5/12/2022,16.18
5/11/2022,16.63
5/10/2022,17.59
5/9/2022,16.95
5/6/2022,18.68
5/5/2022,18.84
5/4/2022,20.33
5/3/2022,19.6
5/2/2022,19.53
4/29/2022,18.55
4/28/2022,19.78
4/27/2022,18.41
4/26/2022,18.79
4/25/2022,19.9
4/22/2022,19.52
4/21/2022,20.18
4/20/2022,21.48
4/19/2022,22.2
4/18/2022,21.78
4/14/2022,21.26
4/13/2022,22.2
4/12/2022,21.5
4/11/2022,21.92
4/8/2022,23.12
4/7/2022,24.21
4/6/2022,24.41
4/5/2022,25.93
4/4/2022,27.36
4/1/2022,26.71
3/31/2022,27.29
3/30/2022,27.69
3/29/2022,28.66
3/28/2022,28.22
3/25/2022,27.69
3/24/2022,28.15
3/23/2022,25.63
3/22/2022,26.52
3/21/2022,26.73
3/18/2022,26.45
3/17/2022,24.77
3/16/2022,24.5
3/15/2022,22.97
3/14/2022,21.33
3/11/2022,22.1
3/10/2022,22.66
3/9/2022,23.01
3/8/2022,21.51
3/7/2022,21.35
3/4/2022,22.94
3/3/2022,23.71
3/2/2022,24.22
3/1/2022,23.48
2/28/2022,24.39
2/25/2022,24.16
2/24/2022,23.75
2/23/2022,22.39
2/22/2022,23.39
2/18/2022,23.64
2/17/2022,24.51
2/16/2022,26.51
2/15/2022,26.5
2/14/2022,24.27
2/11/2022,23.95
2/10/2022,25.82
2/9/2022,26.7
2/8/2022,25.11
2/7/2022,24.73
2/4/2022,24.32
2/3/2022,23.95
2/2/2022,25.24
2/1/2022,24.64
1/31/2022,24.49
1/28/2022,22.84
1/27/2022,21.94
1/26/2022,22.77
1/25/2022,22.32
1/24/2022,23.37
1/21/2022,23.37
1/20/2022,24.15
1/19/2022,25.07
1/18/2022,25.9
1/14/2022,26.94
1/13/2022,26.57
1/12/2022,28
1/11/2022,27.82
1/10/2022,27.4
1/7/2022,27.25
1/6/2022,28.18
1/5/2022,27.6
1/4/2022,29.29
1/3/2022,30.12
12/31/2021,29.41
12/30/2021,29.59
12/29/2021,30
12/28/2021,30.32
12/27/2021,30.95
12/23/2021,29.64
12/22/2021,29.4
12/21/2021,29.07
12/20/2021,27.72
12/17/2021,27.8
12/16/2021,28.39
12/15/2021,30.46
12/14/2021,28.34
12/13/2021,28.16
12/10/2021,30.2
12/9/2021,30.49
12/8/2021,31.83
12/7/2021,32.43
12/6/2021,30.04
12/3/2021,30.69
12/2/2021,32.13
12/1/2021,31.43
11/30/2021,32.68
11/29/2021,33.38
11/26/2021,31.5
11/24/2021,32.67
11/23/2021,31.75
11/22/2021,31.96
11/19/2021,32.98
11/18/2021,31.68
11/17/2021,29.26
11/16/2021,30.2
11/15/2021,30.02
11/12/2021,30.39
11/11/2021,30.39
11/10/2021,29.46
11/9/2021,30.66
11/8/2021,30.8
11/5/2021,29.75
11/4/2021,29.8
11/3/2021,26.6
11/2/2021,26.4
11/1/2021,25.83
10/29/2021,25.57
10/28/2021,24.94
10/27/2021,24.45
10/26/2021,24.72
10/25/2021,23.17
10/22/2021,22.73
10/21/2021,22.69
10/20/2021,22.1
10/19/2021,22.29
10/18/2021,22.22
10/15/2021,21.86
10/14/2021,21.75
10/13/2021,20.94
10/12/2021,20.67
10/11/2021,20.7
10/8/2021,20.83
10/7/2021,21.07
10/6/2021,20.7
10/5/2021,20.45
10/4/2021,19.73
10/1/2021,20.74
9/30/2021,20.72
9/29/2021,20.52
9/28/2021,20.7
9/27/2021,21.66
9/24/2021,22.08
9/23/2021,22.48
9/22/2021,21.94
9/21/2021,21.25
9/20/2021,21.11
9/17/2021,21.9
9/16/2021,22.24
9/15/2021,22.34
9/14/2021,22.24
9/13/2021,22.15
9/10/2021,22.48
9/9/2021,22.18
9/8/2021,22.34
9/7/2021,22.66
9/3/2021,22.84
9/2/2021,22.4
9/1/2021,22.44
8/31/2021,22.39
8/30/2021,22.69
8/27/2021,22.64
8/26/2021,22.07
8/25/2021,22.21
8/24/2021,21.79
8/23/2021,21.96
8/20/2021,20.82
8/19/2021,19.8
8/18/2021,19.04
8/17/2021,19.46
8/16/2021,19.95
8/13/2021,20.19
8/12/2021,19.91
8/11/2021,19.7
8/10/2021,19.94
8/9/2021,20.3
8/6/2021,20.37
8/5/2021,20.64
8/4/2021,20.27
8/3/2021,19.82
8/2/2021,19.75
7/30/2021,19.5
7/29/2021,19.66
7/28/2021,19.5
7/27/2021,19.21
7/26/2021,19.29
7/23/2021,19.56
7/22/2021,19.59
7/21/2021,19.41
7/20/2021,18.61
7/19/2021,18.78
7/16/2021,18.16
7/15/2021,18.97
7/14/2021,19.84
7/13/2021,20.25
7/12/2021,20.51
7/9/2021,20.05
7/8/2021,19.9
7/7/2021,20.37
7/6/2021,20.7
7/2/2021,20.49
7/1/2021,20.21
6/30/2021,20
6/29/2021,20.03
6/28/2021,19.98
6/25/2021,19.03
6/24/2021,19.21
6/23/2021,19.06
6/22/2021,18.89
6/21/2021,18.43
6/18/2021,18.64
6/17/2021,18.66
6/16/2021,17.81
6/15/2021,17.79
6/14/2021,18.02
6/11/2021,17.83
6/10/2021,17.43
6/9/2021,17.36
6/8/2021,17.46
6/7/2021,17.62
6/4/2021,17.58
6/3/2021,16.97
6/2/2021,16.78
6/1/2021,16.26
5/28/2021,16.24
5/27/2021,15.49
5/26/2021,15.7
5/25/2021,15.65
5/24/2021,15.61
5/21/2021,14.99
5/20/2021,14.61
5/19/2021,14.07
5/18/2021,14.02
5/17/2021,14.17
5/14/2021,14.24
5/13/2021,13.67
5/12/2021,13.76
5/11/2021,14.31
5/10/2021,14.27
5/7/2021,14.81
5/6/2021,14.52
5/5/2021,14.46
5/4/2021,14.35
5/3/2021,14.84
4/30/2021,15.01
4/29/2021,15.32
4/28/2021,15.28
4/27/2021,15.38
4/26/2021,15.48
4/23/2021,15.27
4/22/2021,14.85
4/21/2021,15.36
4/20/2021,15.17
4/19/2021,15.36
4/16/2021,15.91
4/15/2021,16.14
4/14/2021,15.28
4/13/2021,15.68
4/12/2021,15.21
4/9/2021,14.4
4/8/2021,14.32
4/7/2021,14.14
4/6/2021,13.86
4/5/2021,13.99
4/1/2021,13.81
3/31/2021,13.35
3/30/2021,12.87
3/29/2021,12.95
3/26/2021,12.84
3/25/2021,12.54
3/24/2021,12.64
3/23/2021,13.07
3/22/2021,13.19
3/19/2021,12.85
3/18/2021,12.72
3/17/2021,13.34
3/16/2021,13.29
3/15/2021,13.19
3/12/2021,12.86
3/11/2021,12.99
3/10/2021,12.47
3/9/2021,12.52
3/8/2021,11.59
3/5/2021,12.46
3/4/2021,12.37
3/3/2021,12.8
3/2/2021,13.41
3/1/2021,13.84
2/26/2021,13.71
2/25/2021,13.31
2/24/2021,14.5
2/23/2021,14.14
2/22/2021,14.36
2/19/2021,14.93
2/18/2021,14.83
2/17/2021,14.91
2/16/2021,15.33
2/12/2021,14.96
2/11/2021,15.25
2/10/2021,14.76
2/9/2021,14.26
2/8/2021,14.44
2/5/2021,13.59
2/4/2021,13.66
2/3/2021,13.53
2/2/2021,13.56
2/1/2021,13.24
1/29/2021,12.99
1/28/2021,13.05
1/27/2021,12.92
1/26/2021,13.44
1/25/2021,13.65
1/22/2021,13.71
1/21/2021,13.87
1/20/2021,13.37
1/19/2021,13.03
1/15/2021,12.86
1/14/2021,13.2
1/13/2021,13.53
1/12/2021,13.48
1/11/2021,13.62
1/8/2021,13.28
1/7/2021,13.34
1/6/2021,12.61
1/5/2021,13.4
1/4/2021,13.11
12/31/2020,13.05
12/30/2020,13.15
12/29/2020,12.94
12/28/2020,12.9
12/24/2020,12.99
12/23/2020,13.01
12/22/2020,13.28
12/21/2020,13.33
12/18/2020,13.27
12/17/2020,13.34
12/16/2020,13.24
12/15/2020,13.36
12/14/2020,13.31
12/11/2020,13.01
12/10/2020,12.97
12/9/2020,12.93
12/8/2020,13.35
12/7/2020,13.61
12/4/2020,13.56
12/3/2020,13.4
12/2/2020,13.54
12/1/2020,13.39
11/30/2020,13.4
11/27/2020,13.26
11/25/2020,13.23
11/24/2020,12.96
11/23/2020,13.14
11/20/2020,13.09
11/19/2020,13.44
11/18/2020,13.43
11/17/2020,13.42
11/16/2020,13.52
11/13/2020,13.3
11/12/2020,13.46
11/11/2020,13.42
11/10/2020,12.77
11/9/2020,13.63
11/6/2020,14.56
11/5/2020,14.16
11/4/2020,13.79
11/3/2020,13.02
11/2/2020,12.58
10/30/2020,12.53
10/29/2020,13.02
10/28/2020,12.63
10/27/2020,13.4
10/26/2020,13.14
10/23/2020,13.59
10/22/2020,13.36
10/21/2020,13.52
10/20/2020,13.65
10/19/2020,13.5
10/16/2020,13.81
10/15/2020,13.97
10/14/2020,14.1
10/13/2020,14.25
10/12/2020,14.23
10/9/2020,13.76
10/8/2020,13.84
10/7/2020,13.96
10/6/2020,13.74
10/5/2020,13.64
10/2/2020,13.06
10/1/2020,13.61
9/30/2020,13.53
9/29/2020,13.23
9/28/2020,13.04
9/25/2020,12.87
9/24/2020,12.35
9/23/2020,12.12
9/22/2020,12.64
9/21/2020,12.52
9/18/2020,12.19
9/17/2020,12.46
9/16/2020,12.51
9/15/2020,12.99
9/14/2020,12.87
9/11/2020,12.16
9/10/2020,12.31
9/9/2020,12.71
9/8/2020,11.91
9/4/2020,12.62
9/3/2020,13.02
9/2/2020,14.35
9/1/2020,13.82
8/31/2020,13.37
8/28/2020,13.15
8/27/2020,12.63
8/26/2020,12.77
8/25/2020,12.75
8/24/2020,12.72
8/21/2020,12.68
8/20/2020,12.14
8/19/2020,12.14
8/18/2020,12.26
8/17/2020,12.34
8/14/2020,11.56
8/13/2020,11.44
8/12/2020,11.44
8/11/2020,10.85
8/10/2020,11.16
8/7/2020,11.2
8/6/2020,11.34
8/5/2020,11.29
8/4/2020,11.23
8/3/2020,11.01
7/31/2020,10.61
7/30/2020,10.61
7/29/2020,10.47
7/28/2020,10.22
7/27/2020,10.42
7/24/2020,10.19
7/23/2020,10.13
7/22/2020,10.44
7/21/2020,10.33
7/20/2020,10.51
7/17/2020,10.2
7/16/2020,10.13
7/15/2020,10.23
7/14/2020,10.38
7/13/2020,10.05
7/10/2020,10.48
7/9/2020,10.51
7/8/2020,10.22
7/7/2020,9.87
7/6/2020,9.84
7/2/2020,9.61
7/1/2020,9.53
6/30/2020,9.5
6/29/2020,9.2
6/26/2020,9.15
6/25/2020,9.49
6/24/2020,9.24
6/23/2020,9.45
6/22/2020,9.53
6/19/2020,9.26
6/18/2020,9.22
6/17/2020,9.24
6/16/2020,9.07
6/15/2020,9.17
6/12/2020,8.93
6/11/2020,8.8
6/10/2020,9.37
6/9/2020,9.05
6/8/2020,8.8
6/5/2020,8.92
6/4/2020,8.77
6/3/2020,8.77
6/2/2020,8.83
6/1/2020,8.81
5/29/2020,8.88
5/28/2020,8.49
5/27/2020,8.53
5/26/2020,8.72
5/22/2020,9.03
5/21/2020,8.78
5/20/2020,8.97
5/19/2020,8.81
5/18/2020,8.75
5/15/2020,8.49
5/14/2020,8.03
5/13/2020,7.78
5/12/2020,7.8
5/11/2020,8.07
5/8/2020,7.81
5/7/2020,7.62
5/6/2020,7.44
5/5/2020,7.34
5/4/2020,7.28
5/1/2020,7.07
4/30/2020,7.31
4/29/2020,7.46
4/28/2020,7.28
4/27/2020,7.43
4/24/2020,7.24
4/23/2020,7.1
4/22/2020,7.15
4/21/2020,6.74
4/20/2020,7.18
4/17/2020,7.31
4/16/2020,7.37
4/15/2020,7.02
4/14/2020,7.1
4/13/2020,6.75
4/9/2020,6.57
4/8/2020,6.67
4/7/2020,6.48
4/6/2020,6.71
4/3/2020,6.1
4/2/2020,6.39
4/1/2020,6.08
3/31/2020,6.59
3/30/2020,6.64
3/27/2020,6.32
3/26/2020,6.43
3/25/2020,6.14
3/24/2020,6.23
3/23/2020,5.32
3/20/2020,5.14
3/19/2020,5.32
3/18/2020,5.07
3/17/2020,5.43
3/16/2020,4.91
3/13/2020,6.02
3/12/2020,5.41
3/11/2020,6.16
3/10/2020,6.53
3/9/2020,6.14
3/6/2020,6.65
3/5/2020,6.83
3/4/2020,7.11
3/3/2020,6.65
3/2/2020,6.91
2/28/2020,6.75
2/27/2020,6.32
2/26/2020,6.69
2/25/2020,6.55
2/24/2020,6.83
2/21/2020,7.35
2/20/2020,7.72
2/19/2020,7.87
2/18/2020,7.41
2/14/2020,7.24
2/13/2020,6.77
2/12/2020,6.81
2/11/2020,6.7
2/10/2020,6.57
2/7/2020,6.29
2/6/2020,6.36
2/5/2020,6.27
2/4/2020,6.18
2/3/2020,6.01
1/31/2020,5.91
1/30/2020,6.15
1/29/2020,6.14
1/28/2020,6.2
1/27/2020,6
1/24/2020,6.26
1/23/2020,6.32
1/22/2020,6.25
1/21/2020,6.2
1/17/2020,6.23
1/16/2020,6.22
1/15/2020,6.14
1/14/2020,6.18
1/13/2020,6.3
1/10/2020,6.11
1/9/2020,6.08
1/8/2020,6.01
1/7/2020,6
1/6/2020,5.93
1/3/2020,5.9
1/2/2020,6
12/31/2019,5.88
12/30/2019,5.81
12/27/2019,5.92
12/26/2019,5.98
12/24/2019,5.97
12/23/2019,5.97
12/20/2019,5.98
12/19/2019,5.89
12/18/2019,5.74
12/17/2019,5.71
12/16/2019,5.63
12/13/2019,5.6
12/12/2019,5.6
12/11/2019,5.43
12/10/2019,5.35
12/9/2019,5.3
12/6/2019,5.3
12/5/2019,5.22
12/4/2019,5.24
12/3/2019,5.19
12/2/2019,5.23
11/29/2019,5.42
11/27/2019,5.46
11/26/2019,5.42
11/25/2019,5.53
11/22/2019,5.27
11/21/2019,5.25
11/20/2019,5.28
11/19/2019,5.2
11/18/2019,5.31
11/15/2019,5.1
11/14/2019,5.24
11/13/2019,5.21
11/12/2019,5.24
11/11/2019,5.2
11/8/2019,5.19
11/7/2019,5.21
11/6/2019,5.19
11/5/2019,5.24
11/4/2019,5.26
11/1/2019,5.06
10/31/2019,5.03
10/30/2019,5.08
10/29/2019,5.07
10/28/2019,5.17
10/25/2019,5.11
10/24/2019,4.92
10/23/2019,4.88
10/22/2019,4.89
10/21/2019,4.9
10/18/2019,4.76
10/17/2019,4.86
10/16/2019,4.86
10/15/2019,4.91
10/14/2019,4.66
10/11/2019,4.65
10/10/2019,4.58
10/9/2019,4.52
10/8/2019,4.43
10/7/2019,4.61
10/4/2019,4.55
10/3/2019,4.53
10/2/2019,4.33
10/1/2019,4.35
9/30/2019,4.35
9/27/2019,4.29
9/26/2019,4.43
9/25/2019,4.46
9/24/2019,4.31
9/23/2019,4.37
9/20/2019,4.32
9/19/2019,4.42
9/18/2019,4.5
9/17/2019,4.53
9/16/2019,4.51
9/13/2019,4.55
9/12/2019,4.61
9/11/2019,4.61
9/10/2019,4.58
9/9/2019,4.51
9/6/2019,4.47
9/5/2019,4.49
9/4/2019,4.22
9/3/2019,4.1
8/30/2019,4.19
8/29/2019,4.17
8/28/2019,4.03
8/27/2019,4.04
8/26/2019,4.14
8/23/2019,4.06
8/22/2019,4.29
8/21/2019,4.28
8/20/2019,4.2
8/19/2019,4.27
8/16/2019,3.99
8/15/2019,3.72
8/14/2019,3.75
8/13/2019,3.9
8/12/2019,3.79
8/9/2019,3.85
8/8/2019,3.96
8/7/2019,3.85
8/6/2019,3.81
8/5/2019,3.77
8/2/2019,4.03
8/1/2019,4.12
7/31/2019,4.22
7/30/2019,4.39
7/29/2019,4.37
7/26/2019,4.38
7/25/2019,4.33
7/24/2019,4.47
7/23/2019,4.39
7/22/2019,4.28
7/19/2019,4.21
7/18/2019,4.25
7/17/2019,4.24
7/16/2019,4.18
7/15/2019,4.18
7/12/2019,4.19
7/11/2019,4.16
7/10/2019,4
7/9/2019,3.93
7/8/2019,3.93
7/5/2019,4.01
7/3/2019,4.07
7/2/2019,4.06
7/1/2019,4.15
6/28/2019,4.11
6/27/2019,4.08
6/26/2019,3.98
6/25/2019,3.79
6/24/2019,3.82
6/21/2019,3.79
6/20/2019,3.85
6/19/2019,3.83
6/18/2019,3.82
6/17/2019,3.63
6/14/2019,3.62
6/13/2019,3.71
6/12/2019,3.65
6/11/2019,3.77
6/10/2019,3.71
6/7/2019,3.64
6/6/2019,3.59
6/5/2019,3.53
6/4/2019,3.58
6/3/2019,3.34
5/31/2019,3.39
5/30/2019,3.48
5/29/2019,3.51
5/28/2019,3.58
5/24/2019,3.63
5/23/2019,3.68
5/22/2019,3.81
5/21/2019,3.88
5/20/2019,3.79
5/17/2019,3.91
5/16/2019,4
5/15/2019,3.99
5/14/2019,4.05
5/13/2019,3.96
5/10/2019,4.22
5/9/2019,4.25
5/8/2019,4.35
5/7/2019,4.33
5/6/2019,4.5
5/3/2019,4.58
5/2/2019,4.58
5/1/2019,4.51
4/30/2019,4.53
4/29/2019,4.48
4/26/2019,4.45
4/25/2019,4.67
4/24/2019,4.78
4/23/2019,4.77
4/22/2019,4.71
4/18/2019,4.66
4/17/2019,4.68
4/16/2019,4.71
4/15/2019,4.62
4/12/2019,4.75
4/11/2019,4.79
4/10/2019,4.8
4/9/2019,4.73
4/8/2019,4.79
4/5/2019,4.77
4/4/2019,4.71
4/3/2019,4.72
4/2/2019,4.58
4/1/2019,4.56
3/29/2019,4.49
3/28/2019,4.43
3/27/2019,4.41
3/26/2019,4.42
3/25/2019,4.34
3/22/2019,4.44
3/21/2019,4.6
3/20/2019,4.36
3/19/2019,4.39
3/18/2019,4.22
3/15/2019,4.25
3/14/2019,4.14
3/13/2019,4.22
3/12/2019,4.06
3/11/2019,4.03
3/8/2019,3.77
3/7/2019,3.73
3/6/2019,3.8
3/5/2019,3.91
3/4/2019,3.92
3/1/2019,3.91
2/28/2019,3.86
2/27/2019,3.89
2/26/2019,3.93
2/25/2019,3.97
2/22/2019,3.98
2/21/2019,3.89
2/20/2019,3.96
2/19/2019,3.92
2/15/2019,3.93
2/14/2019,3.86
2/13/2019,3.82
2/12/2019,3.78
2/11/2019,3.66
2/8/2019,3.7
2/7/2019,3.69
2/6/2019,3.83
2/5/2019,3.75
2/4/2019,3.73
2/1/2019,3.62
1/31/2019,3.59
1/30/2019,3.43
1/29/2019,3.29
1/28/2019,3.45
1/25/2019,4
1/24/2019,3.95
1/23/2019,3.73
1/22/2019,3.72
1/18/2019,3.92
1/17/2019,3.79
1/16/2019,3.72
1/15/2019,3.75
1/14/2019,3.76
1/11/2019,3.72
1/10/2019,3.63
1/9/2019,3.56
1/8/2019,3.5
1/7/2019,3.58
1/4/2019,3.4
1/3/2019,3.2
1/2/2019,3.41
12/31/2018,3.34
12/28/2018,3.34
12/27/2018,3.28
12/26/2018,3.33
12/24/2018,3.18
12/21/2018,3.24
12/20/2018,3.38
12/19/2018,3.46
12/18/2018,3.67
12/17/2018,3.59
12/14/2018,3.66
12/13/2018,3.72
12/12/2018,3.72
12/11/2018,3.7
12/10/2018,3.8
12/7/2018,3.69
12/6/2018,3.96
12/4/2018,3.93
12/3/2018,4.25
11/30/2018,4.09
11/29/2018,3.93
11/28/2018,4
11/27/2018,3.84
11/26/2018,3.83
11/23/2018,3.62
11/21/2018,3.62
11/20/2018,3.73
11/19/2018,3.62
11/16/2018,4.11
11/15/2018,5.06
11/14/2018,4.93
11/13/2018,4.98
11/12/2018,4.74
11/9/2018,5.14
11/8/2018,5.15
11/7/2018,5.34
11/6/2018,5.28
11/5/2018,5.29
11/2/2018,5.37
11/1/2018,5.45
10/31/2018,5.27
10/30/2018,5.08
10/29/2018,4.64
10/26/2018,4.96
10/25/2018,5.2
10/24/2018,4.99
10/23/2018,5.53
10/22/2018,5.78
10/19/2018,5.73
10/18/2018,5.99
10/17/2018,6.08
10/16/2018,6.15
10/15/2018,5.88
10/12/2018,6.16
10/11/2018,5.88
10/10/2018,6.14
10/9/2018,6.64
10/8/2018,6.64
10/5/2018,6.75
10/4/2018,6.98
10/3/2018,7.17
10/2/2018,7.16
10/1/2018,7.23
9/28/2018,7.03
9/27/2018,6.68
9/26/2018,6.67
9/25/2018,6.71
9/24/2018,6.64
9/21/2018,6.59
9/20/2018,6.66
9/19/2018,6.8
9/18/2018,6.78
9/17/2018,6.85
9/14/2018,6.91
9/13/2018,6.78
9/12/2018,6.71
9/11/2018,6.82
9/10/2018,6.87
9/7/2018,6.8
9/6/2018,6.82
9/5/2018,6.96
9/4/2018,7.09
8/31/2018,7.02
8/30/2018,6.95
8/29/2018,6.96
8/28/2018,6.86
8/27/2018,6.9
8/24/2018,6.81
8/23/2018,6.67
8/22/2018,6.57
8/21/2018,6.33
8/20/2018,6.2
8/17/2018,6.12
8/16/2018,6.44
8/15/2018,6.48
8/14/2018,6.54
8/13/2018,6.4
8/10/2018,6.37
8/9/2018,6.41
8/8/2018,6.46
8/7/2018,6.42
8/6/2018,6.35
8/3/2018,6.3
8/2/2018,6.27
8/1/2018,6.16
7/31/2018,6.12
7/30/2018,6.1
7/27/2018,6.3
7/26/2018,6.37
7/25/2018,6.3
7/24/2018,6.22
7/23/2018,6.24
7/20/2018,6.27
7/19/2018,6.3
7/18/2018,6.29
7/17/2018,6.34
7/16/2018,6.21
7/13/2018,6.23
7/12/2018,6.28
7/11/2018,6.19
7/10/2018,6.33
7/9/2018,6.23
7/6/2018,6.18
7/5/2018,6.07
7/3/2018,5.92
7/2/2018,6.06
6/29/2018,5.92
6/28/2018,6.02
6/27/2018,5.89
6/26/2018,6.05
6/25/2018,5.98
6/22/2018,6.27
6/21/2018,6.43
6/20/2018,6.56
6/19/2018,6.5
6/18/2018,6.63
6/15/2018,6.63
6/14/2018,6.67
6/13/2018,6.56
6/12/2018,6.56
6/11/2018,6.52
6/8/2018,6.56
6/7/2018,6.57
6/6/2018,6.63
6/5/2018,6.63
6/4/2018,6.62
6/1/2018,6.44
5/31/2018,6.3
5/30/2018,6.32
5/29/2018,6.21
5/25/2018,6.23
5/24/2018,6.19
5/23/2018,6.19
5/22/2018,6.07
5/21/2018,6.11
5/18/2018,6.15
5/17/2018,6.19
5/16/2018,6.15
5/15/2018,6.14
5/14/2018,6.38
5/11/2018,6.36
5/10/2018,6.5
5/9/2018,6.39
5/8/2018,6.26
5/7/2018,6.22
5/4/2018,5.98
5/3/2018,5.82
5/2/2018,5.66
5/1/2018,5.68
4/30/2018,5.62
4/27/2018,5.66
4/26/2018,5.63
4/25/2018,5.42
4/24/2018,5.53
4/23/2018,5.6
4/20/2018,5.72
4/19/2018,5.73
4/18/2018,5.91
4/17/2018,5.94
4/16/2018,5.79
4/13/2018,5.79
4/12/2018,5.87
4/11/2018,5.66
4/10/2018,5.7
4/9/2018,5.39
4/6/2018,5.36
4/5/2018,5.53
4/4/2018,5.66
4/3/2018,5.63
4/2/2018,5.53
3/29/2018,5.79
3/28/2018,5.53
3/27/2018,5.64
3/26/2018,6.11
3/23/2018,5.82
3/22/2018,6.05
3/21/2018,6.21
3/20/2018,6.24
3/19/2018,6.03
3/16/2018,6.26
3/15/2018,6.23
3/14/2018,6.22
3/13/2018,6.19
3/12/2018,6.24
3/9/2018,6.13
3/8/2018,6.03
3/7/2018,6.05
3/6/2018,6.05
3/5/2018,5.89
3/2/2018,5.91
3/1/2018,5.81
2/28/2018,6.05
2/27/2018,6.15
2/26/2018,6.16
2/23/2018,6.15
2/22/2018,6.05
2/21/2018,6.04
2/20/2018,6.23
2/16/2018,6.1
2/15/2018,6.16
2/14/2018,6.04
2/13/2018,5.82
2/12/2018,5.7
2/9/2018,5.8
2/8/2018,5.44
2/7/2018,5.72
2/6/2018,5.64
2/5/2018,5.34
2/2/2018,5.84
2/1/2018,6.01
1/31/2018,6.14
1/30/2018,6.07
1/29/2018,6.17
1/26/2018,6.08
1/25/2018,5.91
1/24/2018,5.89
1/23/2018,5.97
1/22/2018,5.84
1/19/2018,5.75
1/18/2018,5.61
1/17/2018,5.62
1/16/2018,5.5
1/12/2018,5.57
1/11/2018,5.6
1/10/2018,5.59
1/9/2018,5.55
1/8/2018,5.55
1/5/2018,5.38
1/4/2018,5.34
1/3/2018,5.31
1/2/2018,4.98
12/29/2017,4.84
12/28/2017,4.93
12/27/2017,4.93
12/26/2017,4.94
12/22/2017,4.88
12/21/2017,4.9
12/20/2017,4.92
12/19/2017,4.9
12/18/2017,4.95
12/15/2017,4.79
12/14/2017,4.66
12/13/2017,4.65
12/12/2017,4.77
12/11/2017,4.87
12/8/2017,4.79
12/7/2017,4.8
12/6/2017,4.73
12/5/2017,4.69
12/4/2017,4.67
12/1/2017,4.94
11/30/2017,5.02
11/29/2017,4.91
11/28/2017,5.27
11/27/2017,5.35
11/24/2017,5.42
11/22/2017,5.37
11/21/2017,5.4
11/20/2017,5.35
11/17/2017,5.28
11/16/2017,5.29
11/15/2017,5.25
11/14/2017,5.35
11/13/2017,5.32
11/10/2017,5.4
11/9/2017,5.13
11/8/2017,5.23
11/7/2017,5.3
11/6/2017,5.24
11/3/2017,5.22
11/2/2017,5.15
11/1/2017,5.18
10/31/2017,5.17
10/30/2017,5.1
10/27/2017,5.05
10/26/2017,4.89
10/25/2017,4.84
10/24/2017,4.97
10/23/2017,4.92
10/20/2017,4.92
10/19/2017,4.95
10/18/2017,4.94
10/17/2017,4.94
10/16/2017,4.95
10/13/2017,4.86
10/12/2017,4.78
10/11/2017,4.77
10/10/2017,4.72
10/9/2017,4.63
10/6/2017,4.53
10/5/2017,4.52
10/4/2017,4.52
10/3/2017,4.48
10/2/2017,4.47
9/29/2017,4.47
9/28/2017,4.39
9/27/2017,4.39
9/26/2017,4.3
9/25/2017,4.28
9/22/2017,4.47
9/21/2017,4.52
9/20/2017,4.65
9/19/2017,4.68
9/18/2017,4.69
9/15/2017,4.5
9/14/2017,4.24
9/13/2017,4.26
9/12/2017,4.24
9/11/2017,4.22
9/8/2017,4.09
9/7/2017,4.16
9/6/2017,4.15
9/5/2017,4.15
9/1/2017,4.26
8/31/2017,4.24
8/30/2017,4.14
8/29/2017,4.12
8/28/2017,4.12
8/25/2017,4.1
8/24/2017,4.13
8/23/2017,4.14
8/22/2017,4.06
8/21/2017,3.98
8/18/2017,4.04
8/17/2017,4.04
8/16/2017,4.13
8/15/2017,4.17
8/14/2017,4.21
8/11/2017,3.9
8/10/2017,4.12
8/9/2017,4.3
8/8/2017,4.26
8/7/2017,4.31
8/4/2017,4.18
8/3/2017,4.16
8/2/2017,4.11
8/1/2017,4.11
7/31/2017,4.06
7/28/2017,4.11
7/27/2017,4.04
7/26/2017,4.18
7/25/2017,4.13
7/24/2017,4.15
7/21/2017,4.2
7/20/2017,4.19
7/19/2017,4.13
7/18/2017,4.15
7/17/2017,4.11
7/14/2017,4.12
7/13/2017,4.02
7/12/2017,4.06
7/11/2017,3.9
7/10/2017,3.84
7/7/2017,3.67
7/6/2017,3.59
7/5/2017,3.58
7/3/2017,3.48
6/30/2017,3.61
6/29/2017,3.67
6/28/2017,3.79
6/27/2017,3.66
6/26/2017,3.8
6/23/2017,3.85
6/22/2017,3.96
6/21/2017,3.99
6/20/2017,3.93
6/19/2017,3.93
6/16/2017,3.79
6/15/2017,3.81
6/14/2017,3.79
6/13/2017,3.79
6/12/2017,3.75
6/9/2017,3.74
6/8/2017,4
6/7/2017,3.73
6/6/2017,3.68
6/5/2017,3.7
6/2/2017,3.59
6/1/2017,3.61
5/31/2017,3.61
5/30/2017,3.62
5/26/2017,3.55
5/25/2017,3.46
5/24/2017,3.46
5/23/2017,3.43
5/22/2017,3.47
5/19/2017,3.4
5/18/2017,3.33
5/17/2017,3.19
5/16/2017,3.42
5/15/2017,3.36
5/12/2017,3.2
5/11/2017,3.16
5/10/2017,3.03
5/9/2017,2.57
5/8/2017,2.57
5/5/2017,2.6
5/4/2017,2.6
5/3/2017,2.61
5/2/2017,2.59
5/1/2017,2.67
4/28/2017,2.61
4/27/2017,2.64
4/26/2017,2.6
4/25/2017,2.62
4/24/2017,2.57
4/21/2017,2.54
4/20/2017,2.53
4/19/2017,2.49
4/18/2017,2.48
4/17/2017,2.48
4/13/2017,2.39
4/12/2017,2.43
4/11/2017,2.45
4/10/2017,2.44
4/7/2017,2.51
4/6/2017,2.52
4/5/2017,2.5
4/4/2017,2.52
4/3/2017,2.71
3/31/2017,2.72
3/30/2017,2.73
3/29/2017,2.68
3/28/2017,2.69
3/27/2017,2.71
3/24/2017,2.69
3/23/2017,2.68
3/22/2017,2.7
3/21/2017,2.65
3/20/2017,2.74
3/17/2017,2.65
3/16/2017,2.6
3/15/2017,2.56
3/14/2017,2.54
3/13/2017,2.55
3/10/2017,2.48
3/9/2017,2.46
3/8/2017,2.46
3/7/2017,2.47
3/6/2017,2.44
3/3/2017,2.46
3/2/2017,2.48
3/1/2017,2.57
2/28/2017,2.54
2/27/2017,2.61
2/24/2017,2.54
2/23/2017,2.51
2/22/2017,2.77
2/21/2017,2.78
2/17/2017,2.68
2/16/2017,2.68
2/15/2017,2.73
2/14/2017,2.72
2/13/2017,2.71
2/10/2017,2.84
2/9/2017,2.91
2/8/2017,2.97
2/7/2017,2.98
2/6/2017,2.93
2/3/2017,2.86
2/2/2017,2.88
2/1/2017,2.85
1/31/2017,2.73
1/30/2017,2.75
1/27/2017,2.79
1/26/2017,2.74
1/25/2017,2.69
1/24/2017,2.68
1/23/2017,2.63
1/20/2017,2.6
1/19/2017,2.63
1/18/2017,2.57
1/17/2017,2.53
1/13/2017,2.59
1/12/2017,2.59
1/11/2017,2.63
1/10/2017,2.66
1/9/2017,2.68
1/6/2017,2.58
1/5/2017,2.54
1/4/2017,2.61
1/3/2017,2.55
12/30/2016,2.67
12/29/2016,2.79
12/28/2016,2.73
12/27/2016,2.93
12/23/2016,2.74
12/22/2016,2.68
12/21/2016,2.65
12/20/2016,2.63
12/19/2016,2.54
12/16/2016,2.51
12/15/2016,2.47
12/14/2016,2.41
12/13/2016,2.28
12/12/2016,2.24
12/9/2016,2.3
12/8/2016,2.34
12/7/2016,2.38
12/6/2016,2.33
12/5/2016,2.3
12/2/2016,2.21
12/1/2016,2.19
11/30/2016,2.31
11/29/2016,2.33
11/28/2016,2.35
11/25/2016,2.35
11/23/2016,2.35
11/22/2016,2.34
11/21/2016,2.32
11/18/2016,2.33
11/17/2016,2.31
11/16/2016,2.29
11/15/2016,2.15
11/14/2016,2.09
11/11/2016,2.2
11/10/2016,1.69
11/9/2016,1.75
11/8/2016,1.78
11/7/2016,1.78
11/4/2016,1.69
11/3/2016,1.7
11/2/2016,1.72
11/1/2016,1.73
10/31/2016,1.78
10/28/2016,1.76
10/27/2016,1.77
10/26/2016,1.8
10/25/2016,1.8
10/24/2016,1.77
10/21/2016,1.69
10/20/2016,1.69
10/19/2016,1.66
10/18/2016,1.67
10/17/2016,1.64
10/14/2016,1.65
10/13/2016,1.63
10/12/2016,1.66
10/11/2016,1.65
10/10/2016,1.68
10/7/2016,1.67
10/6/2016,1.68
10/5/2016,1.71
10/4/2016,1.71
10/3/2016,1.71
9/30/2016,1.71
9/29/2016,1.69
9/28/2016,1.67
9/27/2016,1.66
9/26/2016,1.61
9/23/2016,1.62
9/22/2016,1.63
9/21/2016,1.62
9/20/2016,1.58
9/19/2016,1.59
9/16/2016,1.57
9/15/2016,1.57
9/14/2016,1.51
9/13/2016,1.5
9/12/2016,1.52
9/9/2016,1.49
9/8/2016,1.57
9/7/2016,1.55
9/6/2016,1.58
9/2/2016,1.56
9/1/2016,1.58
8/31/2016,1.53
8/30/2016,1.54
8/29/2016,1.55
8/26/2016,1.55
8/25/2016,1.54
8/24/2016,1.55
8/23/2016,1.57
8/22/2016,1.56
8/19/2016,1.56
8/18/2016,1.55
8/17/2016,1.53
8/16/2016,1.56
8/15/2016,1.57
8/12/2016,1.58
8/11/2016,1.49
8/10/2016,1.46
8/9/2016,1.47
8/8/2016,1.47
8/5/2016,1.46
8/4/2016,1.43
8/3/2016,1.4
8/2/2016,1.4
8/1/2016,1.42
7/29/2016,1.43
7/28/2016,1.4
7/27/2016,1.4
7/26/2016,1.42
7/25/2016,1.39
7/22/2016,1.37
7/21/2016,1.33
7/20/2016,1.36
7/19/2016,1.34
7/18/2016,1.32
7/15/2016,1.32
7/14/2016,1.33
7/13/2016,1.32
7/12/2016,1.32
7/11/2016,1.3
7/8/2016,1.27
7/7/2016,1.22
7/6/2016,1.19
7/5/2016,1.18
7/1/2016,1.17
6/30/2016,1.18
6/29/2016,1.17
6/28/2016,1.15
6/27/2016,1.13
6/24/2016,1.14
6/23/2016,1.21
6/22/2016,1.18
6/21/2016,1.18
6/20/2016,1.19
6/17/2016,1.17
6/16/2016,1.19
6/15/2016,1.18
6/14/2016,1.17
6/13/2016,1.17
6/10/2016,1.16
6/9/2016,1.18
6/8/2016,1.15
6/7/2016,1.16
6/6/2016,1.16
6/3/2016,1.16
6/2/2016,1.18
6/1/2016,1.17
5/31/2016,1.17
5/27/2016,1.15
5/26/2016,1.14
5/25/2016,1.13
5/24/2016,1.13
5/23/2016,1.11
5/20/2016,1.11
5/19/2016,1.09
5/18/2016,1.08
5/17/2016,1.06
5/16/2016,1.05
5/13/2016,1.02
5/12/2016,0.89
5/11/2016,0.9
5/10/2016,0.9
5/9/2016,0.88
5/6/2016,0.88
5/5/2016,0.87
5/4/2016,0.87
5/3/2016,0.89
5/2/2016,0.9
4/29/2016,0.89
4/28/2016,0.91
4/27/2016,0.93
4/26/2016,0.91
4/25/2016,0.91
4/22/2016,0.91
4/21/2016,0.91
4/20/2016,0.91
4/19/2016,0.91
4/18/2016,0.92
4/15/2016,0.93
4/14/2016,0.92
4/13/2016,0.92
4/12/2016,0.9
4/11/2016,0.9
4/8/2016,0.89
4/7/2016,0.89
4/6/2016,0.9
4/5/2016,0.89
4/4/2016,0.9
4/1/2016,0.9
3/31/2016,0.89
3/30/2016,0.89
3/29/2016,0.88
3/28/2016,0.87
3/24/2016,0.86
3/23/2016,0.86
3/22/2016,0.85
3/21/2016,0.85
3/18/2016,0.85
3/17/2016,0.82
3/16/2016,0.83
3/15/2016,0.8
3/14/2016,0.81
3/11/2016,0.81
3/10/2016,0.79
3/9/2016,0.79
3/8/2016,0.79
3/7/2016,0.81
3/4/2016,0.81
3/3/2016,0.82
3/2/2016,0.82
3/1/2016,0.82
2/29/2016,0.78
2/26/2016,0.79
2/25/2016,0.8
2/24/2016,0.8
2/23/2016,0.79
2/22/2016,0.79
2/19/2016,0.76
2/18/2016,0.75
2/17/2016,0.69
2/16/2016,0.67
2/12/2016,0.64
2/11/2016,0.63
2/10/2016,0.64
2/9/2016,0.64
2/8/2016,0.63
2/5/2016,0.66
2/4/2016,0.71
2/3/2016,0.7
2/2/2016,0.7
2/1/2016,0.73
1/29/2016,0.73
1/28/2016,0.7
1/27/2016,0.71
1/26/2016,0.72
1/25/2016,0.71
1/22/2016,0.71
1/21/2016,0.69
1/20/2016,0.69
1/19/2016,0.68
1/15/2016,0.68
1/14/2016,0.72
1/13/2016,0.73
1/12/2016,0.75
1/11/2016,0.74
1/8/2016,0.74
1/7/2016,0.76
1/6/2016,0.79
1/5/2016,0.82
1/4/2016,0.81
12/31/2015,0.82
12/30/2015,0.83
12/29/2015,0.84
12/28/2015,0.83
12/24/2015,0.83
12/23/2015,0.83
12/22/2015,0.82
12/21/2015,0.82
12/18/2015,0.8
12/17/2015,0.82
12/16/2015,0.83
12/15/2015,0.82
12/14/2015,0.81
12/11/2015,0.81
12/10/2015,0.82
12/9/2015,0.82
12/8/2015,0.84
12/7/2015,0.83
12/4/2015,0.84
12/3/2015,0.81
12/2/2015,0.81
12/1/2015,0.82
11/30/2015,0.79
11/27/2015,0.78
11/25/2015,0.78
11/24/2015,0.78
11/23/2015,0.77
11/20/2015,0.78
11/19/2015,0.78
11/18/2015,0.78
11/17/2015,0.76
11/16/2015,0.76
11/13/2015,0.74
11/12/2015,0.76
11/11/2015,0.76
11/10/2015,0.77
11/9/2015,0.79
11/6/2015,0.79
11/5/2015,0.69
11/4/2015,0.7
11/3/2015,0.71
11/2/2015,0.72
10/30/2015,0.71
10/29/2015,0.69
10/28/2015,0.72
10/27/2015,0.71
10/26/2015,0.71
10/23/2015,0.71
10/22/2015,0.71
10/21/2015,0.69
10/20/2015,0.69
10/19/2015,0.7
10/16/2015,0.7
10/15/2015,0.69
10/14/2015,0.68
10/13/2015,0.66
10/12/2015,0.66
10/9/2015,0.65
10/8/2015,0.65
10/7/2015,0.65
10/6/2015,0.64
10/5/2015,0.64
10/2/2015,0.62
10/1/2015,0.6
9/30/2015,0.62
9/29/2015,0.59
9/28/2015,0.58
9/25/2015,0.59
9/24/2015,0.59
9/23/2015,0.57
9/22/2015,0.57
9/21/2015,0.59
9/18/2015,0.58
9/17/2015,0.58
9/16/2015,0.58
9/15/2015,0.57
9/14/2015,0.57
9/11/2015,0.57
9/10/2015,0.56
9/9/2015,0.56
9/8/2015,0.57
9/4/2015,0.54
9/3/2015,0.56
9/2/2015,0.56
9/1/2015,0.54
8/31/2015,0.56
8/28/2015,0.57
8/27/2015,0.57
8/26/2015,0.55
8/25/2015,0.51
8/24/2015,0.52
8/21/2015,0.54
8/20/2015,0.55
8/19/2015,0.57
8/18/2015,0.58
8/17/2015,0.58
8/14/2015,0.59
8/13/2015,0.59
8/12/2015,0.59
8/11/2015,0.59
8/10/2015,0.59
8/7/2015,0.57
8/6/2015,0.51
8/5/2015,0.51
8/4/2015,0.51
8/3/2015,0.51
7/31/2015,0.5
7/30/2015,0.5
7/29/2015,0.5
7/28/2015,0.49
7/27/2015,0.48
7/24/2015,0.49
7/23/2015,0.49
7/22/2015,0.49
7/21/2015,0.49
7/20/2015,0.49
7/17/2015,0.5
7/16/2015,0.5
7/15/2015,0.49
7/14/2015,0.5
7/13/2015,0.5
7/10/2015,0.49
7/9/2015,0.49
7/8/2015,0.49
7/7/2015,0.49
7/6/2015,0.5
7/2/2015,0.51
7/1/2015,0.51
6/30/2015,0.5
6/29/2015,0.5
6/26/2015,0.52
6/25/2015,0.53
6/24/2015,0.53
6/23/2015,0.53
6/22/2015,0.54
6/19/2015,0.55
6/18/2015,0.55
6/17/2015,0.54
6/16/2015,0.53
6/15/2015,0.53
6/12/2015,0.53
6/11/2015,0.54
6/10/2015,0.54
6/9/2015,0.55
6/8/2015,0.54
6/5/2015,0.56
6/4/2015,0.55
6/3/2015,0.54
6/2/2015,0.55
6/1/2015,0.56
5/29/2015,0.55
5/28/2015,0.55
5/27/2015,0.55
5/26/2015,0.52
5/22/2015,0.52
5/21/2015,0.52
5/20/2015,0.53
5/19/2015,0.53
5/18/2015,0.53
5/15/2015,0.53
5/14/2015,0.53
5/13/2015,0.52
5/12/2015,0.52
5/11/2015,0.52
5/8/2015,0.52
5/7/2015,0.56
5/6/2015,0.55
5/5/2015,0.55
5/4/2015,0.57
5/1/2015,0.57
4/30/2015,0.55
4/29/2015,0.55
4/28/2015,0.56
4/27/2015,0.56
4/24/2015,0.55
4/23/2015,0.56
4/22/2015,0.56
4/21/2015,0.55
4/20/2015,0.55
4/17/2015,0.56
4/16/2015,0.56
4/15/2015,0.57
4/14/2015,0.56
4/13/2015,0.56
4/10/2015,0.57
4/9/2015,0.56
4/8/2015,0.55
4/7/2015,0.55
4/6/2015,0.54
4/2/2015,0.53
4/1/2015,0.53
3/31/2015,0.52
3/30/2015,0.54
3/27/2015,0.53
3/26/2015,0.52
3/25/2015,0.53
3/24/2015,0.56
3/23/2015,0.57
3/20/2015,0.59
3/19/2015,0.58
3/18/2015,0.57
3/17/2015,0.58
3/16/2015,0.57
3/13/2015,0.57
3/12/2015,0.57
3/11/2015,0.57
3/10/2015,0.57
3/9/2015,0.57
3/6/2015,0.56
3/5/2015,0.57
3/4/2015,0.56
3/3/2015,0.55
3/2/2015,0.56
2/27/2015,0.55
2/26/2015,0.56
2/25/2015,0.55
2/24/2015,0.56
2/23/2015,0.55
2/20/2015,0.56
2/19/2015,0.55
2/18/2015,0.55
2/17/2015,0.56
2/13/2015,0.56
2/12/2015,0.56
2/11/2015,0.52
2/10/2015,0.52
2/9/2015,0.51
2/6/2015,0.51
2/5/2015,0.51
2/4/2015,0.5
2/3/2015,0.5
2/2/2015,0.49
1/30/2015,0.48
1/29/2015,0.49
1/28/2015,0.48
1/27/2015,0.49
1/26/2015,0.52
1/23/2015,0.52
1/22/2015,0.52
1/21/2015,0.51
1/20/2015,0.5
1/16/2015,0.5
1/15/2015,0.49
1/14/2015,0.49
1/13/2015,0.49
1/12/2015,0.49
1/9/2015,0.5
1/8/2015,0.5
1/7/2015,0.48
1/6/2015,0.48
1/5/2015,0.49
1/2/2015,0.5
12/31/2014,0.5
12/30/2014,0.51
12/29/2014,0.51
12/26/2014,0.51
12/24/2014,0.51
12/23/2014,0.52
12/22/2014,0.52
12/19/2014,0.51
12/18/2014,0.51
12/17/2014,0.5
12/16/2014,0.48
12/15/2014,0.49
12/12/2014,0.49
12/11/2014,0.51
12/10/2014,0.51
12/9/2014,0.52
12/8/2014,0.52
12/5/2014,0.53
12/4/2014,0.52
12/3/2014,0.53
12/2/2014,0.52
12/1/2014,0.51
11/28/2014,0.52
11/26/2014,0.52
11/25/2014,0.51
11/24/2014,0.51
11/21/2014,0.51
11/20/2014,0.51
11/19/2014,0.5
11/18/2014,0.5
11/17/2014,0.49
11/14/2014,0.49
11/13/2014,0.49
11/12/2014,0.49
11/11/2014,0.49
11/10/2014,0.5
11/7/2014,0.49
11/6/2014,0.51
11/5/2014,0.5
11/4/2014,0.5
11/3/2014,0.5
10/31/2014,0.49
10/30/2014,0.47
10/29/2014,0.47
10/28/2014,0.47
10/27/2014,0.46
10/24/2014,0.46
10/23/2014,0.46
10/22/2014,0.45
10/21/2014,0.46
10/20/2014,0.44
10/17/2014,0.44
10/16/2014,0.44
10/15/2014,0.44
10/14/2014,0.43
10/13/2014,0.42
10/10/2014,0.42
10/9/2014,0.45
10/8/2014,0.46
10/7/2014,0.45
10/6/2014,0.45
10/3/2014,0.46
10/2/2014,0.45
10/1/2014,0.46
9/30/2014,0.46
9/29/2014,0.46
9/26/2014,0.46
9/25/2014,0.46
9/24/2014,0.47
9/23/2014,0.47
9/22/2014,0.47
9/19/2014,0.48
9/18/2014,0.49
9/17/2014,0.48
9/16/2014,0.48
9/15/2014,0.47
9/12/2014,0.48
9/11/2014,0.49
9/10/2014,0.49
9/9/2014,0.49
9/8/2014,0.49
9/5/2014,0.5
9/4/2014,0.5
9/3/2014,0.49
9/2/2014,0.49
8/29/2014,0.49
8/28/2014,0.48
8/27/2014,0.48
8/26/2014,0.49
8/25/2014,0.48
8/22/2014,0.48
8/21/2014,0.48
8/20/2014,0.48
8/19/2014,0.48
8/18/2014,0.48
8/15/2014,0.48
8/14/2014,0.47
8/13/2014,0.48
8/12/2014,0.47
8/11/2014,0.47
8/8/2014,0.47
8/7/2014,0.44
8/6/2014,0.44
8/5/2014,0.44
8/4/2014,0.44
8/1/2014,0.44
7/31/2014,0.44
7/30/2014,0.45
7/29/2014,0.44
7/28/2014,0.44
7/25/2014,0.44
7/24/2014,0.45
7/23/2014,0.45
7/22/2014,0.46
7/21/2014,0.46
7/18/2014,0.46
7/17/2014,0.48
7/16/2014,0.48
7/15/2014,0.48
7/14/2014,0.48
7/11/2014,0.48
7/10/2014,0.48
7/9/2014,0.48
7/8/2014,0.46
7/7/2014,0.47
7/3/2014,0.47
7/2/2014,0.47
7/1/2014,0.47
6/30/2014,0.46
6/27/2014,0.46
6/26/2014,0.46
6/25/2014,0.47
6/24/2014,0.46
6/23/2014,0.47
6/20/2014,0.47
6/19/2014,0.48
6/18/2014,0.49
6/17/2014,0.49
6/16/2014,0.49
6/13/2014,0.49
6/12/2014,0.49
6/11/2014,0.48
6/10/2014,0.48
6/9/2014,0.48
6/6/2014,0.48
6/5/2014,0.47
6/4/2014,0.47
6/3/2014,0.47
6/2/2014,0.47
5/30/2014,0.47
5/29/2014,0.47
5/28/2014,0.47
5/27/2014,0.47
5/23/2014,0.46
5/22/2014,0.46
5/21/2014,0.46
5/20/2014,0.46
5/19/2014,0.46
5/16/2014,0.45
5/15/2014,0.45
5/14/2014,0.45
5/13/2014,0.46
5/12/2014,0.46
5/9/2014,0.45
5/8/2014,0.46
5/7/2014,0.46
5/6/2014,0.46
5/5/2014,0.47
5/2/2014,0.46
5/1/2014,0.46
4/30/2014,0.46
4/29/2014,0.47
4/28/2014,0.47
4/25/2014,0.47
4/24/2014,0.48
4/23/2014,0.48
4/22/2014,0.47
4/21/2014,0.47
4/17/2014,0.46
4/16/2014,0.46
4/15/2014,0.46
4/14/2014,0.46
4/11/2014,0.45
4/10/2014,0.46
4/9/2014,0.47
4/8/2014,0.47
4/7/2014,0.46
4/4/2014,0.45
4/3/2014,0.47
4/2/2014,0.46
4/1/2014,0.47
3/31/2014,0.45
3/28/2014,0.45
3/27/2014,0.44
3/26/2014,0.45
3/25/2014,0.46
3/24/2014,0.46
3/21/2014,0.46
3/20/2014,0.46
3/19/2014,0.46
3/18/2014,0.46
3/17/2014,0.45
3/14/2014,0.45
3/13/2014,0.44
3/12/2014,0.46
3/11/2014,0.46
3/10/2014,0.45
3/7/2014,0.46
3/6/2014,0.46
3/5/2014,0.47
3/4/2014,0.46
3/3/2014,0.46
2/28/2014,0.46
2/27/2014,0.46
2/26/2014,0.47
2/25/2014,0.47
2/24/2014,0.47
2/21/2014,0.47
2/20/2014,0.47
2/19/2014,0.45
2/18/2014,0.45
2/14/2014,0.45
2/13/2014,0.43
2/12/2014,0.42
2/11/2014,0.41
2/10/2014,0.4
2/7/2014,0.4
2/6/2014,0.39
2/5/2014,0.39
2/4/2014,0.39
2/3/2014,0.39
1/31/2014,0.39
1/30/2014,0.39
1/29/2014,0.39
1/28/2014,0.39
1/27/2014,0.39
1/24/2014,0.39
1/23/2014,0.4
1/22/2014,0.4
1/21/2014,0.4
1/17/2014,0.4
1/16/2014,0.4
1/15/2014,0.4
1/14/2014,0.4
1/13/2014,0.38
1/10/2014,0.39
1/9/2014,0.39
1/8/2014,0.41
1/7/2014,0.4
1/6/2014,0.4
1/3/2014,0.39
1/2/2014,0.4
12/31/2013,0.4
12/30/2013,0.4
12/27/2013,0.39
12/26/2013,0.39
12/24/2013,0.4
12/23/2013,0.39
12/20/2013,0.39
12/19/2013,0.38
12/18/2013,0.38
12/17/2013,0.38
12/16/2013,0.38
12/13/2013,0.38
12/12/2013,0.38
12/11/2013,0.39
12/10/2013,0.39
12/9/2013,0.38
12/6/2013,0.39
12/5/2013,0.39
12/4/2013,0.4
12/3/2013,0.39
12/2/2013,0.39
11/29/2013,0.39
11/27/2013,0.39
11/26/2013,0.39
11/25/2013,0.39
11/22/2013,0.38
11/21/2013,0.38
11/20/2013,0.38
11/19/2013,0.39
11/18/2013,0.39
11/15/2013,0.4
11/14/2013,0.41
11/13/2013,0.4
11/12/2013,0.39
11/11/2013,0.39
11/8/2013,0.39
11/7/2013,0.36
11/6/2013,0.37
11/5/2013,0.37
11/4/2013,0.37
11/1/2013,0.38
10/31/2013,0.38
10/30/2013,0.38
10/29/2013,0.38
10/28/2013,0.38
10/25/2013,0.38
10/24/2013,0.38
10/23/2013,0.39
10/22/2013,0.39
10/21/2013,0.4
10/18/2013,0.4
10/17/2013,0.39
10/16/2013,0.39
10/15/2013,0.39
10/14/2013,0.39
10/11/2013,0.38
10/10/2013,0.38
10/9/2013,0.38
10/8/2013,0.39
10/7/2013,0.39
10/4/2013,0.39
10/3/2013,0.38
10/2/2013,0.39
10/1/2013,0.39
9/30/2013,0.39
9/27/2013,0.39
9/26/2013,0.39
9/25/2013,0.39
9/24/2013,0.39
9/23/2013,0.39
9/20/2013,0.39
9/19/2013,0.4
9/18/2013,0.4
9/17/2013,0.4
9/16/2013,0.4
9/13/2013,0.4
9/12/2013,0.39
9/11/2013,0.39
9/10/2013,0.39
9/9/2013,0.38
9/6/2013,0.37
9/5/2013,0.37
9/4/2013,0.37
9/3/2013,0.37
8/30/2013,0.37
8/29/2013,0.37
8/28/2013,0.37
8/27/2013,0.37
8/26/2013,0.37
8/23/2013,0.37
8/22/2013,0.37
8/21/2013,0.37
8/20/2013,0.37
8/19/2013,0.37
8/16/2013,0.38
8/15/2013,0.38
8/14/2013,0.38
8/13/2013,0.36
8/12/2013,0.36
8/9/2013,0.36
8/8/2013,0.37
8/7/2013,0.36
8/6/2013,0.37
8/5/2013,0.37
8/2/2013,0.37
8/1/2013,0.37
7/31/2013,0.36
7/30/2013,0.36
7/29/2013,0.35
7/26/2013,0.35
7/25/2013,0.36
7/24/2013,0.36
7/23/2013,0.36
7/22/2013,0.36
7/19/2013,0.36
7/18/2013,0.36
7/17/2013,0.37
7/16/2013,0.37
7/15/2013,0.37
7/12/2013,0.37
7/11/2013,0.37
7/10/2013,0.36
7/9/2013,0.36
7/8/2013,0.35
7/5/2013,0.36
7/3/2013,0.35
7/2/2013,0.35
7/1/2013,0.35
6/28/2013,0.35
6/27/2013,0.35
6/26/2013,0.35
6/25/2013,0.36
6/24/2013,0.35
6/21/2013,0.36
6/20/2013,0.36
6/19/2013,0.37
6/18/2013,0.36
6/17/2013,0.36
6/14/2013,0.36
6/13/2013,0.36
6/12/2013,0.35
6/11/2013,0.35
6/10/2013,0.36
6/7/2013,0.36
6/6/2013,0.36
6/5/2013,0.35
6/4/2013,0.36
6/3/2013,0.36
5/31/2013,0.36
5/30/2013,0.37
5/29/2013,0.36
5/28/2013,0.36
5/24/2013,0.36
5/23/2013,0.37
5/22/2013,0.36
5/21/2013,0.37
5/20/2013,0.37
5/17/2013,0.37
5/16/2013,0.37
5/15/2013,0.37
5/14/2013,0.36
5/13/2013,0.36
5/10/2013,0.36
5/9/2013,0.35
5/8/2013,0.35
5/7/2013,0.34
5/6/2013,0.35
5/3/2013,0.35
5/2/2013,0.35
5/1/2013,0.34
4/30/2013,0.34
4/29/2013,0.34
4/26/2013,0.34
4/25/2013,0.34
4/24/2013,0.33
4/23/2013,0.32
4/22/2013,0.31
4/19/2013,0.31
4/18/2013,0.31
4/17/2013,0.32
4/16/2013,0.32
4/15/2013,0.32
4/12/2013,0.33
4/11/2013,0.32
4/10/2013,0.32
4/9/2013,0.32
4/8/2013,0.31
4/5/2013,0.31
4/4/2013,0.31
4/3/2013,0.3
4/2/2013,0.31
4/1/2013,0.31
3/28/2013,0.32
3/27/2013,0.32
3/26/2013,0.31
3/25/2013,0.31
3/22/2013,0.31
3/21/2013,0.31
3/20/2013,0.32
3/19/2013,0.31
3/18/2013,0.31
3/15/2013,0.32
3/14/2013,0.32
3/13/2013,0.32
3/12/2013,0.32
3/11/2013,0.32
3/8/2013,0.32
3/7/2013,0.32
3/6/2013,0.32
3/5/2013,0.32
3/4/2013,0.32
3/1/2013,0.32
2/28/2013,0.32
2/27/2013,0.32
2/26/2013,0.31
2/25/2013,0.31
2/22/2013,0.31
2/21/2013,0.31
2/20/2013,0.31
2/19/2013,0.31
2/15/2013,0.32
2/14/2013,0.32
2/13/2013,0.31
2/12/2013,0.31
2/11/2013,0.31
2/8/2013,0.31
2/7/2013,0.31
2/6/2013,0.31
2/5/2013,0.31
2/4/2013,0.3
2/1/2013,0.31
1/31/2013,0.31
1/30/2013,0.31
1/29/2013,0.31
1/28/2013,0.32
1/25/2013,0.31
1/24/2013,0.3
1/23/2013,0.3
1/22/2013,0.3
1/18/2013,0.3
1/17/2013,0.31
1/16/2013,0.3
1/15/2013,0.3
1/14/2013,0.3
1/11/2013,0.31
1/10/2013,0.31
1/9/2013,0.31
1/8/2013,0.31
1/7/2013,0.32
1/4/2013,0.33
1/3/2013,0.32
1/2/2013,0.32
12/31/2012,0.31
12/28/2012,0.3
12/27/2012,0.3
12/26/2012,0.31
12/24/2012,0.31
12/21/2012,0.31
12/20/2012,0.32
12/19/2012,0.32
12/18/2012,0.31
12/17/2012,0.31
12/14/2012,0.31
12/13/2012,0.31
12/12/2012,0.31
12/11/2012,0.32
12/10/2012,0.31
12/7/2012,0.3
12/6/2012,0.3
12/5/2012,0.3
12/4/2012,0.3
12/3/2012,0.29
11/30/2012,0.3
11/29/2012,0.3
11/28/2012,0.31
11/27/2012,0.3
11/26/2012,0.3
11/23/2012,0.3
11/21/2012,0.3
11/20/2012,0.29
11/19/2012,0.29
11/16/2012,0.28
11/15/2012,0.29
11/14/2012,0.29
11/13/2012,0.3
11/12/2012,0.3
11/9/2012,0.3
11/8/2012,0.32
11/7/2012,0.32
11/6/2012,0.33
11/5/2012,0.33
11/2/2012,0.31
11/1/2012,0.31
10/31/2012,0.3
10/26/2012,0.3
10/25/2012,0.3
10/24/2012,0.3
10/23/2012,0.31
10/22/2012,0.3
10/19/2012,0.3
10/18/2012,0.32
10/17/2012,0.33
10/16/2012,0.33
10/15/2012,0.32
10/12/2012,0.32
10/11/2012,0.32
10/10/2012,0.32
10/9/2012,0.32
10/8/2012,0.33
10/5/2012,0.33
10/4/2012,0.34
10/3/2012,0.33
10/2/2012,0.33
10/1/2012,0.33
9/28/2012,0.33
9/27/2012,0.33
9/26/2012,0.33
9/25/2012,0.34
9/24/2012,0.34
9/21/2012,0.34
9/20/2012,0.34
9/19/2012,0.34
9/18/2012,0.34
9/17/2012,0.34
9/14/2012,0.35
9/13/2012,0.34
9/12/2012,0.34
9/11/2012,0.34
9/10/2012,0.33
9/7/2012,0.34
9/6/2012,0.34
9/5/2012,0.33
9/4/2012,0.33
8/31/2012,0.35
8/30/2012,0.35
8/29/2012,0.36
8/28/2012,0.36
8/27/2012,0.36
8/24/2012,0.36
8/23/2012,0.36
8/22/2012,0.37
8/21/2012,0.37
8/20/2012,0.37
8/17/2012,0.37
8/16/2012,0.37
8/15/2012,0.36
8/14/2012,0.36
8/13/2012,0.37
8/10/2012,0.37
8/9/2012,0.37
8/8/2012,0.36
8/7/2012,0.35
8/6/2012,0.35
8/3/2012,0.34
8/2/2012,0.34
8/1/2012,0.33
7/31/2012,0.34
7/30/2012,0.33
7/27/2012,0.34
7/26/2012,0.33
7/25/2012,0.33
7/24/2012,0.32
7/23/2012,0.32
7/20/2012,0.32
7/19/2012,0.33
7/18/2012,0.33
7/17/2012,0.31
7/16/2012,0.31
7/13/2012,0.31
7/12/2012,0.31
7/11/2012,0.32
7/10/2012,0.32
7/9/2012,0.33
7/6/2012,0.34
7/5/2012,0.34
7/3/2012,0.34
7/2/2012,0.34
6/29/2012,0.35
6/28/2012,0.33
6/27/2012,0.33
6/26/2012,0.32
6/25/2012,0.31
6/22/2012,0.32
6/21/2012,0.32
6/20/2012,0.34
6/19/2012,0.33
6/18/2012,0.31
6/15/2012,0.31
6/14/2012,0.3
6/13/2012,0.3
6/12/2012,0.31
6/11/2012,0.31
6/8/2012,0.3
6/7/2012,0.3
6/6/2012,0.31
6/5/2012,0.3
6/4/2012,0.29
6/1/2012,0.3
5/31/2012,0.31
5/30/2012,0.31
5/29/2012,0.32
5/25/2012,0.31
5/24/2012,0.3
5/23/2012,0.31
5/22/2012,0.3
5/21/2012,0.31
5/18/2012,0.3
5/17/2012,0.32
5/16/2012,0.32
5/15/2012,0.33
5/14/2012,0.33
5/11/2012,0.33
5/10/2012,0.31
5/9/2012,0.31
5/8/2012,0.31
5/7/2012,0.31
5/4/2012,0.31
5/3/2012,0.32
5/2/2012,0.32
5/1/2012,0.33
4/30/2012,0.33
4/27/2012,0.32
4/26/2012,0.33
4/25/2012,0.33
4/24/2012,0.32
4/23/2012,0.33
4/20/2012,0.33
4/19/2012,0.34
4/18/2012,0.35
4/17/2012,0.35
4/16/2012,0.35
4/13/2012,0.35
4/12/2012,0.37
4/11/2012,0.36
4/10/2012,0.35
4/9/2012,0.36
4/5/2012,0.37
4/4/2012,0.37
4/3/2012,0.38
4/2/2012,0.38
3/30/2012,0.38
3/29/2012,0.38
3/28/2012,0.38
3/27/2012,0.37
3/26/2012,0.37
3/23/2012,0.36
3/22/2012,0.36
3/21/2012,0.36
3/20/2012,0.36
3/19/2012,0.37
3/16/2012,0.36
3/15/2012,0.36
3/14/2012,0.36
3/13/2012,0.37
3/12/2012,0.36
3/9/2012,0.37
3/8/2012,0.37
3/7/2012,0.37
3/6/2012,0.37
3/5/2012,0.37
3/2/2012,0.38
3/1/2012,0.38
2/29/2012,0.38
2/28/2012,0.38
2/27/2012,0.39
2/24/2012,0.39
2/23/2012,0.4
2/22/2012,0.4
2/21/2012,0.4
2/17/2012,0.4
2/16/2012,0.41
2/15/2012,0.4
2/14/2012,0.41
2/13/2012,0.4
2/10/2012,0.4
2/9/2012,0.41
2/8/2012,0.41
2/7/2012,0.39
2/6/2012,0.39
2/3/2012,0.4
2/2/2012,0.39
2/1/2012,0.37
1/31/2012,0.37
1/30/2012,0.37
1/27/2012,0.37
1/26/2012,0.37
1/25/2012,0.37
1/24/2012,0.37
1/23/2012,0.37
1/20/2012,0.36
1/19/2012,0.36
1/18/2012,0.35
1/17/2012,0.34
1/13/2012,0.34
1/12/2012,0.35
1/11/2012,0.35
1/10/2012,0.36
1/9/2012,0.36
1/6/2012,0.36
1/5/2012,0.37
1/4/2012,0.35
1/3/2012,0.35
12/30/2011,0.35
12/29/2011,0.35
12/28/2011,0.34
12/27/2011,0.35
12/23/2011,0.35
12/22/2011,0.36
12/21/2011,0.34
12/20/2011,0.35
12/19/2011,0.33
12/16/2011,0.34
12/15/2011,0.34
12/14/2011,0.34
12/13/2011,0.35
12/12/2011,0.36
12/9/2011,0.37
12/8/2011,0.37
12/7/2011,0.38
12/6/2011,0.38
12/5/2011,0.39
12/2/2011,0.39
12/1/2011,0.4
11/30/2011,0.39
11/29/2011,0.37
11/28/2011,0.37
11/25/2011,0.35
11/23/2011,0.36
11/22/2011,0.38
11/21/2011,0.37
11/18/2011,0.35
11/17/2011,0.35
11/16/2011,0.36
11/15/2011,0.37
11/14/2011,0.37
11/11/2011,0.37
11/10/2011,0.36
11/9/2011,0.36
11/8/2011,0.38
11/7/2011,0.37
11/4/2011,0.37
11/3/2011,0.37
11/2/2011,0.35
11/1/2011,0.35
10/31/2011,0.37
10/28/2011,0.39
10/27/2011,0.38
10/26/2011,0.37
10/25/2011,0.36
10/24/2011,0.38
10/21/2011,0.36
10/20/2011,0.36
10/19/2011,0.38
10/18/2011,0.39
10/17/2011,0.37
10/14/2011,0.39
10/13/2011,0.39
10/12/2011,0.37
10/11/2011,0.37
10/10/2011,0.37
10/7/2011,0.35
10/6/2011,0.35
10/5/2011,0.33
10/4/2011,0.32
10/3/2011,0.3
9/30/2011,0.31
9/29/2011,0.33
9/28/2011,0.34
9/27/2011,0.35
9/26/2011,0.35
9/23/2011,0.34
9/22/2011,0.34
9/21/2011,0.36
9/20/2011,0.37
9/19/2011,0.38
9/16/2011,0.39
9/15/2011,0.39
9/14/2011,0.38
9/13/2011,0.36
9/12/2011,0.36
9/9/2011,0.35
9/8/2011,0.35
9/7/2011,0.36
9/6/2011,0.33
9/2/2011,0.32
9/1/2011,0.33
8/31/2011,0.33
8/30/2011,0.34
8/29/2011,0.33
8/26/2011,0.33
8/25/2011,0.31
8/24/2011,0.33
8/23/2011,0.33
8/22/2011,0.3
8/19/2011,0.29
8/18/2011,0.3
8/17/2011,0.32
8/16/2011,0.32
8/15/2011,0.33
8/12/2011,0.32
8/11/2011,0.34
8/10/2011,0.31
8/9/2011,0.32
8/8/2011,0.3
8/5/2011,0.32
8/4/2011,0.34
8/3/2011,0.37
8/2/2011,0.36
8/1/2011,0.36
7/29/2011,0.35
7/28/2011,0.35
7/27/2011,0.35
7/26/2011,0.36
7/25/2011,0.37
7/22/2011,0.38
7/21/2011,0.37
7/20/2011,0.35
7/19/2011,0.36
7/18/2011,0.34
7/15/2011,0.35
7/14/2011,0.35
7/13/2011,0.37
7/12/2011,0.37
7/11/2011,0.37
7/8/2011,0.39
7/7/2011,0.39
7/6/2011,0.39
7/5/2011,0.4
7/1/2011,0.4
6/30/2011,0.4
6/29/2011,0.39
6/28/2011,0.39
6/27/2011,0.39
6/24/2011,0.39
6/23/2011,0.41
6/22/2011,0.39
6/21/2011,0.4
6/20/2011,0.39
6/17/2011,0.4
6/16/2011,0.4
6/15/2011,0.42
6/14/2011,0.43
6/13/2011,0.42
6/10/2011,0.43
6/9/2011,0.43
6/8/2011,0.44
6/7/2011,0.45
6/6/2011,0.45
6/3/2011,0.46
6/2/2011,0.48
6/1/2011,0.48
5/31/2011,0.5
5/27/2011,0.49
5/26/2011,0.47
5/25/2011,0.46
5/24/2011,0.45
5/23/2011,0.45
5/20/2011,0.45
5/19/2011,0.44
5/18/2011,0.45
5/17/2011,0.44
5/16/2011,0.44
5/13/2011,0.46
5/12/2011,0.51
5/11/2011,0.5
5/10/2011,0.49
5/9/2011,0.49
5/6/2011,0.48
5/5/2011,0.47
5/4/2011,0.47
5/3/2011,0.47
5/2/2011,0.49
4/29/2011,0.5
4/28/2011,0.49
4/27/2011,0.48
4/26/2011,0.48
4/25/2011,0.47
4/21/2011,0.46
4/20/2011,0.46
4/19/2011,0.45
4/18/2011,0.45
4/15/2011,0.47
4/14/2011,0.46
4/13/2011,0.44
4/12/2011,0.43
4/11/2011,0.43
4/8/2011,0.44
4/7/2011,0.45
4/6/2011,0.44
4/5/2011,0.44
4/4/2011,0.44
4/1/2011,0.46
3/31/2011,0.46
3/30/2011,0.46
3/29/2011,0.48
3/28/2011,0.48
3/25/2011,0.47
3/24/2011,0.48
3/23/2011,0.45
3/22/2011,0.44
3/21/2011,0.44
3/18/2011,0.44
3/17/2011,0.45
3/16/2011,0.44
3/15/2011,0.44
3/14/2011,0.46
3/11/2011,0.45
3/10/2011,0.45
3/9/2011,0.48
3/8/2011,0.49
3/7/2011,0.51
3/4/2011,0.52
3/3/2011,0.52
3/2/2011,0.52
3/1/2011,0.54
2/28/2011,0.57
2/25/2011,0.58
2/24/2011,0.57
2/23/2011,0.55
2/22/2011,0.58
2/18/2011,0.64
2/17/2011,0.64
2/16/2011,0.58
2/15/2011,0.56
2/14/2011,0.58
2/11/2011,0.59
2/10/2011,0.57
2/9/2011,0.58
2/8/2011,0.6
2/7/2011,0.62
2/4/2011,0.64
2/3/2011,0.63
2/2/2011,0.64
2/1/2011,0.61
1/31/2011,0.6
1/28/2011,0.59
1/27/2011,0.61
1/26/2011,0.61
1/25/2011,0.6
1/24/2011,0.62
1/21/2011,0.56
1/20/2011,0.56
1/19/2011,0.56
1/18/2011,0.58
1/14/2011,0.59
1/13/2011,0.58
1/12/2011,0.58
1/11/2011,0.51
1/10/2011,0.52
1/7/2011,0.5
1/6/2011,0.48
1/5/2011,0.42
1/4/2011,0.39
1/3/2011,0.4
12/31/2010,0.39
12/30/2010,0.37
12/29/2010,0.37
12/28/2010,0.37
12/27/2010,0.38
12/23/2010,0.37
12/22/2010,0.38
12/21/2010,0.37
12/20/2010,0.36
12/17/2010,0.36
12/16/2010,0.36
12/15/2010,0.36
12/14/2010,0.36
12/13/2010,0.36
12/10/2010,0.37
12/9/2010,0.37
12/8/2010,0.38
12/7/2010,0.37
12/6/2010,0.36
12/3/2010,0.37
12/2/2010,0.36
12/1/2010,0.36
11/30/2010,0.34
11/29/2010,0.34
11/26/2010,0.34
11/24/2010,0.34
11/23/2010,0.34
11/22/2010,0.34
11/19/2010,0.34
11/18/2010,0.33
11/17/2010,0.32
11/16/2010,0.32
11/15/2010,0.33
11/12/2010,0.33
11/11/2010,0.32
11/10/2010,0.32
11/9/2010,0.31
11/8/2010,0.32
11/5/2010,0.32
11/4/2010,0.31
11/3/2010,0.31
11/2/2010,0.31
11/1/2010,0.3
10/29/2010,0.3
10/28/2010,0.3
10/27/2010,0.3
10/26/2010,0.3
10/25/2010,0.3
10/22/2010,0.29
10/21/2010,0.28
10/20/2010,0.28
10/19/2010,0.28
10/18/2010,0.28
10/15/2010,0.28
10/14/2010,0.28
10/13/2010,0.28
10/12/2010,0.28
10/11/2010,0.27
10/8/2010,0.27
10/7/2010,0.27
10/6/2010,0.27
10/5/2010,0.28
10/4/2010,0.28
10/1/2010,0.28
9/30/2010,0.29
9/29/2010,0.3
9/28/2010,0.3
9/27/2010,0.3
9/24/2010,0.31
9/23/2010,0.29
9/22/2010,0.28
9/21/2010,0.28
9/20/2010,0.27
9/17/2010,0.26
9/16/2010,0.26
9/15/2010,0.26
9/14/2010,0.26
9/13/2010,0.27
9/10/2010,0.25
9/9/2010,0.25
9/8/2010,0.26
9/7/2010,0.25
9/3/2010,0.25
9/2/2010,0.24
9/1/2010,0.24
8/31/2010,0.23
8/30/2010,0.24
8/27/2010,0.25
8/26/2010,0.24
8/25/2010,0.25
8/24/2010,0.24
8/23/2010,0.25
8/20/2010,0.25
8/19/2010,0.25
8/18/2010,0.23
8/17/2010,0.23
8/16/2010,0.23
8/13/2010,0.23
8/12/2010,0.22
8/11/2010,0.22
8/10/2010,0.23
8/9/2010,0.24
8/6/2010,0.24
8/5/2010,0.24
8/4/2010,0.23
8/3/2010,0.22
8/2/2010,0.23
7/30/2010,0.23
7/29/2010,0.23
7/28/2010,0.25
7/27/2010,0.26
7/26/2010,0.26
7/23/2010,0.26
7/22/2010,0.26
7/21/2010,0.26
7/20/2010,0.27
7/19/2010,0.26
7/16/2010,0.25
7/15/2010,0.27
7/14/2010,0.28
7/13/2010,0.27
7/12/2010,0.26
7/9/2010,0.26
7/8/2010,0.26
7/7/2010,0.27
7/6/2010,0.25
7/2/2010,0.26
7/1/2010,0.26
6/30/2010,0.26
6/29/2010,0.26
6/28/2010,0.28
6/25/2010,0.28
6/24/2010,0.28
6/23/2010,0.29
6/22/2010,0.29
6/21/2010,0.3
6/18/2010,0.31
6/17/2010,0.31
6/16/2010,0.29
6/15/2010,0.3
6/14/2010,0.28
6/11/2010,0.29
6/10/2010,0.28
6/9/2010,0.27
6/8/2010,0.28
6/7/2010,0.29
6/4/2010,0.3
6/3/2010,0.32
6/2/2010,0.32
6/1/2010,0.31
5/28/2010,0.33
5/27/2010,0.34
5/26/2010,0.32
5/25/2010,0.32
5/24/2010,0.31
5/21/2010,0.32
5/20/2010,0.31
5/19/2010,0.32
5/18/2010,0.31
5/17/2010,0.32
5/14/2010,0.32
5/13/2010,0.37
5/12/2010,0.37
5/11/2010,0.36
5/10/2010,0.36
5/7/2010,0.35
5/6/2010,0.35
5/5/2010,0.36
5/4/2010,0.37
5/3/2010,0.39
4/30/2010,0.39
4/29/2010,0.42
4/28/2010,0.4
4/27/2010,0.4
4/26/2010,0.41
4/23/2010,0.41
4/22/2010,0.42
4/21/2010,0.41
4/20/2010,0.43
4/19/2010,0.42
4/16/2010,0.43
4/15/2010,0.45
4/14/2010,0.45
4/13/2010,0.44
4/12/2010,0.43
4/9/2010,0.42
4/8/2010,0.42
4/7/2010,0.43
4/6/2010,0.43
4/5/2010,0.44
4/1/2010,0.43
3/31/2010,0.43
3/30/2010,0.44
3/29/2010,0.44
3/26/2010,0.43
3/25/2010,0.43
3/24/2010,0.43
3/23/2010,0.45
3/22/2010,0.44
3/19/2010,0.43
3/18/2010,0.44
3/17/2010,0.45
3/16/2010,0.44
3/15/2010,0.43
3/12/2010,0.43
3/11/2010,0.43
3/10/2010,0.44
3/9/2010,0.44
3/8/2010,0.42
3/5/2010,0.43
3/4/2010,0.42
3/3/2010,0.42
3/2/2010,0.42
3/1/2010,0.42
2/26/2010,0.41
2/25/2010,0.41
2/24/2010,0.41
2/23/2010,0.41
2/22/2010,0.42
2/19/2010,0.41
2/18/2010,0.42
2/17/2010,0.45
2/16/2010,0.44
2/12/2010,0.43
2/11/2010,0.43
2/10/2010,0.41
2/9/2010,0.4
2/8/2010,0.4
2/5/2010,0.41
2/4/2010,0.4
2/3/2010,0.42
2/2/2010,0.42
2/1/2010,0.41
1/29/2010,0.38
1/28/2010,0.4
1/27/2010,0.42
1/26/2010,0.41
1/25/2010,0.42
1/22/2010,0.41
1/21/2010,0.43
1/20/2010,0.43
1/19/2010,0.44
1/15/2010,0.43
1/14/2010,0.44
1/13/2010,0.45
1/12/2010,0.44
1/11/2010,0.46
1/8/2010,0.46
1/7/2010,0.46
1/6/2010,0.47
1/5/2010,0.47
1/4/2010,0.46
12/31/2009,0.47
12/30/2009,0.47
12/29/2009,0.45
12/28/2009,0.45
12/24/2009,0.45
12/23/2009,0.45
12/22/2009,0.45
12/21/2009,0.44
12/18/2009,0.42
12/17/2009,0.42
12/16/2009,0.42
12/15/2009,0.39
12/14/2009,0.39
12/11/2009,0.38
12/10/2009,0.39
12/9/2009,0.39
12/8/2009,0.38
12/7/2009,0.4
12/4/2009,0.36
12/3/2009,0.35
12/2/2009,0.34
12/1/2009,0.33
11/30/2009,0.33
11/27/2009,0.32
11/25/2009,0.33
11/24/2009,0.32
11/23/2009,0.33
11/20/2009,0.32
11/19/2009,0.32
11/18/2009,0.34
11/17/2009,0.34
11/16/2009,0.34
11/13/2009,0.34
11/12/2009,0.34
11/11/2009,0.34
11/10/2009,0.33
11/9/2009,0.34
11/6/2009,0.33
11/5/2009,0.31
11/4/2009,0.3
11/3/2009,0.3
11/2/2009,0.3
10/30/2009,0.3
10/29/2009,0.31
10/28/2009,0.3
10/27/2009,0.31
10/26/2009,0.32
10/23/2009,0.33
10/22/2009,0.34
10/21/2009,0.33
10/20/2009,0.34
10/19/2009,0.34
10/16/2009,0.33
10/15/2009,0.34
10/14/2009,0.35
10/13/2009,0.35
10/12/2009,0.35
10/9/2009,0.35
10/8/2009,0.35
10/7/2009,0.35
10/6/2009,0.35
10/5/2009,0.34
10/2/2009,0.35
10/1/2009,0.35
9/30/2009,0.38
9/29/2009,0.36
9/28/2009,0.37
9/25/2009,0.36
9/24/2009,0.37
9/23/2009,0.37
9/22/2009,0.38
9/21/2009,0.38
9/18/2009,0.38
9/17/2009,0.38
9/16/2009,0.4
9/15/2009,0.41
9/14/2009,0.4
9/11/2009,0.41
9/10/2009,0.41
9/9/2009,0.4
9/8/2009,0.39
9/4/2009,0.38
9/3/2009,0.36
9/2/2009,0.36
9/1/2009,0.35
8/31/2009,0.36
8/28/2009,0.37
8/27/2009,0.35
8/26/2009,0.35
8/25/2009,0.34
8/24/2009,0.34
8/21/2009,0.35
8/20/2009,0.34
8/19/2009,0.33
8/18/2009,0.33
8/17/2009,0.32
8/14/2009,0.34
8/13/2009,0.35
8/12/2009,0.34
8/11/2009,0.32
8/10/2009,0.33
8/7/2009,0.34
8/6/2009,0.33
8/5/2009,0.34
8/4/2009,0.33
8/3/2009,0.33
7/31/2009,0.32
7/30/2009,0.32
7/29/2009,0.32
7/28/2009,0.33
7/27/2009,0.33
7/24/2009,0.32
7/23/2009,0.33
7/22/2009,0.31
7/21/2009,0.3
7/20/2009,0.31
7/17/2009,0.3
7/16/2009,0.29
7/15/2009,0.28
7/14/2009,0.27
7/13/2009,0.26
7/10/2009,0.26
7/9/2009,0.26
7/8/2009,0.25
7/7/2009,0.25
7/6/2009,0.26
7/2/2009,0.27
7/1/2009,0.28
6/30/2009,0.28
6/29/2009,0.29
6/26/2009,0.29
6/25/2009,0.29
6/24/2009,0.27
6/23/2009,0.26
6/22/2009,0.26
6/19/2009,0.28
6/18/2009,0.28
6/17/2009,0.28
6/16/2009,0.28
6/15/2009,0.28
6/12/2009,0.29
6/11/2009,0.29
6/10/2009,0.29
6/9/2009,0.28
6/8/2009,0.27
6/5/2009,0.27
6/4/2009,0.27
6/3/2009,0.26
6/2/2009,0.27
6/1/2009,0.27
5/29/2009,0.26
5/28/2009,0.26
5/27/2009,0.26
5/26/2009,0.26
5/22/2009,0.25
5/21/2009,0.24
5/20/2009,0.24
5/19/2009,0.24
5/18/2009,0.23
5/15/2009,0.22
5/14/2009,0.21
5/13/2009,0.21
5/12/2009,0.22
5/11/2009,0.24
5/8/2009,0.23
5/7/2009,0.27
5/6/2009,0.29
5/5/2009,0.29
5/4/2009,0.31
5/1/2009,0.29
4/30/2009,0.29
4/29/2009,0.27
4/28/2009,0.28
4/27/2009,0.28
4/24/2009,0.29
4/23/2009,0.28
4/22/2009,0.28
4/21/2009,0.28
4/20/2009,0.28
4/17/2009,0.29
4/16/2009,0.29
4/15/2009,0.28
4/14/2009,0.29
4/13/2009,0.29
4/9/2009,0.3
4/8/2009,0.29
4/7/2009,0.27
4/6/2009,0.28
4/3/2009,0.28
4/2/2009,0.26
4/1/2009,0.25
3/31/2009,0.25
3/30/2009,0.24
3/27/2009,0.26
3/26/2009,0.26
3/25/2009,0.25
3/24/2009,0.24
3/23/2009,0.26
3/20/2009,0.24
3/19/2009,0.25
3/18/2009,0.26
3/17/2009,0.25
3/16/2009,0.24
3/13/2009,0.24
3/12/2009,0.25
3/11/2009,0.23
3/10/2009,0.23
3/9/2009,0.21
3/6/2009,0.21
3/5/2009,0.21
3/4/2009,0.21
3/3/2009,0.2
3/2/2009,0.19
2/27/2009,0.21
2/26/2009,0.21
2/25/2009,0.2
2/24/2009,0.2
2/23/2009,0.18
2/20/2009,0.19
2/19/2009,0.19
2/18/2009,0.2
2/17/2009,0.2
2/13/2009,0.21
2/12/2009,0.21
2/11/2009,0.2
2/10/2009,0.23
2/9/2009,0.24
2/6/2009,0.25
2/5/2009,0.23
2/4/2009,0.22
2/3/2009,0.21
2/2/2009,0.21
1/30/2009,0.2
1/29/2009,0.21
1/28/2009,0.22
1/27/2009,0.21
1/26/2009,0.2
1/23/2009,0.19
1/22/2009,0.19
1/21/2009,0.19
1/20/2009,0.18
1/16/2009,0.2
1/15/2009,0.19
1/14/2009,0.18
1/13/2009,0.19
1/12/2009,0.19
1/9/2009,0.2
1/8/2009,0.21
1/7/2009,0.22
1/6/2009,0.23
1/5/2009,0.22
1/2/2009,0.22
12/31/2008,0.2
12/30/2008,0.2
12/29/2008,0.19
12/26/2008,0.19
12/24/2008,0.19
12/23/2008,0.2
12/22/2008,0.2
12/19/2008,0.21
12/18/2008,0.21
12/17/2008,0.23
12/16/2008,0.22
12/15/2008,0.21
12/12/2008,0.21
12/11/2008,0.2
12/10/2008,0.21
12/9/2008,0.2
12/8/2008,0.18
12/5/2008,0.18
12/4/2008,0.18
12/3/2008,0.19
12/2/2008,0.18
12/1/2008,0.17
11/28/2008,0.19
11/26/2008,0.19
11/25/2008,0.17
11/24/2008,0.17
11/21/2008,0.16
11/20/2008,0.15
11/19/2008,0.16
11/18/2008,0.17
11/17/2008,0.18
11/14/2008,0.18
11/13/2008,0.2
11/12/2008,0.18
11/11/2008,0.2
11/10/2008,0.2
11/7/2008,0.22
11/6/2008,0.19
11/5/2008,0.21
11/4/2008,0.22
11/3/2008,0.21
10/31/2008,0.22
10/30/2008,0.22
10/29/2008,0.21
10/28/2008,0.2
10/27/2008,0.17
10/24/2008,0.17
10/23/2008,0.16
10/22/2008,0.17
10/21/2008,0.18
10/20/2008,0.2
10/17/2008,0.19
10/16/2008,0.19
10/15/2008,0.18
10/14/2008,0.2
10/13/2008,0.2
10/10/2008,0.17
10/9/2008,0.17
10/8/2008,0.18
10/7/2008,0.18
10/6/2008,0.2
10/3/2008,0.23
10/2/2008,0.23
10/1/2008,0.26
9/30/2008,0.27
9/29/2008,0.25
9/26/2008,0.29
9/25/2008,0.29
9/24/2008,0.28
9/23/2008,0.27
9/22/2008,0.28
9/19/2008,0.29
9/18/2008,0.27
9/17/2008,0.25
9/16/2008,0.24
9/15/2008,0.23
9/12/2008,0.25
9/11/2008,0.26
9/10/2008,0.27
9/9/2008,0.27
9/8/2008,0.28
9/5/2008,0.29
9/4/2008,0.29
9/3/2008,0.29
9/2/2008,0.31
8/29/2008,0.32
8/28/2008,0.33
8/27/2008,0.33
8/26/2008,0.33
8/25/2008,0.34
8/22/2008,0.34
8/21/2008,0.34
8/20/2008,0.35
8/19/2008,0.34
8/18/2008,0.33
8/15/2008,0.32
8/14/2008,0.33
8/13/2008,0.31
8/12/2008,0.28
8/11/2008,0.28
8/8/2008,0.28
8/7/2008,0.28
8/6/2008,0.29
8/5/2008,0.28
8/4/2008,0.26
8/1/2008,0.27
7/31/2008,0.29
7/30/2008,0.29
7/29/2008,0.29
7/28/2008,0.29
7/25/2008,0.29
7/24/2008,0.28
7/23/2008,0.29
7/22/2008,0.28
7/21/2008,0.29
7/18/2008,0.29
7/17/2008,0.28
7/16/2008,0.28
7/15/2008,0.28
7/14/2008,0.28
7/11/2008,0.29
7/10/2008,0.29
7/9/2008,0.3
7/8/2008,0.3
7/7/2008,0.3
7/3/2008,0.31
7/2/2008,0.45
7/1/2008,0.47
6/30/2008,0.47
6/27/2008,0.48
6/26/2008,0.48
6/25/2008,0.5
6/24/2008,0.5
6/23/2008,0.48
6/20/2008,0.49
6/19/2008,0.5
6/18/2008,0.5
6/17/2008,0.51
6/16/2008,0.53
6/13/2008,0.53
6/12/2008,0.53
6/11/2008,0.53
6/10/2008,0.56
6/9/2008,0.59
6/6/2008,0.6
6/5/2008,0.62
6/4/2008,0.61
6/3/2008,0.6
6/2/2008,0.62
5/30/2008,0.62
5/29/2008,0.59
5/28/2008,0.59
5/27/2008,0.58
5/23/2008,0.58
5/22/2008,0.59
5/21/2008,0.58
5/20/2008,0.58
5/19/2008,0.6
5/16/2008,0.61
5/15/2008,0.59
5/14/2008,0.55
5/13/2008,0.54
5/12/2008,0.55
5/9/2008,0.56
5/8/2008,0.55
5/7/2008,0.55
5/6/2008,0.56
5/5/2008,0.55
5/2/2008,0.56
5/1/2008,0.54
4/30/2008,0.51
4/29/2008,0.51
4/28/2008,0.49
4/25/2008,0.5
4/24/2008,0.5
4/23/2008,0.51
4/22/2008,0.49
4/21/2008,0.5
4/18/2008,0.48
4/17/2008,0.46
4/16/2008,0.47
4/15/2008,0.45
4/14/2008,0.45
4/11/2008,0.46
4/10/2008,0.5
4/9/2008,0.49
4/8/2008,0.48
4/7/2008,0.48
4/4/2008,0.47
4/3/2008,0.5
4/2/2008,0.51
4/1/2008,0.53
3/31/2008,0.49
3/28/2008,0.49
3/27/2008,0.48
3/26/2008,0.49
3/25/2008,0.51
3/24/2008,0.5
3/20/2008,0.46
3/19/2008,0.44
3/18/2008,0.47
3/17/2008,0.45
3/14/2008,0.46
3/13/2008,0.49
3/12/2008,0.46
3/11/2008,0.48
3/10/2008,0.46
3/7/2008,0.49
3/6/2008,0.5
3/5/2008,0.53
3/4/2008,0.52
3/3/2008,0.53
2/29/2008,0.53
2/28/2008,0.55
2/27/2008,0.57
2/26/2008,0.56
2/25/2008,0.56
2/22/2008,0.56
2/21/2008,0.53
2/20/2008,0.54
2/19/2008,0.55
2/15/2008,0.56
2/14/2008,0.57
2/13/2008,0.68
2/12/2008,0.65
2/11/2008,0.63
2/8/2008,0.62
2/7/2008,0.61
2/6/2008,0.61
2/5/2008,0.61
2/4/2008,0.65
2/1/2008,0.67
1/31/2008,0.61
1/30/2008,0.63
1/29/2008,0.64
1/28/2008,0.62
1/25/2008,0.62
1/24/2008,0.65
1/23/2008,0.6
1/22/2008,0.59
1/18/2008,0.62
1/17/2008,0.58
1/16/2008,0.59
1/15/2008,0.67
1/14/2008,0.72
1/11/2008,0.68
1/10/2008,0.71
1/9/2008,0.72
1/8/2008,0.69
1/7/2008,0.67
1/4/2008,0.75
1/3/2008,0.82
1/2/2008,0.83
12/31/2007,0.85
12/28/2007,0.87
12/27/2007,0.88
12/26/2007,0.91
12/24/2007,0.89
12/21/2007,0.88
12/20/2007,0.88
12/19/2007,0.86
12/18/2007,0.85
12/17/2007,0.83
12/14/2007,0.88
12/13/2007,0.86
12/12/2007,0.89
12/11/2007,0.86
12/10/2007,0.86
12/7/2007,0.85
12/6/2007,0.86
12/5/2007,0.84
12/4/2007,0.8
12/3/2007,0.8
11/30/2007,0.79
11/29/2007,0.83
11/28/2007,0.82
11/27/2007,0.77
11/26/2007,0.74
11/23/2007,0.76
11/21/2007,0.74
11/20/2007,0.75
11/19/2007,0.76
11/16/2007,0.81
11/15/2007,0.79
11/14/2007,0.8
11/13/2007,0.82
11/12/2007,0.75
11/9/2007,0.83
11/8/2007,0.85
11/7/2007,0.9
11/6/2007,0.95
11/5/2007,0.92
11/2/2007,0.92
11/1/2007,0.88
10/31/2007,0.88
10/30/2007,0.87
10/29/2007,0.84
10/26/2007,0.86
10/25/2007,0.87
10/24/2007,0.95
10/23/2007,0.98
10/22/2007,0.98
10/19/2007,0.93
10/18/2007,0.99
10/17/2007,0.99
10/16/2007,0.92
10/15/2007,0.91
10/12/2007,0.9
10/11/2007,0.88
10/10/2007,0.92
10/9/2007,0.92
10/8/2007,0.94
10/5/2007,0.92
10/4/2007,0.9
10/3/2007,0.9
10/2/2007,0.94
10/1/2007,0.94
9/28/2007,0.91
9/27/2007,0.92
9/26/2007,0.92
9/25/2007,0.9
9/24/2007,0.88
9/21/2007,0.86
9/20/2007,0.85
9/19/2007,0.86
9/18/2007,0.88
9/17/2007,0.8
9/14/2007,0.81
9/13/2007,0.83
9/12/2007,0.83
9/11/2007,0.86
9/10/2007,0.85
9/7/2007,0.84
9/6/2007,0.88
9/5/2007,0.87
9/4/2007,0.88
8/31/2007,0.85
8/30/2007,0.81
8/29/2007,0.82
8/28/2007,0.77
8/27/2007,0.82
8/24/2007,0.8
8/23/2007,0.8
8/22/2007,0.81
8/21/2007,0.79
8/20/2007,0.75
8/17/2007,0.75
8/16/2007,0.71
8/15/2007,0.72
8/14/2007,0.75
8/13/2007,0.73
8/10/2007,0.73
8/9/2007,0.77
8/8/2007,0.76
8/7/2007,0.73
8/6/2007,0.72
8/3/2007,0.71
8/2/2007,0.75
8/1/2007,0.76
7/31/2007,0.76
7/30/2007,0.76
7/27/2007,0.74
7/26/2007,0.74
7/25/2007,0.74
7/24/2007,0.74
7/23/2007,0.76
7/20/2007,0.75
7/19/2007,0.76
7/18/2007,0.76
7/17/2007,0.78
7/16/2007,0.78
7/13/2007,0.76
7/12/2007,0.77
7/11/2007,0.75
7/10/2007,0.76
7/9/2007,0.75
7/6/2007,0.73
7/5/2007,0.73
7/3/2007,0.72
7/2/2007,0.72
6/29/2007,0.69
6/28/2007,0.7
6/27/2007,0.69
6/26/2007,0.68
6/25/2007,0.71
6/22/2007,0.73
6/21/2007,0.72
6/20/2007,0.66
6/19/2007,0.66
6/18/2007,0.66
6/15/2007,0.66
6/14/2007,0.63
6/13/2007,0.62
6/12/2007,0.61
6/11/2007,0.61
6/8/2007,0.61
6/7/2007,0.6
6/6/2007,0.61
6/5/2007,0.6
6/4/2007,0.58
6/1/2007,0.58
5/31/2007,0.58
5/30/2007,0.57
5/29/2007,0.57
5/25/2007,0.56
5/24/2007,0.55
5/23/2007,0.57
5/22/2007,0.59
5/21/2007,0.59
5/18/2007,0.58
5/17/2007,0.57
5/16/2007,0.58
5/15/2007,0.57
5/14/2007,0.58
5/11/2007,0.59
5/10/2007,0.55
5/9/2007,0.56
5/8/2007,0.55
5/7/2007,0.55
5/4/2007,0.56
5/3/2007,0.56
5/2/2007,0.55
5/1/2007,0.55
4/30/2007,0.55
4/27/2007,0.55
4/26/2007,0.56
4/25/2007,0.55
4/24/2007,0.54
4/23/2007,0.52
4/20/2007,0.53
4/19/2007,0.53
4/18/2007,0.52
4/17/2007,0.51
4/16/2007,0.51
4/13/2007,0.51
4/12/2007,0.51
4/11/2007,0.49
4/10/2007,0.5
4/9/2007,0.51
4/5/2007,0.52
4/4/2007,0.48
4/3/2007,0.48
4/2/2007,0.48
3/30/2007,0.48
3/29/2007,0.48
3/28/2007,0.49
3/27/2007,0.5
3/26/2007,0.51
3/23/2007,0.5
3/22/2007,0.51
3/21/2007,0.5
3/20/2007,0.47
3/19/2007,0.47
3/16/2007,0.47
3/15/2007,0.48
3/14/2007,0.48
3/13/2007,0.48
3/12/2007,0.51
3/9/2007,0.51
3/8/2007,0.51
3/7/2007,0.49
3/6/2007,0.51
3/5/2007,0.48
3/2/2007,0.5
3/1/2007,0.51
2/28/2007,0.52
2/27/2007,0.52
2/26/2007,0.54
2/23/2007,0.54
2/22/2007,0.55
2/21/2007,0.54
2/20/2007,0.55
2/16/2007,0.55
2/15/2007,0.56
2/14/2007,0.56
2/13/2007,0.57
2/12/2007,0.56
2/9/2007,0.54
2/8/2007,0.57
2/7/2007,0.58
2/6/2007,0.56
2/5/2007,0.54
2/2/2007,0.53
2/1/2007,0.52
1/31/2007,0.51
1/30/2007,0.51
1/29/2007,0.5
1/26/2007,0.52
1/25/2007,0.53
1/24/2007,0.55
1/23/2007,0.53
1/22/2007,0.53
1/19/2007,0.53
1/18/2007,0.53
1/17/2007,0.58
1/16/2007,0.59
1/12/2007,0.59
1/11/2007,0.58
1/10/2007,0.58
1/9/2007,0.55
1/8/2007,0.57
1/5/2007,0.56
1/4/2007,0.6
1/3/2007,0.6
12/29/2006,0.62
12/28/2006,0.62
12/27/2006,0.63
12/26/2006,0.62
12/22/2006,0.62
12/21/2006,0.63
12/20/2006,0.64
12/19/2006,0.65
12/18/2006,0.64
12/15/2006,0.63
12/14/2006,0.61
12/13/2006,0.6
12/12/2006,0.6
12/11/2006,0.6
12/8/2006,0.59
12/7/2006,0.59
12/6/2006,0.61
12/5/2006,0.61
12/4/2006,0.62
12/1/2006,0.59
11/30/2006,0.62
11/29/2006,0.61
11/28/2006,0.6
11/27/2006,0.59
11/24/2006,0.62
11/22/2006,0.61
11/21/2006,0.6
11/20/2006,0.61
11/17/2006,0.61
11/16/2006,0.6
11/15/2006,0.6
11/14/2006,0.61
11/13/2006,0.6
11/10/2006,0.57
11/9/2006,0.59
11/8/2006,0.58
11/7/2006,0.57
11/6/2006,0.56
11/3/2006,0.54
11/2/2006,0.53
11/1/2006,0.54
10/31/2006,0.58
10/30/2006,0.55
10/27/2006,0.54
10/26/2006,0.56
10/25/2006,0.55
10/24/2006,0.54
10/23/2006,0.53
10/20/2006,0.53
10/19/2006,0.54
10/18/2006,0.53
10/17/2006,0.54
10/16/2006,0.56
10/13/2006,0.56
10/12/2006,0.54
10/11/2006,0.54
10/10/2006,0.54
10/9/2006,0.55
10/6/2006,0.52
10/5/2006,0.5
10/4/2006,0.52
10/3/2006,0.47
10/2/2006,0.48
9/29/2006,0.49
9/28/2006,0.49
9/27/2006,0.5
9/26/2006,0.5
9/25/2006,0.51
9/22/2006,0.5
9/21/2006,0.51
9/20/2006,0.52
9/19/2006,0.5
9/18/2006,0.51
9/15/2006,0.49
9/14/2006,0.48
9/13/2006,0.49
9/12/2006,0.48
9/11/2006,0.47
9/8/2006,0.46
9/7/2006,0.46
9/6/2006,0.45
9/5/2006,0.48
9/1/2006,0.46
8/31/2006,0.49
8/30/2006,0.49
8/29/2006,0.48
8/28/2006,0.46
8/25/2006,0.44
8/24/2006,0.44
8/23/2006,0.44
8/22/2006,0.44
8/21/2006,0.44
8/18/2006,0.46
8/17/2006,0.45
8/16/2006,0.46
8/15/2006,0.43
8/14/2006,0.39
8/11/2006,0.39
8/10/2006,0.4
8/9/2006,0.41
8/8/2006,0.41
8/7/2006,0.4
8/4/2006,0.4
8/3/2006,0.41
8/2/2006,0.38
8/1/2006,0.35
7/31/2006,0.37
7/28/2006,0.38
7/27/2006,0.34
7/26/2006,0.34
7/25/2006,0.34
7/24/2006,0.33
7/21/2006,0.3
7/20/2006,0.32
7/19/2006,0.33
7/18/2006,0.31
7/17/2006,0.3
7/14/2006,0.29
7/13/2006,0.3
7/12/2006,0.3
7/11/2006,0.32
7/10/2006,0.31
7/7/2006,0.32
7/6/2006,0.33
7/5/2006,0.34
7/3/2006,0.36
6/30/2006,0.35
6/29/2006,0.36
6/28/2006,0.34
6/27/2006,0.32
6/26/2006,0.34
6/23/2006,0.34
6/22/2006,0.34
6/21/2006,0.35
6/20/2006,0.34
6/19/2006,0.35
6/16/2006,0.36
6/15/2006,0.37
6/14/2006,0.34
6/13/2006,0.33
6/12/2006,0.34
6/9/2006,0.36
6/8/2006,0.36
6/7/2006,0.36
6/6/2006,0.37
6/5/2006,0.38
6/2/2006,0.4
6/1/2006,0.4
5/31/2006,0.38
5/30/2006,0.38
5/26/2006,0.4
5/25/2006,0.4
5/24/2006,0.4
5/23/2006,0.4
5/22/2006,0.4
5/19/2006,0.41
5/18/2006,0.4
5/17/2006,0.42
5/16/2006,0.43
5/15/2006,0.45
5/12/2006,0.44
5/11/2006,0.47
5/10/2006,0.49
5/9/2006,0.5
5/8/2006,0.52
5/5/2006,0.52
5/4/2006,0.51
5/3/2006,0.52
5/2/2006,0.51
5/1/2006,0.52
4/28/2006,0.49
4/27/2006,0.49
4/26/2006,0.48
4/25/2006,0.48
4/24/2006,0.48
4/21/2006,0.47
4/20/2006,0.49
4/19/2006,0.49
4/18/2006,0.48
4/17/2006,0.49
4/13/2006,0.49
4/12/2006,0.51
4/11/2006,0.49
4/10/2006,0.5
4/7/2006,0.51
4/6/2006,0.51
4/5/2006,0.51
4/4/2006,0.51
4/3/2006,0.48
3/31/2006,0.48
3/30/2006,0.48
3/29/2006,0.48
3/28/2006,0.45
3/27/2006,0.44
3/24/2006,0.43
3/23/2006,0.42
3/22/2006,0.41
3/21/2006,0.42
3/20/2006,0.4
3/17/2006,0.41
3/16/2006,0.4
3/15/2006,0.42
3/14/2006,0.41
3/13/2006,0.4
3/10/2006,0.39
3/9/2006,0.4
3/8/2006,0.4
3/7/2006,0.4
3/6/2006,0.41
3/3/2006,0.41
3/2/2006,0.41
3/1/2006,0.41
2/28/2006,0.39
2/27/2006,0.4
2/24/2006,0.38
2/23/2006,0.38
2/22/2006,0.39
2/21/2006,0.39
2/17/2006,0.4
2/16/2006,0.39
2/15/2006,0.37
2/14/2006,0.37
2/13/2006,0.37
2/10/2006,0.37
2/9/2006,0.37
2/8/2006,0.37
2/7/2006,0.36
2/6/2006,0.38
2/3/2006,0.37
2/2/2006,0.36
2/1/2006,0.37
1/31/2006,0.37
1/30/2006,0.38
1/27/2006,0.39
1/26/2006,0.38
1/25/2006,0.37
1/24/2006,0.37
1/23/2006,0.37
1/20/2006,0.37
1/19/2006,0.38
1/18/2006,0.36
1/17/2006,0.35
1/13/2006,0.35
1/12/2006,0.36
1/11/2006,0.36
1/10/2006,0.35
1/9/2006,0.35
1/6/2006,0.34
1/5/2006,0.33
1/4/2006,0.33
1/3/2006,0.32
12/30/2005,0.3
12/29/2005,0.31
12/28/2005,0.32
12/27/2005,0.31
12/23/2005,0.31
12/22/2005,0.31
12/21/2005,0.3
12/20/2005,0.3
12/19/2005,0.3
12/16/2005,0.31
12/15/2005,0.3
12/14/2005,0.31
12/13/2005,0.31
12/12/2005,0.31
12/9/2005,0.3
12/8/2005,0.3
12/7/2005,0.3
12/6/2005,0.3
12/5/2005,0.3
12/2/2005,0.3
12/1/2005,0.3
11/30/2005,0.3
11/29/2005,0.3
11/28/2005,0.32
11/25/2005,0.32
11/23/2005,0.31
11/22/2005,0.32
11/21/2005,0.31
11/18/2005,0.3
11/17/2005,0.3
11/16/2005,0.29
11/15/2005,0.29
11/14/2005,0.29
11/11/2005,0.28
11/10/2005,0.28
11/9/2005,0.29
11/8/2005,0.28
11/7/2005,0.28
11/4/2005,0.28
11/3/2005,0.29
11/2/2005,0.29
11/1/2005,0.28
10/31/2005,0.28
10/28/2005,0.27
10/27/2005,0.26
10/26/2005,0.27
10/25/2005,0.28
10/24/2005,0.27
10/21/2005,0.27
10/20/2005,0.26
10/19/2005,0.26
10/18/2005,0.27
10/17/2005,0.27
10/14/2005,0.27
10/13/2005,0.27
10/12/2005,0.27
10/11/2005,0.27
10/10/2005,0.27
10/7/2005,0.28
10/6/2005,0.28
10/5/2005,0.28
10/4/2005,0.29
10/3/2005,0.29
9/30/2005,0.29
9/29/2005,0.28
9/28/2005,0.28
9/27/2005,0.28
9/26/2005,0.27
9/23/2005,0.27
9/22/2005,0.27
9/21/2005,0.28
9/20/2005,0.28
9/19/2005,0.27
9/16/2005,0.28
9/15/2005,0.28
9/14/2005,0.27
9/13/2005,0.28
9/12/2005,0.27
9/9/2005,0.27
9/8/2005,0.26
9/7/2005,0.26
9/6/2005,0.25
9/2/2005,0.25
9/1/2005,0.26
8/31/2005,0.26
8/30/2005,0.25
8/29/2005,0.24
8/26/2005,0.24
8/25/2005,0.24
8/24/2005,0.24
8/23/2005,0.24
8/22/2005,0.24
8/19/2005,0.24
8/18/2005,0.25
8/17/2005,0.25
8/16/2005,0.25
8/15/2005,0.26
8/12/2005,0.25
8/11/2005,0.24
8/10/2005,0.23
8/9/2005,0.24
8/8/2005,0.24
8/5/2005,0.24
8/4/2005,0.23
8/3/2005,0.23
8/2/2005,0.23
8/1/2005,0.23
7/29/2005,0.23
7/28/2005,0.23
7/27/2005,0.23
7/26/2005,0.22
7/25/2005,0.22
7/22/2005,0.22
7/21/2005,0.22
7/20/2005,0.22
7/19/2005,0.22
7/18/2005,0.22
7/15/2005,0.22
7/14/2005,0.23
7/13/2005,0.24
7/12/2005,0.24
7/11/2005,0.24
7/8/2005,0.23
7/7/2005,0.23
7/6/2005,0.23
7/5/2005,0.23
7/1/2005,0.22
6/30/2005,0.22
6/29/2005,0.22
6/28/2005,0.23
6/27/2005,0.22
6/24/2005,0.23
6/23/2005,0.23
6/22/2005,0.23
6/21/2005,0.23
6/20/2005,0.23
6/17/2005,0.22
6/16/2005,0.22
6/15/2005,0.22
6/14/2005,0.22
6/13/2005,0.24
6/10/2005,0.23
6/9/2005,0.24
6/8/2005,0.23
6/7/2005,0.23
6/6/2005,0.23
6/3/2005,0.24
6/2/2005,0.24
6/1/2005,0.23
5/31/2005,0.23
5/27/2005,0.23
5/26/2005,0.23
5/25/2005,0.22
5/24/2005,0.23
5/23/2005,0.22
5/20/2005,0.22
5/19/2005,0.22
5/18/2005,0.22
5/17/2005,0.21
5/16/2005,0.21
5/13/2005,0.21
5/12/2005,0.19
5/11/2005,0.19
5/10/2005,0.19
5/9/2005,0.2
5/6/2005,0.19
5/5/2005,0.19
5/4/2005,0.19
5/3/2005,0.18
5/2/2005,0.18
4/29/2005,0.18
4/28/2005,0.18
4/27/2005,0.18
4/26/2005,0.19
4/25/2005,0.19
4/22/2005,0.19
4/21/2005,0.19
4/20/2005,0.18
4/19/2005,0.18
4/18/2005,0.18
4/15/2005,0.18
4/14/2005,0.18
4/13/2005,0.19
4/12/2005,0.19
4/11/2005,0.19
4/8/2005,0.2
4/7/2005,0.2
4/6/2005,0.19
4/5/2005,0.19
4/4/2005,0.19
4/1/2005,0.2
3/31/2005,0.2
3/30/2005,0.2
3/29/2005,0.2
3/28/2005,0.21
3/24/2005,0.21
3/23/2005,0.21
3/22/2005,0.2
3/21/2005,0.21
3/18/2005,0.2
3/17/2005,0.21
3/16/2005,0.21
3/15/2005,0.21
3/14/2005,0.22
3/11/2005,0.21
3/10/2005,0.21
3/9/2005,0.21
3/8/2005,0.22
3/7/2005,0.23
3/4/2005,0.23
3/3/2005,0.23
3/2/2005,0.23
3/1/2005,0.24
2/28/2005,0.24
2/25/2005,0.24
2/24/2005,0.24
2/23/2005,0.23
2/22/2005,0.24
2/18/2005,0.24
2/17/2005,0.21
2/16/2005,0.21
2/15/2005,0.22
2/14/2005,0.21
2/11/2005,0.22
2/10/2005,0.21
2/9/2005,0.21
2/8/2005,0.21
2/7/2005,0.21
2/4/2005,0.21
2/3/2005,0.2
2/2/2005,0.21
2/1/2005,0.19
1/31/2005,0.19
1/28/2005,0.19
1/27/2005,0.19
1/26/2005,0.18
1/25/2005,0.17
1/24/2005,0.17
1/21/2005,0.18
1/20/2005,0.18
1/19/2005,0.18
1/18/2005,0.18
1/14/2005,0.18
1/13/2005,0.18
1/12/2005,0.18
1/11/2005,0.18
1/10/2005,0.18
1/7/2005,0.18
1/6/2005,0.19
1/5/2005,0.19
1/4/2005,0.19
1/3/2005,0.2
12/31/2004,0.2
12/30/2004,0.19
12/29/2004,0.19
12/28/2004,0.19
12/27/2004,0.19
12/23/2004,0.19
12/22/2004,0.19
12/21/2004,0.19
12/20/2004,0.19
12/17/2004,0.19
12/16/2004,0.2
12/15/2004,0.19
12/14/2004,0.19
12/13/2004,0.19
12/10/2004,0.19
12/9/2004,0.19
12/8/2004,0.19
12/7/2004,0.19
12/6/2004,0.18
12/3/2004,0.17
12/2/2004,0.17
12/1/2004,0.16
11/30/2004,0.16
11/29/2004,0.16
11/26/2004,0.17
11/24/2004,0.16
11/23/2004,0.16
11/22/2004,0.16
11/19/2004,0.16
11/18/2004,0.16
11/17/2004,0.16
11/16/2004,0.15
11/15/2004,0.15
11/12/2004,0.15
11/11/2004,0.15
11/10/2004,0.15
11/9/2004,0.15
11/8/2004,0.15
11/5/2004,0.15
11/4/2004,0.13
11/3/2004,0.13
11/2/2004,0.12
11/1/2004,0.12
10/29/2004,0.12
10/28/2004,0.12
10/27/2004,0.12
10/26/2004,0.12
10/25/2004,0.11
10/22/2004,0.11
10/21/2004,0.12
10/20/2004,0.11
10/19/2004,0.11
10/18/2004,0.11
10/15/2004,0.11
10/14/2004,0.12
10/13/2004,0.12
10/12/2004,0.12
10/11/2004,0.12
10/8/2004,0.12
10/7/2004,0.13
10/6/2004,0.13
10/5/2004,0.13
10/4/2004,0.13
10/1/2004,0.13
9/30/2004,0.12
9/29/2004,0.12
9/28/2004,0.12
9/27/2004,0.12
9/24/2004,0.12
9/23/2004,0.12
9/22/2004,0.12
9/21/2004,0.13
9/20/2004,0.12
9/17/2004,0.12
9/16/2004,0.12
9/15/2004,0.11
9/14/2004,0.12
9/13/2004,0.12
9/10/2004,0.12
9/9/2004,0.11
9/8/2004,0.1
9/7/2004,0.1
9/3/2004,0.11
9/2/2004,0.11
9/1/2004,0.11
8/31/2004,0.1
8/30/2004,0.1
8/27/2004,0.11
8/26/2004,0.11
8/25/2004,0.11
8/24/2004,0.1
8/23/2004,0.11
8/20/2004,0.1
8/19/2004,0.1
8/18/2004,0.1
8/17/2004,0.09
8/16/2004,0.09
8/13/2004,0.09
8/12/2004,0.08
8/11/2004,0.09
8/10/2004,0.09
8/9/2004,0.08
8/6/2004,0.08
8/5/2004,0.12
8/4/2004,0.12
8/3/2004,0.12
8/2/2004,0.13
7/30/2004,0.13
7/29/2004,0.13
7/28/2004,0.12
7/27/2004,0.12
7/26/2004,0.12
7/23/2004,0.12
7/22/2004,0.13
7/21/2004,0.12
7/20/2004,0.13
7/19/2004,0.13
7/16/2004,0.13
7/15/2004,0.13
7/14/2004,0.13
7/13/2004,0.14
7/12/2004,0.14
7/9/2004,0.14
7/8/2004,0.15
7/7/2004,0.15
7/6/2004,0.15
7/2/2004,0.16
7/1/2004,0.16
6/30/2004,0.17
6/29/2004,0.17
6/28/2004,0.17
6/25/2004,0.17
6/24/2004,0.17
6/23/2004,0.17
6/22/2004,0.17
6/21/2004,0.16
6/18/2004,0.16
6/17/2004,0.16
6/16/2004,0.17
6/15/2004,0.17
6/14/2004,0.17
6/10/2004,0.17
6/9/2004,0.18
6/8/2004,0.18
6/7/2004,0.19
6/4/2004,0.18
6/3/2004,0.18
6/2/2004,0.19
6/1/2004,0.2
5/28/2004,0.2
5/27/2004,0.19
5/26/2004,0.19
5/25/2004,0.18
5/24/2004,0.18
5/21/2004,0.18
5/20/2004,0.18
5/19/2004,0.18
5/18/2004,0.18
5/17/2004,0.18
5/14/2004,0.18
5/13/2004,0.18
5/12/2004,0.18
5/11/2004,0.18
5/10/2004,0.18
5/7/2004,0.18
5/6/2004,0.18
5/5/2004,0.18
5/4/2004,0.18
5/3/2004,0.17
4/30/2004,0.17
4/29/2004,0.18
4/28/2004,0.18
4/27/2004,0.18
4/26/2004,0.19
4/23/2004,0.19
4/22/2004,0.19
4/21/2004,0.19
4/20/2004,0.19
4/19/2004,0.2
4/16/2004,0.2
4/15/2004,0.2
4/14/2004,0.21
4/13/2004,0.21
4/12/2004,0.22
4/8/2004,0.22
4/7/2004,0.22
4/6/2004,0.22
4/5/2004,0.23
4/2/2004,0.22
4/1/2004,0.22
3/31/2004,0.22
3/30/2004,0.22
3/29/2004,0.21
3/26/2004,0.2
3/25/2004,0.2
3/24/2004,0.19
3/23/2004,0.18
3/22/2004,0.18
3/19/2004,0.18
3/18/2004,0.19
3/17/2004,0.18
3/16/2004,0.18
3/15/2004,0.17
3/12/2004,0.18
3/11/2004,0.17
3/10/2004,0.17
3/9/2004,0.18
3/8/2004,0.18
3/5/2004,0.18
3/4/2004,0.19
3/3/2004,0.18
3/2/2004,0.18
3/1/2004,0.19
2/27/2004,0.19
2/26/2004,0.19
2/25/2004,0.19
2/24/2004,0.19
2/23/2004,0.19
2/20/2004,0.2
2/19/2004,0.2
2/18/2004,0.2
2/17/2004,0.2
2/13/2004,0.19
2/12/2004,0.2
2/11/2004,0.2
2/10/2004,0.2
2/9/2004,0.19
2/6/2004,0.19
2/5/2004,0.19
2/4/2004,0.18
2/3/2004,0.19
2/2/2004,0.19
1/30/2004,0.19
1/29/2004,0.18
1/28/2004,0.19
1/27/2004,0.19
1/26/2004,0.2
1/23/2004,0.19
1/22/2004,0.2
1/21/2004,0.2
1/20/2004,0.21
1/16/2004,0.21
1/15/2004,0.2
1/14/2004,0.2
1/13/2004,0.2
1/12/2004,0.21
1/9/2004,0.21
1/8/2004,0.21
1/7/2004,0.21
1/6/2004,0.21
1/5/2004,0.2
1/2/2004,0.19
12/31/2003,0.19
12/30/2003,0.2
12/29/2003,0.2
12/26/2003,0.19
12/24/2003,0.18
12/23/2003,0.18
12/22/2003,0.18
12/19/2003,0.18
12/18/2003,0.17
12/17/2003,0.17
12/16/2003,0.17
12/15/2003,0.17
12/12/2003,0.17
12/11/2003,0.17
12/10/2003,0.17
12/9/2003,0.16
12/8/2003,0.17
12/5/2003,0.17
12/4/2003,0.18
12/3/2003,0.18
12/2/2003,0.18
12/1/2003,0.18
11/28/2003,0.18
11/26/2003,0.18
11/25/2003,0.18
11/24/2003,0.17
11/21/2003,0.16
11/20/2003,0.16
11/19/2003,0.17
11/18/2003,0.16
11/17/2003,0.17
11/14/2003,0.17
11/13/2003,0.18
11/12/2003,0.18
11/11/2003,0.18
11/10/2003,0.18
11/7/2003,0.18
11/6/2003,0.15
11/5/2003,0.15
11/4/2003,0.15
11/3/2003,0.15
10/31/2003,0.15
10/30/2003,0.15
10/29/2003,0.15
10/28/2003,0.15
10/27/2003,0.14
10/24/2003,0.14
10/23/2003,0.14
10/22/2003,0.14
10/21/2003,0.15
10/20/2003,0.14
10/17/2003,0.14
10/16/2003,0.14
10/15/2003,0.14
10/14/2003,0.14
10/13/2003,0.14
10/10/2003,0.14
10/9/2003,0.14
10/8/2003,0.14
10/7/2003,0.14
10/6/2003,0.14
10/3/2003,0.14
10/2/2003,0.14
10/1/2003,0.13
9/30/2003,0.13
9/29/2003,0.13
9/26/2003,0.14
9/25/2003,0.15
9/24/2003,0.15
9/23/2003,0.16
9/22/2003,0.16
9/19/2003,0.17
9/18/2003,0.17
9/17/2003,0.17
9/16/2003,0.16
9/15/2003,0.16
9/12/2003,0.16
9/11/2003,0.16
9/10/2003,0.16
9/9/2003,0.17
9/8/2003,0.16
9/5/2003,0.16
9/4/2003,0.15
9/3/2003,0.15
9/2/2003,0.15
8/29/2003,0.15
8/28/2003,0.15
8/27/2003,0.15
8/26/2003,0.15
8/25/2003,0.15
8/22/2003,0.15
8/21/2003,0.15
8/20/2003,0.15
8/19/2003,0.15
8/18/2003,0.14
8/15/2003,0.13
8/14/2003,0.14
8/13/2003,0.14
8/12/2003,0.14
8/11/2003,0.14
8/8/2003,0.13
8/7/2003,0.16
8/6/2003,0.16
8/5/2003,0.17
8/4/2003,0.17
8/1/2003,0.16
7/31/2003,0.16
7/30/2003,0.16
7/29/2003,0.16
7/28/2003,0.17
7/25/2003,0.18
7/24/2003,0.17
7/23/2003,0.18
7/22/2003,0.18
7/21/2003,0.17
7/18/2003,0.18
7/17/2003,0.18
7/16/2003,0.19
7/15/2003,0.2
7/14/2003,0.2
7/11/2003,0.2
7/10/2003,0.2
7/9/2003,0.21
7/8/2003,0.21
7/7/2003,0.21
7/3/2003,0.2
7/2/2003,0.2
7/1/2003,0.2
6/30/2003,0.19
6/27/2003,0.19
6/26/2003,0.19
6/25/2003,0.19
6/24/2003,0.19
6/23/2003,0.19
6/20/2003,0.2
6/19/2003,0.2
6/18/2003,0.21
6/17/2003,0.2
6/16/2003,0.2
6/13/2003,0.2
6/12/2003,0.21
6/11/2003,0.22
6/10/2003,0.22
6/9/2003,0.21
6/6/2003,0.21
6/5/2003,0.22
6/4/2003,0.22
6/3/2003,0.21
6/2/2003,0.21
5/30/2003,0.22
5/29/2003,0.2
5/28/2003,0.19
5/27/2003,0.19
5/23/2003,0.17
5/22/2003,0.17
5/21/2003,0.17
5/20/2003,0.17
5/19/2003,0.17
5/16/2003,0.18
5/15/2003,0.18
5/14/2003,0.17
5/13/2003,0.17
5/12/2003,0.17
5/9/2003,0.18
5/8/2003,0.13
5/7/2003,0.13
5/6/2003,0.14
5/5/2003,0.14
5/2/2003,0.13
5/1/2003,0.12
4/30/2003,0.12
4/29/2003,0.12
4/28/2003,0.12
4/25/2003,0.11
4/24/2003,0.12
4/23/2003,0.12
4/22/2003,0.12
4/21/2003,0.12
4/17/2003,0.11
4/16/2003,0.11
4/15/2003,0.11
4/14/2003,0.11
4/11/2003,0.11
4/10/2003,0.11
4/9/2003,0.11
4/8/2003,0.11
4/7/2003,0.11
4/4/2003,0.11
4/3/2003,0.12
4/2/2003,0.11
4/1/2003,0.11
3/31/2003,0.11
3/28/2003,0.11
3/27/2003,0.12
3/26/2003,0.12
3/25/2003,0.12
3/24/2003,0.11
3/21/2003,0.12
3/20/2003,0.12
3/19/2003,0.12
3/18/2003,0.12
3/17/2003,0.12
3/14/2003,0.11
3/13/2003,0.12
3/12/2003,0.1
3/11/2003,0.1
3/10/2003,0.1
3/7/2003,0.1
3/6/2003,0.1
3/5/2003,0.1
3/4/2003,0.1
3/3/2003,0.1
2/28/2003,0.11
2/27/2003,0.1
2/26/2003,0.1
2/25/2003,0.11
2/24/2003,0.11
2/21/2003,0.11
2/20/2003,0.11
2/19/2003,0.11
2/18/2003,0.11
2/14/2003,0.1
2/13/2003,0.08
2/12/2003,0.08
2/11/2003,0.08
2/10/2003,0.08
2/7/2003,0.08
2/6/2003,0.09
2/5/2003,0.08
2/4/2003,0.08
2/3/2003,0.09
1/31/2003,0.09
1/30/2003,0.08
1/29/2003,0.09
1/28/2003,0.09
1/27/2003,0.08
1/24/2003,0.08
1/23/2003,0.09
1/22/2003,0.09
1/21/2003,0.09
1/17/2003,0.09
1/16/2003,0.09
1/15/2003,0.1
1/14/2003,0.1
1/13/2003,0.1
1/10/2003,0.1
1/9/2003,0.1
1/8/2003,0.1
1/7/2003,0.11
1/6/2003,0.11
1/3/2003,0.1
1/2/2003,0.1
12/31/2002,0.1
12/30/2002,0.1
12/27/2002,0.1
12/26/2002,0.1
12/24/2002,0.11
12/23/2002,0.11
12/20/2002,0.11
12/19/2002,0.11
12/18/2002,0.11
12/17/2002,0.12
12/16/2002,0.12
12/13/2002,0.11
12/12/2002,0.11
12/11/2002,0.12
12/10/2002,0.12
12/9/2002,0.11
12/6/2002,0.12
12/5/2002,0.12
12/4/2002,0.12
12/3/2002,0.13
12/2/2002,0.14
11/29/2002,0.14
11/27/2002,0.14
11/26/2002,0.13
11/25/2002,0.14
11/22/2002,0.13
11/21/2002,0.13
11/20/2002,0.12
11/19/2002,0.12
11/18/2002,0.12
11/15/2002,0.11
11/14/2002,0.1
11/13/2002,0.1
11/12/2002,0.1
11/11/2002,0.09
11/8/2002,0.09
11/7/2002,0.12
11/6/2002,0.13
11/5/2002,0.13
11/4/2002,0.13
11/1/2002,0.12
10/31/2002,0.1
10/30/2002,0.09
10/29/2002,0.09
10/28/2002,0.09
10/25/2002,0.09
10/24/2002,0.09
10/23/2002,0.09
10/22/2002,0.09
10/21/2002,0.09
10/18/2002,0.08
10/17/2002,0.08
10/16/2002,0.07
10/15/2002,0.08
10/14/2002,0.07
10/11/2002,0.07
10/10/2002,0.06
10/9/2002,0.06
10/8/2002,0.06
10/7/2002,0.06
10/4/2002,0.07
10/3/2002,0.07
10/2/2002,0.08
10/1/2002,0.08
9/30/2002,0.07
9/27/2002,0.07
9/26/2002,0.07
9/25/2002,0.08
9/24/2002,0.07
9/23/2002,0.07
9/20/2002,0.08
9/19/2002,0.08
9/18/2002,0.08
9/17/2002,0.08
9/16/2002,0.08
9/13/2002,0.09
9/12/2002,0.09
9/11/2002,0.09
9/10/2002,0.09
9/9/2002,0.08
9/6/2002,0.08
9/5/2002,0.08
9/4/2002,0.08
9/3/2002,0.08
8/30/2002,0.08
8/29/2002,0.09
8/28/2002,0.09
8/27/2002,0.09
8/26/2002,0.1
8/23/2002,0.1
8/22/2002,0.1
8/21/2002,0.11
8/20/2002,0.1
8/19/2002,0.11
8/16/2002,0.09
8/15/2002,0.09
8/14/2002,0.08
8/13/2002,0.08
8/12/2002,0.08
8/9/2002,0.08
8/8/2002,0.08
8/7/2002,0.07
8/6/2002,0.08
8/5/2002,0.07
8/2/2002,0.08
8/1/2002,0.08
7/31/2002,0.09
7/30/2002,0.14
7/29/2002,0.13
7/26/2002,0.12
7/25/2002,0.13
7/24/2002,0.14
7/23/2002,0.13
7/22/2002,0.14
7/19/2002,0.15
7/18/2002,0.16
7/17/2002,0.16
7/16/2002,0.18
7/15/2002,0.18
7/12/2002,0.17
7/11/2002,0.17
7/10/2002,0.15
7/9/2002,0.16
7/8/2002,0.16
7/5/2002,0.16
7/3/2002,0.15
7/2/2002,0.13
7/1/2002,0.14
6/28/2002,0.14
6/27/2002,0.14
6/26/2002,0.17
6/25/2002,0.18
6/24/2002,0.19
6/21/2002,0.19
6/20/2002,0.2
6/19/2002,0.2
6/18/2002,0.24
6/17/2002,0.24
6/14/2002,0.23
6/13/2002,0.23
6/12/2002,0.23
6/11/2002,0.25
6/10/2002,0.27
6/7/2002,0.27
6/6/2002,0.27
6/5/2002,0.27
6/4/2002,0.28
6/3/2002,0.26
5/31/2002,0.28
5/30/2002,0.29
5/29/2002,0.29
5/28/2002,0.28
5/24/2002,0.29
5/23/2002,0.3
5/22/2002,0.32
5/21/2002,0.3
5/20/2002,0.33
5/17/2002,0.33
5/16/2002,0.32
5/15/2002,0.32
5/14/2002,0.31
5/13/2002,0.28
5/10/2002,0.27
5/9/2002,0.29
5/8/2002,0.3
5/7/2002,0.27
5/6/2002,0.26
5/3/2002,0.27
5/2/2002,0.28
5/1/2002,0.3
4/30/2002,0.29
4/29/2002,0.3
4/26/2002,0.25
4/25/2002,0.28
4/24/2002,0.27
4/23/2002,0.3
4/22/2002,0.31
4/19/2002,0.31
4/18/2002,0.33
4/17/2002,0.34
4/16/2002,0.33
4/15/2002,0.32
4/12/2002,0.31
4/11/2002,0.31
4/10/2002,0.32
4/9/2002,0.34
4/8/2002,0.36
4/5/2002,0.35
4/4/2002,0.36
4/3/2002,0.36
4/2/2002,0.35
4/1/2002,0.36
3/28/2002,0.37
3/27/2002,0.38
3/26/2002,0.39
3/25/2002,0.38
3/22/2002,0.4
3/21/2002,0.41
3/20/2002,0.39
3/19/2002,0.43
3/18/2002,0.44
3/15/2002,0.44
3/14/2002,0.42
3/13/2002,0.45
3/12/2002,0.45
3/11/2002,0.48
3/8/2002,0.49
3/7/2002,0.47
3/6/2002,0.48
3/5/2002,0.49
3/4/2002,0.49
3/1/2002,0.47
2/28/2002,0.43
2/27/2002,0.44
2/26/2002,0.46
2/25/2002,0.45
2/22/2002,0.42
2/21/2002,0.44
2/20/2002,0.47
2/19/2002,0.45
2/15/2002,0.48
2/14/2002,0.52
2/13/2002,0.51
2/12/2002,0.52
2/11/2002,0.51
2/8/2002,0.48
2/7/2002,0.5
2/6/2002,0.52
2/5/2002,0.5
2/4/2002,0.51
2/1/2002,0.53
1/31/2002,0.55
1/30/2002,0.55
1/29/2002,0.54
1/28/2002,0.57
1/25/2002,0.55
1/24/2002,0.55
1/23/2002,0.53
1/22/2002,0.52
1/18/2002,0.53
1/17/2002,0.54
1/16/2002,0.52
1/15/2002,0.54
1/14/2002,0.5
1/11/2002,0.53
1/10/2002,0.55
1/9/2002,0.56
1/8/2002,0.57
1/7/2002,0.56
1/4/2002,0.58
1/3/2002,0.6
1/2/2002,0.56
12/31/2001,0.56
12/28/2001,0.56
12/27/2001,0.58
12/26/2001,0.57
12/24/2001,0.55
12/21/2001,0.54
12/20/2001,0.52
12/19/2001,0.54
12/18/2001,0.55
12/17/2001,0.57
12/14/2001,0.55
12/13/2001,0.52
12/12/2001,0.54
12/11/2001,0.52
12/10/2001,0.5
12/7/2001,0.5
12/6/2001,0.52
12/5/2001,0.52
12/4/2001,0.48
12/3/2001,0.45
11/30/2001,0.46
11/29/2001,0.45
11/28/2001,0.43
11/27/2001,0.45
11/26/2001,0.45
11/23/2001,0.42
11/21/2001,0.41
11/20/2001,0.42
11/19/2001,0.43
11/16/2001,0.44
11/15/2001,0.44
11/14/2001,0.44
11/13/2001,0.45
11/12/2001,0.46
11/9/2001,0.44
11/8/2001,0.41
11/7/2001,0.42
11/6/2001,0.42
11/5/2001,0.39
11/2/2001,0.39
11/1/2001,0.39
10/31/2001,0.36
10/30/2001,0.35
10/29/2001,0.35
10/26/2001,0.38
10/25/2001,0.41
10/24/2001,0.39
10/23/2001,0.37
10/22/2001,0.38
10/19/2001,0.37
10/18/2001,0.36
10/17/2001,0.35
10/16/2001,0.37
10/15/2001,0.34
10/12/2001,0.34
10/11/2001,0.32
10/10/2001,0.29
10/9/2001,0.27
10/8/2001,0.28
10/5/2001,0.27
10/4/2001,0.27
10/3/2001,0.24
10/2/2001,0.2
10/1/2001,0.21
9/28/2001,0.23
9/27/2001,0.22
9/26/2001,0.23
9/25/2001,0.24
9/24/2001,0.25
9/21/2001,0.22
9/20/2001,0.24
9/19/2001,0.26
9/18/2001,0.27
9/17/2001,0.28
9/10/2001,0.32
9/7/2001,0.33
9/6/2001,0.32
9/5/2001,0.34
9/4/2001,0.33
8/31/2001,0.35
8/30/2001,0.35
8/29/2001,0.35
8/28/2001,0.36
8/27/2001,0.37
8/24/2001,0.36
8/23/2001,0.35
8/22/2001,0.35
8/21/2001,0.34
8/20/2001,0.35
8/17/2001,0.35
8/16/2001,0.37
8/15/2001,0.36
8/14/2001,0.36
8/13/2001,0.37
8/10/2001,0.35
8/9/2001,0.35
8/8/2001,0.36
8/7/2001,0.37
8/6/2001,0.37
8/3/2001,0.36
8/2/2001,0.37
8/1/2001,0.36
7/31/2001,0.34
7/30/2001,0.33
7/27/2001,0.34
7/26/2001,0.33
7/25/2001,0.3
7/24/2001,0.3
7/23/2001,0.28
7/20/2001,0.31
7/19/2001,0.32
7/18/2001,0.32
7/17/2001,0.33
7/16/2001,0.31
7/13/2001,0.34
7/12/2001,0.34
7/11/2001,0.33
7/10/2001,0.33
7/9/2001,0.33
7/6/2001,0.34
7/5/2001,0.35
7/3/2001,0.37
7/2/2001,0.37
6/29/2001,0.39
6/28/2001,0.38
6/27/2001,0.38
6/26/2001,0.39
6/25/2001,0.38
6/22/2001,0.38
6/21/2001,0.38
6/20/2001,0.38
6/19/2001,0.36
6/18/2001,0.38
6/15/2001,0.4
6/14/2001,0.39
6/13/2001,0.39
6/12/2001,0.4
6/11/2001,0.39
6/8/2001,0.4
6/7/2001,0.41
6/6/2001,0.39
6/5/2001,0.39
6/4/2001,0.37
6/1/2001,0.38
5/31/2001,0.36
5/30/2001,0.36
5/29/2001,0.37
5/25/2001,0.38
5/24/2001,0.39
5/23/2001,0.38
5/22/2001,0.39
5/21/2001,0.38
5/18/2001,0.36
5/17/2001,0.36
5/16/2001,0.36
5/15/2001,0.34
5/14/2001,0.33
5/11/2001,0.33
5/10/2001,0.33
5/9/2001,0.35
5/8/2001,0.36
5/7/2001,0.39
5/4/2001,0.37
5/3/2001,0.37
5/2/2001,0.37
5/1/2001,0.38
4/30/2001,0.35
4/27/2001,0.33
4/26/2001,0.31
4/25/2001,0.33
4/24/2001,0.32
4/23/2001,0.34
4/20/2001,0.36
4/19/2001,0.35
4/18/2001,0.32
4/17/2001,0.3
4/16/2001,0.29
4/12/2001,0.29
4/11/2001,0.29
4/10/2001,0.27
4/9/2001,0.25
4/6/2001,0.26
4/5/2001,0.26
4/4/2001,0.24
4/3/2001,0.27
4/2/2001,0.26
3/30/2001,0.27
3/29/2001,0.29
3/28/2001,0.28
3/27/2001,0.28
3/26/2001,0.29
3/23/2001,0.28
3/22/2001,0.28
3/21/2001,0.26
3/20/2001,0.24
3/19/2001,0.26
3/16/2001,0.25
3/15/2001,0.25
3/14/2001,0.24
3/13/2001,0.23
3/12/2001,0.2
3/9/2001,0.21
3/8/2001,0.22
3/7/2001,0.22
3/6/2001,0.2
3/5/2001,0.18
3/2/2001,0.18
3/1/2001,0.2
2/28/2001,0.19
2/27/2001,0.21
2/26/2001,0.22
2/23/2001,0.23
2/22/2001,0.24
2/21/2001,0.23
2/20/2001,0.22
2/16/2001,0.25
2/15/2001,0.24
2/14/2001,0.2
2/13/2001,0.19
2/12/2001,0.18
2/9/2001,0.18
2/8/2001,0.19
2/7/2001,0.19
2/6/2001,0.2
2/5/2001,0.2
2/2/2001,0.2
2/1/2001,0.22
1/31/2001,0.22
1/30/2001,0.22
1/29/2001,0.21
1/26/2001,0.21
1/25/2001,0.21
1/24/2001,0.23
1/23/2001,0.23
1/22/2001,0.21
1/19/2001,0.22
1/18/2001,0.22
1/17/2001,0.19
1/16/2001,0.18
1/12/2001,0.2
1/11/2001,0.2
1/10/2001,0.18
1/9/2001,0.17
1/8/2001,0.17
1/5/2001,0.15
1/4/2001,0.18
1/3/2001,0.16
1/2/2001,0.12
12/29/2000,0.14
12/28/2000,0.15
12/27/2000,0.15
12/26/2000,0.14
12/22/2000,0.15
12/21/2000,0.12
12/20/2000,0.13
12/19/2000,0.15
12/18/2000,0.16
12/15/2000,0.16
12/14/2000,0.17
12/13/2000,0.19
12/12/2000,0.2
12/11/2000,0.21
12/8/2000,0.21
12/7/2000,0.17
12/6/2000,0.17
12/5/2000,0.2
12/4/2000,0.19
12/1/2000,0.19
11/30/2000,0.17
11/29/2000,0.2
11/28/2000,0.21
11/27/2000,0.23
11/24/2000,0.24
11/22/2000,0.23
11/21/2000,0.24
11/20/2000,0.24
11/17/2000,0.26
11/16/2000,0.27
11/15/2000,0.29
11/14/2000,0.29
11/13/2000,0.25
11/10/2000,0.25
11/9/2000,0.26
11/8/2000,0.29
11/7/2000,0.3
11/6/2000,0.32
11/3/2000,0.3
11/2/2000,0.28
11/1/2000,0.26
10/31/2000,0.26
10/30/2000,0.24
10/27/2000,0.26
10/26/2000,0.26
10/25/2000,0.25
10/24/2000,0.27
10/23/2000,0.28
10/20/2000,0.29
10/19/2000,0.27
10/18/2000,0.24
10/17/2000,0.25
10/16/2000,0.27
10/13/2000,0.27
10/12/2000,0.26
10/11/2000,0.27
10/10/2000,0.27
10/9/2000,0.29
10/6/2000,0.29
10/5/2000,0.3
10/4/2000,0.31
10/3/2000,0.32
10/2/2000,0.33
9/29/2000,0.34
9/28/2000,0.35
9/27/2000,0.34
9/26/2000,0.32
9/25/2000,0.32
9/22/2000,0.29
9/21/2000,0.29
9/20/2000,0.28
9/19/2000,0.29
9/18/2000,0.28
9/15/2000,0.3
9/14/2000,0.29
9/13/2000,0.29
9/12/2000,0.29
9/11/2000,0.29
9/8/2000,0.31
9/7/2000,0.33
9/6/2000,0.31
9/5/2000,0.33
9/1/2000,0.33
8/31/2000,0.33
8/30/2000,0.33
8/29/2000,0.32
8/28/2000,0.33
8/25/2000,0.31
8/24/2000,0.32
8/23/2000,0.31
8/22/2000,0.3
8/21/2000,0.33
8/18/2000,0.32
8/17/2000,0.31
8/16/2000,0.3
8/15/2000,0.3
8/14/2000,0.27
8/11/2000,0.27
8/10/2000,0.28
8/9/2000,0.27
8/8/2000,0.28
8/7/2000,0.29
8/4/2000,0.27
8/3/2000,0.26
8/2/2000,0.25
8/1/2000,0.25
7/31/2000,0.25
7/28/2000,0.23
7/27/2000,0.22
7/26/2000,0.24
7/25/2000,0.26
7/24/2000,0.27
7/21/2000,0.29
7/20/2000,0.29
7/19/2000,0.28
7/18/2000,0.3
7/17/2000,0.3
7/14/2000,0.31
7/13/2000,0.31
7/12/2000,0.28
7/11/2000,0.28
7/10/2000,0.25
7/7/2000,0.24
7/6/2000,0.24
7/5/2000,0.23
7/3/2000,0.25
6/30/2000,0.26
6/29/2000,0.24
6/28/2000,0.29
6/27/2000,0.3
6/26/2000,0.35
6/23/2000,0.31
6/22/2000,0.34
6/21/2000,0.36
6/20/2000,0.33
6/19/2000,0.33
6/16/2000,0.31
6/15/2000,0.27
6/14/2000,0.26
6/13/2000,0.26
6/12/2000,0.26
6/9/2000,0.26
6/8/2000,0.26
6/7/2000,0.25
6/6/2000,0.27
6/5/2000,0.28
6/2/2000,0.27
6/1/2000,0.24
5/31/2000,0.24
5/30/2000,0.23
5/26/2000,0.22
5/25/2000,0.22
5/24/2000,0.22
5/23/2000,0.22
5/22/2000,0.23
5/19/2000,0.21
5/18/2000,0.21
5/17/2000,0.23
5/16/2000,0.2
5/15/2000,0.18
5/12/2000,0.17
5/11/2000,0.17
5/10/2000,0.16
5/9/2000,0.18
5/8/2000,0.18
5/5/2000,0.19
5/4/2000,0.18
5/3/2000,0.18
5/2/2000,0.18
5/1/2000,0.19
4/28/2000,0.19
4/27/2000,0.19
4/26/2000,0.18
4/25/2000,0.18
4/24/2000,0.16
4/20/2000,0.17
4/19/2000,0.17
4/18/2000,0.18
4/17/2000,0.15
4/14/2000,0.14
4/13/2000,0.16
4/12/2000,0.16
4/11/2000,0.18
4/10/2000,0.19
4/7/2000,0.21
4/6/2000,0.2
4/5/2000,0.19
4/4/2000,0.16
4/3/2000,0.16
3/31/2000,0.18
3/30/2000,0.16
3/29/2000,0.16
3/28/2000,0.17
3/27/2000,0.18
3/24/2000,0.19
3/23/2000,0.2
3/22/2000,0.2
3/21/2000,0.2
3/20/2000,0.21
3/17/2000,0.21
3/16/2000,0.2
3/15/2000,0.22
3/14/2000,0.23
3/13/2000,0.31
3/10/2000,0.25
3/9/2000,0.21
3/8/2000,0.18
3/7/2000,0.17
3/6/2000,0.12
3/3/2000,0.12
3/2/2000,0.12
3/1/2000,0.13
2/29/2000,0.13
2/28/2000,0.13
2/25/2000,0.13
2/24/2000,0.14
2/23/2000,0.14
2/22/2000,0.14
2/18/2000,0.14
2/17/2000,0.13
2/16/2000,0.12
2/15/2000,0.12
2/14/2000,0.12
2/11/2000,0.1
2/10/2000,0.1
2/9/2000,0.09
2/8/2000,0.08
2/7/2000,0.08
2/4/2000,0.08
2/3/2000,0.08
2/2/2000,0.08
2/1/2000,0.08
1/31/2000,0.08
1/28/2000,0.08
1/27/2000,0.08
1/26/2000,0.08
1/25/2000,0.09
1/24/2000,0.09
1/21/2000,0.09
1/20/2000,0.09
1/19/2000,0.09
1/18/2000,0.1
1/14/2000,0.09
1/13/2000,0.09
1/12/2000,0.08
1/11/2000,0.09
1/10/2000,0.09
1/7/2000,0.09
1/6/2000,0.09
1/5/2000,0.09
1/4/2000,0.09
1/3/2000,0.1
