Date,TSLA
5/20/2025,343.82
5/19/2025,342.09
5/16/2025,349.98
5/15/2025,342.82
5/14/2025,347.68
5/13/2025,334.07
5/12/2025,318.38
5/9/2025,298.26
5/8/2025,284.82
5/7/2025,276.22
5/6/2025,275.35
5/5/2025,280.26
5/2/2025,287.21
5/1/2025,280.52
4/30/2025,282.16
4/29/2025,292.03
4/28/2025,285.88
4/25/2025,284.95
4/24/2025,259.51
4/23/2025,250.74
4/22/2025,237.97
4/21/2025,227.5
4/17/2025,241.37
4/16/2025,241.55
4/15/2025,254.11
4/14/2025,252.35
4/11/2025,252.31
4/10/2025,252.4
4/9/2025,272.2
4/8/2025,221.86
4/7/2025,233.29
4/4/2025,239.43
4/3/2025,267.28
4/2/2025,282.76
4/1/2025,268.46
3/31/2025,259.16
3/28/2025,263.55
3/27/2025,273.13
3/26/2025,272.06
3/25/2025,288.14
3/24/2025,278.39
3/21/2025,248.71
3/20/2025,236.26
3/19/2025,235.86
3/18/2025,225.31
3/17/2025,238.01
3/14/2025,249.98
3/13/2025,240.68
3/12/2025,248.09
3/11/2025,230.58
3/10/2025,222.15
3/7/2025,262.67
3/6/2025,263.45
3/5/2025,279.1
3/4/2025,272.04
3/3/2025,284.65
2/28/2025,292.98
2/27/2025,281.95
2/26/2025,290.8
2/25/2025,302.8
2/24/2025,330.53
2/21/2025,337.8
2/20/2025,354.4
2/19/2025,360.56
2/18/2025,354.11
2/14/2025,355.84
2/13/2025,355.94
2/12/2025,336.51
2/11/2025,328.5
2/10/2025,350.73
2/7/2025,361.62
2/6/2025,374.32
2/5/2025,378.17
2/4/2025,392.21
2/3/2025,383.68
1/31/2025,404.6
1/30/2025,400.28
1/29/2025,389.1
1/28/2025,398.09
1/27/2025,397.15
1/24/2025,406.58
1/23/2025,412.38
1/22/2025,415.11
1/21/2025,424.07
1/17/2025,426.5
1/16/2025,413.82
1/15/2025,428.22
1/14/2025,396.36
1/13/2025,403.31
1/10/2025,394.74
1/8/2025,394.94
1/7/2025,394.36
1/6/2025,411.05
1/3/2025,410.44
1/2/2025,379.28
12/31/2024,403.84
12/30/2024,417.41
12/27/2024,431.66
12/26/2024,454.13
12/24/2024,462.28
12/23/2024,430.6
12/20/2024,421.06
12/19/2024,436.17
12/18/2024,440.13
12/17/2024,479.86
12/16/2024,463.02
12/13/2024,436.23
12/12/2024,418.1
12/11/2024,424.77
12/10/2024,400.99
12/9/2024,389.79
12/6/2024,389.22
12/5/2024,369.49
12/4/2024,357.93
12/3/2024,351.42
12/2/2024,357.09
11/29/2024,345.16
11/27/2024,332.89
11/26/2024,338.23
11/25/2024,338.59
11/22/2024,352.56
11/21/2024,339.64
11/20/2024,342.03
11/19/2024,346
11/18/2024,338.74
11/15/2024,320.72
11/14/2024,311.18
11/13/2024,330.24
11/12/2024,328.49
11/11/2024,350
11/8/2024,321.22
11/7/2024,296.91
11/6/2024,288.53
11/5/2024,251.44
11/4/2024,242.84
11/1/2024,248.98
10/31/2024,249.85
10/30/2024,257.55
10/29/2024,259.52
10/28/2024,262.51
10/25/2024,269.19
10/24/2024,260.48
10/23/2024,213.65
10/22/2024,217.97
10/21/2024,218.85
10/18/2024,220.7
10/17/2024,220.89
10/16/2024,221.33
10/15/2024,219.57
10/14/2024,219.16
10/11/2024,217.8
10/10/2024,238.77
10/9/2024,241.05
10/8/2024,244.5
10/7/2024,240.83
10/4/2024,250.08
10/3/2024,240.66
10/2/2024,249.02
10/1/2024,258.02
9/30/2024,261.63
9/27/2024,260.46
9/26/2024,254.22
9/25/2024,257.02
9/24/2024,254.27
9/23/2024,250
9/20/2024,238.25
9/19/2024,243.92
9/18/2024,227.2
9/17/2024,227.87
9/16/2024,226.78
9/13/2024,230.29
9/12/2024,229.81
9/11/2024,228.13
9/10/2024,226.17
9/9/2024,216.27
9/6/2024,210.73
9/5/2024,230.17
9/4/2024,219.41
9/3/2024,210.6
8/30/2024,214.11
8/29/2024,206.28
8/28/2024,205.75
8/27/2024,209.21
8/26/2024,213.21
8/23/2024,220.32
8/22/2024,210.66
8/21/2024,223.27
8/20/2024,221.1
8/19/2024,222.72
8/16/2024,216.12
8/15/2024,214.14
8/14/2024,201.38
8/13/2024,207.83
8/12/2024,197.49
8/9/2024,200
8/8/2024,198.84
8/7/2024,191.76
8/6/2024,200.64
8/5/2024,198.88
8/2/2024,207.67
8/1/2024,216.86
7/31/2024,232.07
7/30/2024,222.62
7/29/2024,232.1
7/26/2024,219.8
7/25/2024,220.25
7/24/2024,215.99
7/23/2024,246.38
7/22/2024,251.51
7/19/2024,239.2
7/18/2024,249.23
7/17/2024,248.5
7/16/2024,256.56
7/15/2024,252.64
7/12/2024,248.23
7/11/2024,241.03
7/10/2024,263.26
7/9/2024,262.33
7/8/2024,252.94
7/5/2024,251.52
7/3/2024,246.39
7/2/2024,231.26
7/1/2024,209.86
6/28/2024,197.88
6/27/2024,197.42
6/26/2024,196.37
6/25/2024,187.35
6/24/2024,182.58
6/21/2024,183.01
6/20/2024,181.57
6/18/2024,184.86
6/17/2024,187.44
6/14/2024,178.01
6/13/2024,182.47
6/12/2024,177.29
6/11/2024,170.66
6/10/2024,173.79
6/7/2024,177.48
6/6/2024,177.94
6/5/2024,175
6/4/2024,174.77
6/3/2024,176.29
5/31/2024,178.08
5/30/2024,178.79
5/29/2024,176.19
5/28/2024,176.75
5/24/2024,179.24
5/23/2024,173.74
5/22/2024,180.11
5/21/2024,186.6
5/20/2024,174.95
5/17/2024,177.46
5/16/2024,174.84
5/15/2024,173.99
5/14/2024,177.55
5/13/2024,171.89
5/10/2024,168.47
5/9/2024,171.97
5/8/2024,174.72
5/7/2024,177.81
5/6/2024,184.76
5/3/2024,181.19
5/2/2024,180.01
5/1/2024,179.99
4/30/2024,183.28
4/29/2024,194.05
4/26/2024,168.29
4/25/2024,170.18
4/24/2024,162.13
4/23/2024,144.68
4/22/2024,142.05
4/19/2024,147.05
4/18/2024,149.93
4/17/2024,155.45
4/16/2024,157.11
4/15/2024,161.48
4/12/2024,171.05
4/11/2024,174.6
4/10/2024,171.76
4/9/2024,176.88
4/8/2024,172.98
4/5/2024,164.9
4/4/2024,171.11
4/3/2024,168.38
4/2/2024,166.63
4/1/2024,175.22
3/28/2024,175.79
3/27/2024,179.83
3/26/2024,177.67
3/25/2024,172.63
3/22/2024,170.83
3/21/2024,172.82
3/20/2024,175.66
3/19/2024,171.32
3/18/2024,173.8
3/15/2024,163.57
3/14/2024,162.5
3/13/2024,169.48
3/12/2024,177.54
3/11/2024,177.77
3/8/2024,175.34
3/7/2024,178.65
3/6/2024,176.54
3/5/2024,180.74
3/4/2024,188.14
3/1/2024,202.64
2/29/2024,201.88
2/28/2024,202.04
2/27/2024,199.73
2/26/2024,199.4
2/23/2024,191.97
2/22/2024,197.41
2/21/2024,194.77
2/20/2024,193.76
2/16/2024,199.95
2/15/2024,200.45
2/14/2024,188.71
2/13/2024,184.02
2/12/2024,188.13
2/9/2024,193.57
2/8/2024,189.56
2/7/2024,187.58
2/6/2024,185.1
2/5/2024,181.06
2/2/2024,187.91
2/1/2024,188.86
1/31/2024,187.29
1/30/2024,191.59
1/29/2024,190.93
1/26/2024,183.25
1/25/2024,182.63
1/24/2024,207.83
1/23/2024,209.14
1/22/2024,208.8
1/19/2024,212.19
1/18/2024,211.88
1/17/2024,215.55
1/16/2024,219.91
1/12/2024,218.89
1/11/2024,227.22
1/10/2024,233.94
1/9/2024,234.96
1/8/2024,240.45
1/5/2024,237.49
1/4/2024,237.93
1/3/2024,238.45
1/2/2024,248.42
12/29/2023,248.48
12/28/2023,253.18
12/27/2023,261.44
12/26/2023,256.61
12/22/2023,252.54
12/21/2023,254.5
12/20/2023,247.14
12/19/2023,257.22
12/18/2023,252.08
12/15/2023,253.5
12/14/2023,251.05
12/13/2023,239.29
12/12/2023,237.01
12/11/2023,239.74
12/8/2023,243.84
12/7/2023,242.64
12/6/2023,239.37
12/5/2023,238.72
12/4/2023,235.58
12/1/2023,238.83
11/30/2023,240.08
11/29/2023,244.14
11/28/2023,246.72
11/27/2023,236.08
11/24/2023,235.45
11/22/2023,234.21
11/21/2023,241.2
11/20/2023,235.6
11/17/2023,234.3
11/16/2023,233.59
11/15/2023,242.84
11/14/2023,237.41
11/13/2023,223.71
11/10/2023,214.65
11/9/2023,209.98
11/8/2023,222.11
11/7/2023,222.18
11/6/2023,219.27
11/3/2023,219.96
11/2/2023,218.51
11/1/2023,205.66
10/31/2023,200.84
10/30/2023,197.36
10/27/2023,207.3
10/26/2023,205.76
10/25/2023,212.42
10/24/2023,216.52
10/23/2023,212.08
10/20/2023,211.99
10/19/2023,220.11
10/18/2023,242.68
10/17/2023,254.85
10/16/2023,253.92
10/13/2023,251.12
10/12/2023,258.87
10/11/2023,262.99
10/10/2023,263.62
10/9/2023,259.67
10/6/2023,260.53
10/5/2023,260.05
10/4/2023,261.16
10/3/2023,246.53
10/2/2023,251.6
9/29/2023,250.22
9/28/2023,246.38
9/27/2023,240.5
9/26/2023,244.12
9/25/2023,246.99
9/22/2023,244.88
9/21/2023,255.7
9/20/2023,262.59
9/19/2023,266.5
9/18/2023,265.28
9/15/2023,274.39
9/14/2023,276.04
9/13/2023,271.3
9/12/2023,267.48
9/11/2023,273.58
9/8/2023,248.5
9/7/2023,251.49
9/6/2023,251.92
9/5/2023,256.49
9/1/2023,245.01
8/31/2023,258.08
8/30/2023,256.9
8/29/2023,257.18
8/28/2023,238.82
8/25/2023,238.59
8/24/2023,230.04
8/23/2023,236.86
8/22/2023,233.19
8/21/2023,231.28
8/18/2023,215.49
8/17/2023,219.22
8/16/2023,225.6
8/15/2023,232.96
8/14/2023,239.76
8/11/2023,242.65
8/10/2023,245.34
8/9/2023,242.19
8/8/2023,249.7
8/7/2023,251.45
8/4/2023,253.86
8/3/2023,259.32
8/2/2023,254.11
8/1/2023,261.07
7/31/2023,267.43
7/28/2023,266.44
7/27/2023,255.71
7/26/2023,264.35
7/25/2023,265.28
7/24/2023,269.06
7/21/2023,260.02
7/20/2023,262.9
7/19/2023,291.26
7/18/2023,293.34
7/17/2023,290.38
7/14/2023,281.38
7/13/2023,277.9
7/12/2023,271.99
7/11/2023,269.79
7/10/2023,269.61
7/7/2023,274.43
7/6/2023,276.54
7/5/2023,282.48
7/3/2023,279.82
6/30/2023,261.77
6/29/2023,257.5
6/28/2023,256.24
6/27/2023,250.21
6/26/2023,241.05
6/23/2023,256.6
6/22/2023,264.61
6/21/2023,259.46
6/20/2023,274.45
6/16/2023,260.54
6/15/2023,255.9
6/14/2023,256.79
6/13/2023,258.71
6/12/2023,249.83
6/9/2023,244.4
6/8/2023,234.86
6/7/2023,224.57
6/6/2023,221.31
6/5/2023,217.61
6/2/2023,213.97
6/1/2023,207.52
5/31/2023,203.93
5/30/2023,201.16
5/26/2023,193.17
5/25/2023,184.47
5/24/2023,182.9
5/23/2023,185.77
5/22/2023,188.87
5/19/2023,180.14
5/18/2023,176.89
5/17/2023,173.86
5/16/2023,166.52
5/15/2023,166.35
5/12/2023,167.98
5/11/2023,172.08
5/10/2023,168.54
5/9/2023,169.15
5/8/2023,171.79
5/5/2023,170.06
5/4/2023,161.2
5/3/2023,160.61
5/2/2023,160.31
5/1/2023,161.83
4/28/2023,164.31
4/27/2023,160.19
4/26/2023,153.75
4/25/2023,160.67
4/24/2023,162.55
4/21/2023,165.08
4/20/2023,162.99
4/19/2023,180.59
4/18/2023,184.31
4/17/2023,187.04
4/14/2023,185
4/13/2023,185.9
4/12/2023,180.54
4/11/2023,186.79
4/10/2023,184.51
4/6/2023,185.06
4/5/2023,185.52
4/4/2023,192.58
4/3/2023,194.77
3/31/2023,207.46
3/30/2023,195.28
3/29/2023,193.88
3/28/2023,189.19
3/27/2023,191.81
3/24/2023,190.41
3/23/2023,192.22
3/22/2023,191.15
3/21/2023,197.58
3/20/2023,183.25
3/17/2023,180.13
3/16/2023,184.13
3/15/2023,180.45
3/14/2023,183.26
3/13/2023,174.48
3/10/2023,173.44
3/9/2023,172.92
3/8/2023,182
3/7/2023,187.71
3/6/2023,193.81
3/3/2023,197.79
3/2/2023,190.9
3/1/2023,202.77
2/28/2023,205.71
2/27/2023,207.63
2/24/2023,196.88
2/23/2023,202.07
2/22/2023,200.86
2/21/2023,197.37
2/17/2023,208.31
2/16/2023,202.04
2/15/2023,214.24
2/14/2023,209.25
2/13/2023,194.64
2/10/2023,196.89
2/9/2023,207.32
2/8/2023,201.29
2/7/2023,196.81
2/6/2023,194.76
2/3/2023,189.98
2/2/2023,188.27
2/1/2023,181.41
1/31/2023,173.22
1/30/2023,166.66
1/27/2023,177.9
1/26/2023,160.27
1/25/2023,144.43
1/24/2023,143.89
1/23/2023,143.75
1/20/2023,133.42
1/19/2023,127.17
1/18/2023,128.78
1/17/2023,131.49
1/13/2023,122.4
1/12/2023,123.56
1/11/2023,123.22
1/10/2023,118.85
1/9/2023,119.77
1/6/2023,113.06
1/5/2023,110.34
1/4/2023,113.64
1/3/2023,108.1
12/30/2022,123.18
12/29/2022,121.82
12/28/2022,112.71
12/27/2022,109.1
12/23/2022,123.15
12/22/2022,125.35
12/21/2022,137.57
12/20/2022,137.8
12/19/2022,149.87
12/16/2022,150.23
12/15/2022,157.67
12/14/2022,156.8
12/13/2022,160.95
12/12/2022,167.82
12/9/2022,179.05
12/8/2022,173.44
12/7/2022,174.04
12/6/2022,179.82
12/5/2022,182.45
12/2/2022,194.86
12/1/2022,194.7
11/30/2022,194.7
11/29/2022,180.83
11/28/2022,182.92
11/25/2022,182.86
11/23/2022,183.2
11/22/2022,169.91
11/21/2022,167.87
11/18/2022,180.19
11/17/2022,183.17
11/16/2022,186.92
11/15/2022,194.42
11/14/2022,190.95
11/11/2022,195.97
11/10/2022,190.72
11/9/2022,177.59
11/8/2022,191.3
11/7/2022,197.08
11/4/2022,207.47
11/3/2022,215.31
11/2/2022,214.98
11/1/2022,227.82
10/31/2022,227.54
10/28/2022,228.52
10/27/2022,225.09
10/26/2022,224.64
10/25/2022,222.41
10/24/2022,211.25
10/21/2022,214.44
10/20/2022,207.28
10/19/2022,222.04
10/18/2022,220.19
10/17/2022,219.35
10/14/2022,204.99
10/13/2022,221.72
10/12/2022,217.24
10/11/2022,216.5
10/10/2022,222.96
10/7/2022,223.07
10/6/2022,238.13
10/5/2022,240.81
10/4/2022,249.44
10/3/2022,242.4
9/30/2022,265.25
9/29/2022,268.21
9/28/2022,287.81
9/27/2022,282.94
9/26/2022,276.01
9/23/2022,275.33
9/22/2022,288.59
9/21/2022,300.8
9/20/2022,308.73
9/19/2022,309.07
9/16/2022,303.35
9/15/2022,303.75
9/14/2022,302.61
9/13/2022,292.13
9/12/2022,304.42
9/9/2022,299.68
9/8/2022,289.26
9/7/2022,283.7
9/6/2022,274.42
9/2/2022,270.21
9/1/2022,277.16
8/31/2022,275.61
8/30/2022,277.7
8/29/2022,284.82
8/26/2022,288.09
8/25/2022,296.07
8/24/2022,297.1
8/23/2022,296.45
8/22/2022,289.91
8/19/2022,296.67
8/18/2022,302.87
8/17/2022,304
8/16/2022,306.56
8/15/2022,309.32
8/12/2022,300.03
8/11/2022,286.63
8/10/2022,294.36
8/9/2022,283.33
8/8/2022,290.42
8/5/2022,288.17
8/4/2022,308.63
8/3/2022,307.4
8/2/2022,300.59
8/1/2022,297.28
7/29/2022,297.15
7/28/2022,280.9
7/27/2022,274.82
7/26/2022,258.86
7/25/2022,268.43
7/22/2022,272.24
7/21/2022,271.71
7/20/2022,247.5
7/19/2022,245.53
7/18/2022,240.55
7/15/2022,240.07
7/14/2022,238.31
7/13/2022,237.04
7/12/2022,233.07
7/11/2022,234.34
7/8/2022,250.76
7/7/2022,244.54
7/6/2022,231.73
7/5/2022,233.07
7/1/2022,227.26
6/30/2022,224.47
6/29/2022,228.49
6/28/2022,232.66
6/27/2022,244.92
6/24/2022,245.71
6/23/2022,235.07
6/22/2022,236.09
6/21/2022,237.04
6/17/2022,216.76
6/16/2022,213.1
6/15/2022,233
6/14/2022,220.89
6/13/2022,215.74
6/10/2022,232.23
6/9/2022,239.71
6/8/2022,241.87
6/7/2022,238.89
6/6/2022,238.28
6/3/2022,234.52
6/2/2022,258.33
6/1/2022,246.79
5/31/2022,252.75
5/27/2022,253.21
5/26/2022,235.91
5/25/2022,219.6
5/24/2022,209.39
5/23/2022,224.97
5/20/2022,221.3
5/19/2022,236.47
5/18/2022,236.6
5/17/2022,253.87
5/16/2022,241.46
5/13/2022,256.53
5/12/2022,242.67
5/11/2022,244.67
5/10/2022,266.68
5/9/2022,262.37
5/6/2022,288.55
5/5/2022,291.09
5/4/2022,317.54
5/3/2022,303.08
5/2/2022,300.98
4/29/2022,290.25
4/28/2022,292.5
4/27/2022,293.84
4/26/2022,292.14
4/25/2022,332.67
4/22/2022,335.02
4/21/2022,336.26
4/20/2022,325.73
4/19/2022,342.72
4/18/2022,334.76
4/14/2022,328.33
4/13/2022,340.79
4/12/2022,328.98
4/11/2022,325.31
4/8/2022,341.83
4/7/2022,352.42
4/6/2022,348.59
4/5/2022,363.75
4/4/2022,381.82
4/1/2022,361.53
3/31/2022,359.2
3/30/2022,364.66
3/29/2022,366.52
3/28/2022,363.95
3/25/2022,336.88
3/24/2022,337.97
3/23/2022,333.04
3/22/2022,331.33
3/21/2022,307.05
3/18/2022,301.8
3/17/2022,290.53
3/16/2022,280.08
3/15/2022,267.3
3/14/2022,255.46
3/11/2022,265.12
3/10/2022,279.43
3/9/2022,286.32
3/8/2022,274.8
3/7/2022,268.19
3/4/2022,279.43
3/3/2022,279.76
3/2/2022,293.3
3/1/2022,288.12
2/28/2022,290.14
2/25/2022,269.96
2/24/2022,266.92
2/23/2022,254.68
2/22/2022,273.84
2/18/2022,285.66
2/17/2022,292.12
2/16/2022,307.8
2/15/2022,307.48
2/14/2022,291.92
2/11/2022,286.67
2/10/2022,301.52
2/9/2022,310.67
2/8/2022,307.33
2/7/2022,302.45
2/4/2022,307.77
2/3/2022,297.05
2/2/2022,301.89
2/1/2022,310.42
1/31/2022,312.24
1/28/2022,282.12
1/27/2022,276.37
1/26/2022,312.47
1/25/2022,306.13
1/24/2022,310
1/21/2022,314.63
1/20/2022,332.09
1/19/2022,331.88
1/18/2022,343.5
1/14/2022,349.87
1/13/2022,343.85
1/12/2022,368.74
1/11/2022,354.8
1/10/2022,352.71
1/7/2022,342.32
1/6/2022,354.9
1/5/2022,362.71
1/4/2022,383.2
1/3/2022,399.93
12/31/2021,352.26
12/30/2021,356.78
12/29/2021,362.06
12/28/2021,362.82
12/27/2021,364.65
12/23/2021,355.67
12/22/2021,336.29
12/21/2021,312.84
12/20/2021,299.98
12/17/2021,310.86
12/16/2021,308.97
12/15/2021,325.33
12/14/2021,319.5
12/13/2021,322.14
12/10/2021,339.01
12/9/2021,334.6
12/8/2021,356.32
12/7/2021,350.58
12/6/2021,336.34
12/3/2021,338.32
12/2/2021,361.53
12/1/2021,365
11/30/2021,381.59
11/29/2021,379
11/26/2021,360.64
11/24/2021,372
11/23/2021,369.68
11/22/2021,385.62
11/19/2021,379.02
11/18/2021,365.46
11/17/2021,363
11/16/2021,351.58
11/15/2021,337.8
11/12/2021,344.47
11/11/2021,354.5
11/10/2021,355.98
11/9/2021,341.17
11/8/2021,387.65
11/5/2021,407.36
11/4/2021,409.97
11/3/2021,404.62
11/2/2021,390.67
11/1/2021,402.86
10/29/2021,371.33
10/28/2021,359.01
10/27/2021,345.95
10/26/2021,339.48
10/25/2021,341.62
10/22/2021,303.23
10/21/2021,298
10/20/2021,288.6
10/19/2021,288.09
10/18/2021,290.04
10/15/2021,281.01
10/14/2021,272.77
10/13/2021,270.36
10/12/2021,268.57
10/11/2021,263.98
10/8/2021,261.83
10/7/2021,264.54
10/6/2021,260.92
10/5/2021,260.2
10/4/2021,260.51
10/1/2021,258.41
9/30/2021,258.49
9/29/2021,260.44
9/28/2021,259.19
9/27/2021,263.79
9/24/2021,258.13
9/23/2021,251.21
9/22/2021,250.65
9/21/2021,246.46
9/20/2021,243.39
9/17/2021,253.16
9/16/2021,252.33
9/15/2021,251.94
9/14/2021,248.16
9/13/2021,247.67
9/10/2021,245.42
9/9/2021,251.62
9/8/2021,251.29
9/7/2021,250.97
9/3/2021,244.52
9/2/2021,244.13
9/1/2021,244.7
8/31/2021,245.24
8/30/2021,243.64
8/27/2021,237.31
8/26/2021,233.72
8/25/2021,237.07
8/24/2021,236.16
8/23/2021,235.43
8/20/2021,226.75
8/19/2021,224.49
8/18/2021,229.66
8/17/2021,221.9
8/16/2021,228.72
8/13/2021,239.06
8/12/2021,240.75
8/11/2021,235.94
8/10/2021,236.66
8/9/2021,237.92
8/6/2021,233.03
8/5/2021,238.21
8/4/2021,236.97
8/3/2021,236.58
8/2/2021,236.56
7/30/2021,229.07
7/29/2021,225.78
7/28/2021,215.66
7/27/2021,214.93
7/26/2021,219.21
7/23/2021,214.46
7/22/2021,216.42
7/21/2021,218.43
7/20/2021,220.17
7/19/2021,215.41
7/16/2021,214.74
7/15/2021,216.87
7/14/2021,217.79
7/13/2021,222.85
7/12/2021,228.57
7/9/2021,218.98
7/8/2021,217.6
7/7/2021,214.88
7/6/2021,219.86
7/2/2021,226.3
7/1/2021,225.97
6/30/2021,226.57
6/29/2021,226.92
6/28/2021,229.57
6/25/2021,223.96
6/24/2021,226.61
6/23/2021,218.86
6/22/2021,207.9
6/21/2021,206.94
6/18/2021,207.77
6/17/2021,205.53
6/16/2021,201.62
6/15/2021,199.79
6/14/2021,205.9
6/11/2021,203.3
6/10/2021,203.37
6/9/2021,199.59
6/8/2021,201.2
6/7/2021,201.71
6/4/2021,199.68
6/3/2021,190.95
6/2/2021,201.71
6/1/2021,207.97
5/28/2021,208.41
5/27/2021,210.28
5/26/2021,206.38
5/25/2021,201.56
5/24/2021,202.15
5/21/2021,193.63
5/20/2021,195.59
5/19/2021,187.82
5/18/2021,192.62
5/17/2021,192.28
5/14/2021,196.58
5/13/2021,190.56
5/12/2021,196.63
5/11/2021,205.73
5/10/2021,209.68
5/7/2021,224.12
5/6/2021,221.18
5/5/2021,223.65
5/4/2021,224.53
5/3/2021,228.3
4/30/2021,236.48
4/29/2021,225.67
4/28/2021,231.47
4/27/2021,234.91
4/26/2021,246.07
4/23/2021,243.13
4/22/2021,239.9
4/21/2021,248.04
4/20/2021,239.66
4/19/2021,238.21
4/16/2021,246.59
4/15/2021,246.28
4/14/2021,244.08
4/13/2021,254.11
4/12/2021,233.99
4/9/2021,225.67
4/8/2021,227.93
4/7/2021,223.66
4/6/2021,230.54
4/5/2021,230.35
4/1/2021,220.58
3/31/2021,222.64
3/30/2021,211.87
3/29/2021,203.76
3/26/2021,206.24
3/25/2021,213.46
3/24/2021,210.09
3/23/2021,220.72
3/22/2021,223.33
3/19/2021,218.29
3/18/2021,217.72
3/17/2021,233.94
3/16/2021,225.63
3/15/2021,235.98
3/12/2021,231.24
3/11/2021,233.2
3/10/2021,222.69
3/9/2021,224.53
3/8/2021,187.67
3/5/2021,199.32
3/4/2021,207.15
3/3/2021,217.73
3/2/2021,228.81
3/1/2021,239.48
2/26/2021,225.17
2/25/2021,227.41
2/24/2021,247.34
2/23/2021,232.95
2/22/2021,238.17
2/19/2021,260.43
2/18/2021,262.46
2/17/2021,266.05
2/16/2021,265.41
2/12/2021,272.04
2/11/2021,270.55
2/10/2021,268.27
2/9/2021,283.15
2/8/2021,287.81
2/5/2021,284.08
2/4/2021,283.33
2/3/2021,284.9
2/2/2021,290.93
2/1/2021,279.94
1/29/2021,264.51
1/28/2021,278.48
1/27/2021,288.05
1/26/2021,294.36
1/25/2021,293.6
1/22/2021,282.21
1/21/2021,281.66
1/20/2021,283.48
1/19/2021,281.52
1/15/2021,275.39
1/14/2021,281.67
1/13/2021,284.8
1/12/2021,283.15
1/11/2021,270.4
1/8/2021,293.34
1/7/2021,272.01
1/6/2021,251.99
1/5/2021,245.04
1/4/2021,243.26
12/31/2020,235.22
12/30/2020,231.59
12/29/2020,222
12/28/2020,221.23
12/24/2020,220.59
12/23/2020,215.33
12/22/2020,213.45
12/21/2020,216.62
12/18/2020,231.67
12/17/2020,218.63
12/16/2020,207.59
12/15/2020,211.08
12/14/2020,213.28
12/11/2020,203.33
12/10/2020,209.02
12/9/2020,201.49
12/8/2020,216.63
12/7/2020,213.92
12/4/2020,199.68
12/3/2020,197.79
12/2/2020,189.61
12/1/2020,194.92
11/30/2020,189.2
11/27/2020,195.25
11/25/2020,191.33
11/24/2020,185.13
11/23/2020,173.95
11/20/2020,163.2
11/19/2020,166.42
11/18/2020,162.21
11/17/2020,147.2
11/16/2020,136.03
11/13/2020,136.17
11/12/2020,137.25
11/11/2020,139.04
11/10/2020,136.79
11/9/2020,140.42
11/6/2020,143.32
11/5/2020,146.03
11/4/2020,140.33
11/3/2020,141.3
11/2/2020,133.5
10/30/2020,129.35
10/29/2020,136.94
10/28/2020,135.34
10/27/2020,141.56
10/26/2020,140.09
10/23/2020,140.21
10/22/2020,141.93
10/21/2020,140.88
10/20/2020,140.65
10/19/2020,143.61
10/16/2020,146.56
10/15/2020,149.63
10/14/2020,153.77
10/13/2020,148.88
10/12/2020,147.43
10/9/2020,144.67
10/8/2020,141.97
10/7/2020,141.77
10/6/2020,137.99
10/5/2020,141.89
10/2/2020,138.36
10/1/2020,149.39
9/30/2020,143
9/29/2020,139.69
9/28/2020,140.4
9/25/2020,135.78
9/24/2020,129.26
9/23/2020,126.79
9/22/2020,141.41
9/21/2020,149.8
9/18/2020,147.38
9/17/2020,141.14
9/16/2020,147.25
9/15/2020,149.92
9/14/2020,139.87
9/11/2020,124.24
9/10/2020,123.78
9/9/2020,122.09
9/8/2020,110.07
9/4/2020,139.44
9/3/2020,135.67
9/2/2020,149.12
9/1/2020,158.35
8/31/2020,166.11
8/28/2020,147.56
8/27/2020,149.25
8/26/2020,143.54
8/25/2020,134.89
8/24/2020,134.28
8/21/2020,136.67
8/20/2020,133.46
8/19/2020,125.24
8/18/2020,125.81
8/17/2020,122.38
8/14/2020,110.05
8/13/2020,108.07
8/12/2020,103.65
8/11/2020,91.63
8/10/2020,94.57
8/7/2020,96.85
8/6/2020,99.31
8/5/2020,99
8/4/2020,99.13
8/3/2020,99
7/31/2020,95.38
7/30/2020,99.17
7/29/2020,99.94
7/28/2020,98.43
7/27/2020,102.64
7/24/2020,94.47
7/23/2020,100.87
7/22/2020,106.16
7/21/2020,104.56
7/20/2020,109.53
7/17/2020,100.06
7/16/2020,100.04
7/15/2020,103.07
7/14/2020,101.12
7/13/2020,99.8
7/10/2020,102.98
7/9/2020,92.95
7/8/2020,91.06
7/7/2020,92.66
7/6/2020,91.44
7/2/2020,80.58
7/1/2020,74.64
6/30/2020,71.99
6/29/2020,67.29
6/26/2020,63.98
6/25/2020,65.73
6/24/2020,64.06
6/23/2020,66.79
6/22/2020,66.29
6/19/2020,66.73
6/18/2020,66.93
6/17/2020,66.12
6/16/2020,65.48
6/15/2020,66.06
6/12/2020,62.35
6/11/2020,64.86
6/10/2020,68.34
6/9/2020,62.71
6/8/2020,63.33
6/5/2020,59.04
6/4/2020,57.63
6/3/2020,58.86
6/2/2020,58.77
6/1/2020,59.87
5/29/2020,55.67
5/28/2020,53.72
5/27/2020,54.68
5/26/2020,54.59
5/22/2020,54.46
5/21/2020,55.17
5/20/2020,54.37
5/19/2020,53.87
5/18/2020,54.24
5/15/2020,53.28
5/14/2020,53.56
5/13/2020,52.73
5/12/2020,53.96
5/11/2020,54.09
5/8/2020,54.63
5/7/2020,52
5/6/2020,52.17
5/5/2020,51.21
5/4/2020,50.75
5/1/2020,46.75
4/30/2020,52.13
4/29/2020,53.37
4/28/2020,51.27
4/27/2020,53.25
4/24/2020,48.34
4/23/2020,47.04
4/22/2020,48.81
4/21/2020,45.78
4/20/2020,49.76
4/17/2020,50.26
4/16/2020,49.68
4/15/2020,48.66
4/14/2020,47.33
4/13/2020,43.4
4/9/2020,38.2
4/8/2020,36.59
4/7/2020,36.36
4/6/2020,34.42
4/3/2020,32
4/2/2020,30.3
4/1/2020,32.1
3/31/2020,34.93
3/30/2020,33.48
3/27/2020,34.29
3/26/2020,35.21
3/25/2020,35.95
3/24/2020,33.67
3/23/2020,28.95
3/20/2020,28.5
3/19/2020,28.51
3/18/2020,24.08
3/17/2020,28.68
3/16/2020,29.67
3/13/2020,36.44
3/12/2020,37.37
3/11/2020,42.28
3/10/2020,43.02
3/9/2020,40.53
3/6/2020,46.9
3/5/2020,48.3
3/4/2020,49.97
3/3/2020,49.7
3/2/2020,49.57
2/28/2020,44.53
2/27/2020,45.27
2/26/2020,51.92
2/25/2020,53.33
2/24/2020,55.59
2/21/2020,60.07
2/20/2020,59.96
2/19/2020,61.16
2/18/2020,57.23
2/14/2020,53.34
2/13/2020,53.6
2/12/2020,51.15
2/11/2020,51.63
2/10/2020,51.42
2/7/2020,49.87
2/6/2020,49.93
2/5/2020,48.98
2/4/2020,59.14
2/3/2020,52
1/31/2020,43.37
1/30/2020,42.72
1/29/2020,38.73
1/28/2020,37.79
1/27/2020,37.2
1/24/2020,37.65
1/23/2020,38.15
1/22/2020,37.97
1/21/2020,36.48
1/17/2020,34.03
1/16/2020,34.23
1/15/2020,34.57
1/14/2020,35.86
1/13/2020,34.99
1/10/2020,31.88
1/9/2020,32.09
1/8/2020,32.81
1/7/2020,31.27
1/6/2020,30.1
1/3/2020,29.53
1/2/2020,28.68
12/31/2019,27.89
12/30/2019,27.65
12/27/2019,28.69
12/26/2019,28.73
12/24/2019,28.35
12/23/2019,27.95
12/20/2019,27.04
12/19/2019,26.94
12/18/2019,26.21
12/17/2019,25.27
12/16/2019,25.43
12/13/2019,23.89
12/12/2019,23.98
12/11/2019,23.51
12/10/2019,23.26
12/9/2019,22.64
12/6/2019,22.39
12/5/2019,22.02
12/4/2019,22.2
12/3/2019,22.41
12/2/2019,22.32
11/29/2019,22
11/27/2019,22.09
11/26/2019,21.93
11/25/2019,22.42
11/22/2019,22.2
11/21/2019,23.66
11/20/2019,23.48
11/19/2019,23.97
11/18/2019,23.33
11/15/2019,23.48
11/14/2019,23.29
11/13/2019,23.07
11/12/2019,23.33
11/11/2019,23.01
11/8/2019,22.48
11/7/2019,22.37
11/6/2019,21.77
11/5/2019,21.15
11/4/2019,21.16
11/1/2019,20.89
10/31/2019,20.99
10/30/2019,21
10/29/2019,21.08
10/28/2019,21.85
10/25/2019,21.88
10/24/2019,19.98
10/23/2019,16.98
10/22/2019,17.04
10/21/2019,16.9
10/18/2019,17.13
10/17/2019,17.46
10/16/2019,17.32
10/15/2019,17.19
10/14/2019,17.13
10/11/2019,16.53
10/10/2019,16.32
10/9/2019,16.3
10/8/2019,16
10/7/2019,15.85
10/4/2019,15.43
10/3/2019,15.54
10/2/2019,16.21
10/1/2019,16.31
9/30/2019,16.06
9/27/2019,16.14
9/26/2019,16.17
9/25/2019,15.25
9/24/2019,14.88
9/23/2019,16.08
9/20/2019,16.04
9/19/2019,16.44
9/18/2019,16.23
9/17/2019,16.32
9/16/2019,16.19
9/13/2019,16.35
9/12/2019,16.39
9/11/2019,16.47
9/10/2019,15.7
9/9/2019,15.45
9/6/2019,15.16
9/5/2019,15.31
9/4/2019,14.71
9/3/2019,15
8/30/2019,15.04
8/29/2019,14.78
8/28/2019,14.37
8/27/2019,14.27
8/26/2019,14.33
8/23/2019,14.09
8/22/2019,14.81
8/21/2019,14.72
8/20/2019,15.06
8/19/2019,15.12
8/16/2019,14.66
8/15/2019,14.38
8/14/2019,14.64
8/13/2019,15.67
8/12/2019,15.27
8/9/2019,15.67
8/8/2019,15.89
8/7/2019,15.56
8/6/2019,15.38
8/5/2019,15.22
8/2/2019,15.62
8/1/2019,15.59
7/31/2019,16.11
7/30/2019,16.15
7/29/2019,15.72
7/26/2019,15.2
7/25/2019,15.25
7/24/2019,17.66
7/23/2019,17.34
7/22/2019,17.05
7/19/2019,17.21
7/18/2019,16.9
7/17/2019,16.99
7/16/2019,16.83
7/15/2019,16.9
7/12/2019,16.34
7/11/2019,15.91
7/10/2019,15.93
7/9/2019,15.34
7/8/2019,15.36
7/5/2019,15.54
7/3/2019,15.66
7/2/2019,14.97
7/1/2019,15.14
6/28/2019,14.9
6/27/2019,14.86
6/26/2019,14.62
6/25/2019,14.65
6/24/2019,14.91
6/21/2019,14.79
6/20/2019,14.64
6/19/2019,15.1
6/18/2019,14.98
6/17/2019,15
6/14/2019,14.33
6/13/2019,14.26
6/12/2019,13.95
6/11/2019,14.47
6/10/2019,14.19
6/7/2019,13.63
6/6/2019,13.73
6/5/2019,13.11
6/4/2019,12.91
6/3/2019,11.93
5/31/2019,12.34
5/30/2019,12.55
5/29/2019,12.66
5/28/2019,12.58
5/24/2019,12.71
5/23/2019,13.03
5/22/2019,12.85
5/21/2019,13.67
5/20/2019,13.69
5/17/2019,14.07
5/16/2019,15.22
5/15/2019,15.46
5/14/2019,15.49
5/13/2019,15.13
5/10/2019,15.97
5/9/2019,16.13
5/8/2019,16.32
5/7/2019,16.47
5/6/2019,17.02
5/3/2019,17
5/2/2019,16.27
5/1/2019,15.6
4/30/2019,15.91
4/29/2019,16.1
4/26/2019,15.68
4/25/2019,16.51
4/24/2019,17.24
4/23/2019,17.59
4/22/2019,17.52
4/18/2019,18.22
4/17/2019,18.08
4/16/2019,18.22
4/15/2019,17.76
4/12/2019,17.85
4/11/2019,17.89
4/10/2019,18.4
4/9/2019,18.15
4/8/2019,18.21
4/5/2019,18.33
4/4/2019,17.85
4/3/2019,19.45
4/2/2019,19.06
4/1/2019,19.28
3/29/2019,18.66
3/28/2019,18.57
3/27/2019,18.32
3/26/2019,17.85
3/25/2019,17.36
3/22/2019,17.64
3/21/2019,18.27
3/20/2019,18.24
3/19/2019,17.83
3/18/2019,17.97
3/15/2019,18.36
3/14/2019,19.33
3/13/2019,19.26
3/12/2019,18.89
3/11/2019,19.39
3/8/2019,18.94
3/7/2019,18.44
3/6/2019,18.42
3/5/2019,18.44
3/4/2019,19.02
3/1/2019,19.65
2/28/2019,21.33
2/27/2019,20.98
2/26/2019,19.86
2/25/2019,19.92
2/22/2019,19.65
2/21/2019,19.42
2/20/2019,20.17
2/19/2019,20.38
2/15/2019,20.53
2/14/2019,20.25
2/13/2019,20.54
2/12/2019,20.79
2/11/2019,20.86
2/8/2019,20.39
2/7/2019,20.5
2/6/2019,21.15
2/5/2019,21.42
2/4/2019,20.86
2/1/2019,20.81
1/31/2019,20.47
1/30/2019,20.58
1/29/2019,19.83
1/28/2019,19.76
1/25/2019,19.8
1/24/2019,19.43
1/23/2019,19.17
1/22/2019,19.93
1/18/2019,20.15
1/17/2019,23.15
1/16/2019,23.07
1/15/2019,22.96
1/14/2019,22.29
1/11/2019,23.15
1/10/2019,23
1/9/2019,22.57
1/8/2019,22.36
1/7/2019,22.33
1/4/2019,21.18
1/3/2019,20.02
1/2/2019,20.67
12/31/2018,22.19
12/28/2018,22.26
12/27/2018,21.08
12/26/2018,21.74
12/24/2018,19.69
12/21/2018,21.32
12/20/2018,21.03
12/19/2018,22.2
12/18/2018,22.47
12/17/2018,23.23
12/14/2018,24.38
12/13/2018,25.12
12/12/2018,24.44
12/11/2018,24.45
12/10/2018,24.34
12/7/2018,23.86
12/6/2018,24.2
12/4/2018,23.98
12/3/2018,23.9
11/30/2018,23.37
11/29/2018,22.74
11/28/2018,23.19
11/27/2018,22.93
11/26/2018,23.07
11/23/2018,21.72
11/21/2018,22.55
11/20/2018,23.17
11/19/2018,23.56
11/16/2018,23.62
11/15/2018,23.23
11/14/2018,22.93
11/13/2018,22.58
11/12/2018,22.09
11/9/2018,23.37
11/8/2018,23.43
11/7/2018,23.21
11/6/2018,22.74
11/5/2018,22.76
11/2/2018,23.09
11/1/2018,22.95
10/31/2018,22.49
10/30/2018,21.99
10/29/2018,22.32
10/26/2018,22.06
10/25/2018,20.99
10/24/2018,19.23
10/23/2018,19.61
10/22/2018,17.4
10/19/2018,17.33
10/18/2018,17.59
10/17/2018,18.12
10/16/2018,18.44
10/15/2018,17.31
10/12/2018,17.25
10/11/2018,16.82
10/10/2018,17.13
10/9/2018,17.52
10/8/2018,16.7
10/5/2018,17.46
10/4/2018,18.79
10/3/2018,19.65
10/2/2018,20.07
10/1/2018,20.71
9/28/2018,17.65
9/27/2018,20.5
9/26/2018,20.64
9/25/2018,20.07
9/24/2018,19.98
9/21/2018,19.94
9/20/2018,19.89
9/19/2018,19.93
9/18/2018,19
9/17/2018,19.66
9/14/2018,19.68
9/13/2018,19.3
9/12/2018,19.37
9/11/2018,18.63
9/10/2018,19.03
9/7/2018,17.55
9/6/2018,18.73
9/5/2018,18.72
9/4/2018,19.26
8/31/2018,20.11
8/30/2018,20.21
8/29/2018,20.33
8/28/2018,20.79
8/27/2018,21.28
8/24/2018,21.52
8/23/2018,21.34
8/22/2018,21.44
8/21/2018,21.46
8/20/2018,20.56
8/17/2018,20.37
8/16/2018,22.36
8/15/2018,22.58
8/14/2018,23.18
8/13/2018,23.76
8/10/2018,23.7
8/9/2018,23.5
8/8/2018,24.69
8/7/2018,25.3
8/6/2018,22.8
8/3/2018,23.21
8/2/2018,23.3
8/1/2018,20.06
7/31/2018,19.88
7/30/2018,19.34
7/27/2018,19.81
7/26/2018,20.44
7/25/2018,20.58
7/24/2018,19.83
7/23/2018,20.21
7/20/2018,20.91
7/19/2018,21.35
7/18/2018,21.59
7/17/2018,21.51
7/16/2018,20.67
7/13/2018,21.26
7/12/2018,21.11
7/11/2018,21.26
7/10/2018,21.5
7/9/2018,21.23
7/6/2018,20.59
7/5/2018,20.61
7/3/2018,20.72
7/2/2018,22.34
6/29/2018,22.86
6/28/2018,23.33
6/27/2018,22.97
6/26/2018,22.8
6/25/2018,22.2
6/22/2018,22.24
6/21/2018,23.17
6/20/2018,24.15
6/19/2018,23.5
6/18/2018,24.72
6/15/2018,23.88
6/14/2018,23.85
6/13/2018,22.99
6/12/2018,22.85
6/11/2018,22.14
6/8/2018,21.18
6/7/2018,21.07
6/6/2018,21.3
6/5/2018,19.41
6/4/2018,19.78
6/1/2018,19.45
5/31/2018,18.98
5/30/2018,19.45
5/29/2018,18.92
5/25/2018,18.59
5/24/2018,18.52
5/23/2018,18.6
5/22/2018,18.33
5/21/2018,18.97
5/18/2018,18.45
5/17/2018,18.97
5/16/2018,19.1
5/15/2018,18.95
5/14/2018,19.46
5/11/2018,20.07
5/10/2018,20.33
5/9/2018,20.46
5/8/2018,20.13
5/7/2018,20.18
5/4/2018,19.61
5/3/2018,18.96
5/2/2018,20.08
5/1/2018,19.99
4/30/2018,19.59
4/27/2018,19.6
4/26/2018,19.03
4/25/2018,18.71
4/24/2018,18.9
4/23/2018,18.89
4/20/2018,19.35
4/19/2018,20.01
4/18/2018,19.56
4/17/2018,19.18
4/16/2018,19.41
4/13/2018,20.02
4/12/2018,19.61
4/11/2018,20.06
4/10/2018,20.31
4/9/2018,19.31
4/6/2018,19.95
4/5/2018,20.38
4/4/2018,19.13
4/3/2018,17.84
4/2/2018,16.83
3/29/2018,17.74
3/28/2018,17.19
3/27/2018,18.61
3/26/2018,20.28
3/23/2018,20.1
3/22/2018,20.61
3/21/2018,21.1
3/20/2018,20.7
3/19/2018,20.9
3/16/2018,21.42
3/15/2018,21.71
3/14/2018,21.78
3/13/2018,22.79
3/12/2018,23.03
3/9/2018,21.81
3/8/2018,21.94
3/7/2018,22.15
3/6/2018,21.88
3/5/2018,22.22
3/2/2018,22.34
3/1/2018,22.06
2/28/2018,22.87
2/27/2018,23.4
2/26/2018,23.83
2/23/2018,23.47
2/22/2018,23.08
2/21/2018,22.22
2/20/2018,22.32
2/16/2018,22.37
2/15/2018,22.27
2/14/2018,21.49
2/13/2018,21.58
2/12/2018,21.05
2/9/2018,20.69
2/8/2018,21.02
2/7/2018,23
2/6/2018,22.26
2/5/2018,22.21
2/2/2018,22.92
2/1/2018,23.28
1/31/2018,23.62
1/30/2018,23.05
1/29/2018,23.3
1/26/2018,22.86
1/25/2018,22.51
1/24/2018,23.06
1/23/2018,23.52
1/22/2018,23.44
1/19/2018,23.33
1/18/2018,22.97
1/17/2018,23.14
1/16/2018,22.67
1/12/2018,22.41
1/11/2018,22.53
1/10/2018,22.32
1/9/2018,22.25
1/8/2018,22.43
1/5/2018,21.11
1/4/2018,20.97
1/3/2018,21.15
1/2/2018,21.37
12/29/2017,20.76
12/28/2017,21.02
12/27/2017,20.78
12/26/2017,21.15
12/22/2017,21.68
12/21/2017,22.11
12/20/2017,21.93
12/19/2017,22.07
12/18/2017,22.59
12/15/2017,22.9
12/14/2017,22.53
12/13/2017,22.6
12/12/2017,22.74
12/11/2017,21.93
12/8/2017,21.01
12/7/2017,20.75
12/6/2017,20.88
12/5/2017,20.25
12/4/2017,20.35
12/1/2017,20.44
11/30/2017,20.59
11/29/2017,20.5
11/28/2017,21.17
11/27/2017,21.12
11/24/2017,21.04
11/22/2017,20.84
11/21/2017,21.19
11/20/2017,20.58
11/17/2017,21
11/16/2017,20.83
11/15/2017,20.75
11/14/2017,20.58
11/13/2017,21.03
11/10/2017,20.2
11/9/2017,20.2
11/8/2017,20.29
11/7/2017,20.4
11/6/2017,20.19
11/3/2017,20.41
11/2/2017,19.95
11/1/2017,21.41
10/31/2017,22.1
10/30/2017,21.34
10/27/2017,21.39
10/26/2017,21.74
10/25/2017,21.72
10/24/2017,22.49
10/23/2017,22.47
10/20/2017,23.01
10/19/2017,23.45
10/18/2017,23.98
10/17/2017,23.72
10/16/2017,23.37
10/13/2017,23.7
10/12/2017,23.71
10/11/2017,23.64
10/10/2017,23.71
10/9/2017,22.86
10/6/2017,23.79
10/5/2017,23.69
10/4/2017,23.67
10/3/2017,23.21
10/2/2017,22.77
9/29/2017,22.74
9/28/2017,22.64
9/27/2017,22.73
9/26/2017,23.02
9/25/2017,23
9/22/2017,23.41
9/21/2017,24.43
9/20/2017,24.93
9/19/2017,25.01
9/18/2017,25.67
9/15/2017,25.32
9/14/2017,25.18
9/13/2017,24.42
9/12/2017,24.18
9/11/2017,24.25
9/8/2017,22.89
9/7/2017,23.37
9/6/2017,22.97
9/5/2017,23.31
9/1/2017,23.69
8/31/2017,23.73
8/30/2017,23.55
8/29/2017,23.16
8/28/2017,23.04
8/25/2017,23.2
8/24/2017,23.53
8/23/2017,23.52
8/22/2017,22.76
8/21/2017,22.52
8/18/2017,23.16
8/17/2017,23.46
8/16/2017,24.19
8/15/2017,24.16
8/14/2017,24.25
8/11/2017,23.86
8/10/2017,23.69
8/9/2017,24.24
8/8/2017,24.35
8/7/2017,23.68
8/4/2017,23.79
8/3/2017,23.14
8/2/2017,21.73
8/1/2017,21.3
7/31/2017,21.56
7/28/2017,22.34
7/27/2017,22.3
7/26/2017,22.92
7/25/2017,22.64
7/24/2017,22.83
7/21/2017,21.89
7/20/2017,21.99
7/19/2017,21.68
7/18/2017,21.88
7/17/2017,21.3
7/14/2017,21.85
7/13/2017,21.56
7/12/2017,21.97
7/11/2017,21.81
7/10/2017,21.07
7/7/2017,20.88
7/6/2017,20.59
7/5/2017,21.81
7/3/2017,23.51
6/30/2017,24.11
6/29/2017,24.05
6/28/2017,24.75
6/27/2017,24.16
6/26/2017,25.17
6/23/2017,25.56
6/22/2017,25.51
6/21/2017,25.09
6/20/2017,24.82
6/19/2017,24.65
6/16/2017,24.76
6/15/2017,25.02
6/14/2017,25.38
6/13/2017,25.06
6/12/2017,23.93
6/9/2017,23.82
6/8/2017,24.67
6/7/2017,23.98
6/6/2017,23.52
6/5/2017,23.15
6/2/2017,22.66
6/1/2017,22.69
5/31/2017,22.73
5/30/2017,22.34
5/26/2017,21.68
5/25/2017,21.12
5/24/2017,20.68
5/23/2017,20.26
5/22/2017,20.69
5/19/2017,20.72
5/18/2017,20.87
5/17/2017,20.41
5/16/2017,21.13
5/15/2017,21.06
5/12/2017,21.65
5/11/2017,21.54
5/10/2017,21.68
5/9/2017,21.42
5/8/2017,20.48
5/5/2017,20.56
5/4/2017,19.7
5/3/2017,20.73
5/2/2017,21.26
5/1/2017,21.52
4/28/2017,20.94
4/27/2017,20.58
4/26/2017,20.68
4/25/2017,20.92
4/24/2017,20.54
4/21/2017,20.37
4/20/2017,20.17
4/19/2017,20.37
4/18/2017,20.02
4/17/2017,20.1
4/13/2017,20.27
4/12/2017,19.79
4/11/2017,20.58
4/10/2017,20.83
4/7/2017,20.17
4/6/2017,19.91
4/5/2017,19.67
4/4/2017,20.25
4/3/2017,19.9
3/31/2017,18.55
3/30/2017,18.53
3/29/2017,18.49
3/28/2017,18.5
3/27/2017,18.01
3/24/2017,17.54
3/23/2017,16.99
3/22/2017,17
3/21/2017,16.71
3/20/2017,17.46
3/17/2017,17.43
3/16/2017,17.47
3/15/2017,17.05
3/14/2017,17.2
3/13/2017,16.41
3/10/2017,16.25
3/9/2017,16.33
3/8/2017,16.46
3/7/2017,16.57
3/6/2017,16.75
3/3/2017,16.77
3/2/2017,16.7
3/1/2017,16.67
2/28/2017,16.67
2/27/2017,16.42
2/24/2017,17.13
2/23/2017,17.07
2/22/2017,18.23
2/21/2017,18.49
2/17/2017,18.15
2/16/2017,17.93
2/15/2017,18.65
2/14/2017,18.73
2/13/2017,18.71
2/10/2017,17.95
2/9/2017,17.95
2/8/2017,17.47
2/7/2017,17.17
2/6/2017,17.18
2/3/2017,16.76
2/2/2017,16.77
2/1/2017,16.62
1/31/2017,16.8
1/30/2017,16.71
1/27/2017,16.86
1/26/2017,16.83
1/25/2017,16.96
1/24/2017,16.97
1/23/2017,16.59
1/20/2017,16.32
1/19/2017,16.25
1/18/2017,15.89
1/17/2017,15.71
1/13/2017,15.85
1/12/2017,15.31
1/11/2017,15.32
1/10/2017,15.32
1/9/2017,15.42
1/6/2017,15.27
1/5/2017,15.12
1/4/2017,15.13
1/3/2017,14.47
12/30/2016,14.25
12/29/2016,14.31
12/28/2016,14.65
12/27/2016,14.64
12/23/2016,14.22
12/22/2016,13.9
12/21/2016,13.85
12/20/2016,13.92
12/19/2016,13.52
12/16/2016,13.5
12/15/2016,13.17
12/14/2016,13.25
12/13/2016,13.21
12/12/2016,12.83
12/9/2016,12.81
12/8/2016,12.82
12/7/2016,12.88
12/6/2016,12.39
12/5/2016,12.45
12/2/2016,12.1
12/1/2016,12.13
11/30/2016,12.63
11/29/2016,12.64
11/28/2016,13.07
11/25/2016,13.11
11/23/2016,12.88
11/22/2016,12.74
11/21/2016,12.3
11/18/2016,12.33
11/17/2016,12.58
11/16/2016,12.26
11/15/2016,12.25
11/14/2016,12.1
11/11/2016,12.57
11/10/2016,12.36
11/9/2016,12.67
11/8/2016,13
11/7/2016,12.88
11/4/2016,12.7
11/3/2016,12.49
11/2/2016,12.53
11/1/2016,12.72
10/31/2016,13.18
10/28/2016,13.33
10/27/2016,13.6
10/26/2016,13.48
10/25/2016,13.49
10/24/2016,13.52
10/21/2016,13.34
10/20/2016,13.27
10/19/2016,13.57
10/18/2016,13.27
10/17/2016,12.93
10/14/2016,13.1
10/13/2016,13.35
10/12/2016,13.43
10/11/2016,13.34
10/10/2016,13.4
10/7/2016,13.11
10/6/2016,13.4
10/5/2016,13.9
10/4/2016,14.09
10/3/2016,14.25
9/30/2016,13.6
9/29/2016,13.38
9/28/2016,13.75
9/27/2016,13.72
9/26/2016,13.93
9/23/2016,13.83
9/22/2016,13.76
9/21/2016,13.68
9/20/2016,13.64
9/19/2016,13.76
9/16/2016,13.69
9/15/2016,13.36
9/14/2016,13.09
9/13/2016,13.07
9/12/2016,13.22
9/9/2016,12.96
9/8/2016,13.16
9/7/2016,13.45
9/6/2016,13.52
9/2/2016,13.19
9/1/2016,13.38
8/31/2016,14.13
8/30/2016,14.09
8/29/2016,14.35
8/26/2016,14.67
8/25/2016,14.73
8/24/2016,14.84
8/23/2016,14.99
8/22/2016,14.86
8/19/2016,15
8/18/2016,14.9
8/17/2016,14.88
8/16/2016,14.91
8/15/2016,15.04
8/12/2016,15.04
8/11/2016,14.99
8/10/2016,15.04
8/9/2016,15.27
8/8/2016,15.08
8/5/2016,15.34
8/4/2016,15.37
8/3/2016,15.05
8/2/2016,15.15
8/1/2016,15.33
7/29/2016,15.65
7/28/2016,15.37
7/27/2016,15.23
7/26/2016,15.3
7/25/2016,15.33
7/22/2016,14.82
7/21/2016,14.7
7/20/2016,15.22
7/19/2016,15.02
7/18/2016,15.08
7/15/2016,14.69
7/14/2016,14.77
7/13/2016,14.84
7/12/2016,14.98
7/11/2016,14.99
7/8/2016,14.45
7/7/2016,14.4
7/6/2016,14.3
7/5/2016,14.27
7/1/2016,14.43
6/30/2016,14.15
6/29/2016,14.01
6/28/2016,13.45
6/27/2016,13.24
6/24/2016,12.88
6/23/2016,13.09
6/22/2016,13.11
6/21/2016,14.64
6/20/2016,14.65
6/17/2016,14.36
6/16/2016,14.53
6/15/2016,14.51
6/14/2016,14.33
6/13/2016,14.52
6/10/2016,14.59
6/9/2016,15.29
6/8/2016,15.7
6/7/2016,15.49
6/6/2016,14.71
6/3/2016,14.6
6/2/2016,14.6
6/1/2016,14.64
5/31/2016,14.88
5/27/2016,14.87
5/26/2016,15.01
5/25/2016,14.64
5/24/2016,14.53
5/23/2016,14.41
5/20/2016,14.69
5/19/2016,14.35
5/18/2016,14.08
5/17/2016,13.64
5/16/2016,13.89
5/13/2016,13.84
5/12/2016,13.82
5/11/2016,13.93
5/10/2016,13.91
5/9/2016,13.93
5/6/2016,14.33
5/5/2016,14.1
5/4/2016,14.84
5/3/2016,15.49
5/2/2016,16.12
4/29/2016,16.05
4/28/2016,16.51
4/27/2016,16.76
4/26/2016,16.92
4/25/2016,16.79
4/22/2016,16.92
4/21/2016,16.55
4/20/2016,16.66
4/19/2016,16.49
4/18/2016,16.93
4/15/2016,16.97
4/14/2016,16.79
4/13/2016,16.97
4/12/2016,16.52
4/11/2016,16.66
4/8/2016,16.67
4/7/2016,17.15
4/6/2016,17.69
4/5/2016,17.03
4/4/2016,16.47
4/1/2016,15.84
3/31/2016,15.32
3/30/2016,15.13
3/29/2016,15.34
3/28/2016,15.35
3/24/2016,15.18
3/23/2016,14.84
3/22/2016,15.62
3/21/2016,15.89
3/18/2016,15.52
3/17/2016,15.09
3/16/2016,14.8
3/15/2016,14.56
3/14/2016,14.34
3/11/2016,13.83
3/10/2016,13.68
3/9/2016,13.91
3/8/2016,13.51
3/7/2016,13.69
3/4/2016,13.4
3/3/2016,13.05
3/2/2016,12.56
3/1/2016,12.42
2/29/2016,12.8
2/26/2016,12.69
2/25/2016,12.5
2/24/2016,11.93
2/23/2016,11.81
2/22/2016,11.85
2/19/2016,11.11
2/18/2016,11.12
2/17/2016,11.25
2/16/2016,10.34
2/12/2016,10.07
2/11/2016,10.03
2/10/2016,9.58
2/9/2016,9.88
2/8/2016,9.87
2/5/2016,10.84
2/4/2016,11.69
2/3/2016,11.57
2/2/2016,12.19
2/1/2016,13.13
1/29/2016,12.75
1/28/2016,12.65
1/27/2016,12.54
1/26/2016,12.9
1/25/2016,13.09
1/22/2016,13.5
1/21/2016,13.33
1/20/2016,13.25
1/19/2016,13.65
1/15/2016,13.67
1/14/2016,13.75
1/13/2016,13.35
1/12/2016,14
1/11/2016,13.86
1/8/2016,14.07
1/7/2016,14.38
1/6/2016,14.6
1/5/2016,14.9
1/4/2016,14.89
12/31/2015,16
12/30/2015,15.87
12/29/2015,15.81
12/28/2015,15.26
12/24/2015,15.37
12/23/2015,15.31
12/22/2015,15.33
12/21/2015,15.5
12/18/2015,15.36
12/17/2015,15.56
12/16/2015,15.63
12/15/2015,14.74
12/14/2015,14.57
12/11/2015,14.47
12/10/2015,15.14
12/9/2015,14.97
12/8/2015,15.11
12/7/2015,15.41
12/4/2015,15.36
12/3/2015,15.51
12/2/2015,15.47
12/1/2015,15.81
11/30/2015,15.35
11/27/2015,15.44
11/25/2015,15.31
11/24/2015,14.55
11/23/2015,14.52
11/20/2015,14.67
11/19/2015,14.79
11/18/2015,14.74
11/17/2015,14.27
11/16/2015,14.29
11/13/2015,13.81
11/12/2015,14.2
11/11/2015,14.61
11/10/2015,14.43
11/9/2015,15.02
11/6/2015,15.49
11/5/2015,15.45
11/4/2015,15.44
11/3/2015,13.89
11/2/2015,14.25
10/30/2015,13.8
10/29/2015,14.11
10/28/2015,14.2
10/27/2015,14.02
10/26/2015,14.35
10/23/2015,13.94
10/22/2015,14.11
10/21/2015,14.01
10/20/2015,14.2
10/19/2015,15.21
10/16/2015,15.13
10/15/2015,14.75
10/14/2015,14.46
10/13/2015,14.62
10/12/2015,14.37
10/9/2015,14.71
10/8/2015,15.11
10/7/2015,15.46
10/6/2015,16.1
10/5/2015,16.41
10/2/2015,16.5
10/1/2015,15.99
9/30/2015,16.56
9/29/2015,16.44
9/28/2015,16.56
9/25/2015,17.13
9/24/2015,17.54
9/23/2015,17.4
9/22/2015,17.4
9/21/2015,17.61
9/18/2015,17.37
9/17/2015,17.47
9/16/2015,17.48
9/15/2015,16.9
9/14/2015,16.88
9/11/2015,16.68
9/10/2015,16.57
9/9/2015,16.59
9/8/2015,16.54
9/4/2015,16.13
9/3/2015,16.37
9/2/2015,16.51
9/1/2015,15.91
8/31/2015,16.6
8/28/2015,16.57
8/27/2015,16.2
8/26/2015,14.99
8/25/2015,14.67
8/24/2015,14.59
8/21/2015,15.38
8/20/2015,16.15
8/19/2015,17.02
8/18/2015,17.38
8/17/2015,17
8/14/2015,16.21
8/13/2015,16.17
8/12/2015,15.88
8/11/2015,15.82
8/10/2015,16.08
8/7/2015,16.17
8/6/2015,16.41
8/5/2015,18.01
8/4/2015,17.75
8/3/2015,17.33
7/31/2015,17.74
7/30/2015,17.79
7/29/2015,17.59
7/28/2015,17.65
7/27/2015,16.87
7/24/2015,17.69
7/23/2015,17.81
7/22/2015,17.86
7/21/2015,17.78
7/20/2015,18.82
7/17/2015,18.31
7/16/2015,17.78
7/15/2015,17.54
7/14/2015,17.71
7/13/2015,17.48
7/10/2015,17.28
7/9/2015,17.19
7/8/2015,17
7/7/2015,17.86
7/6/2015,18.65
7/2/2015,18.67
7/1/2015,17.94
6/30/2015,17.88
6/29/2015,17.47
6/26/2015,17.81
6/25/2015,17.92
6/24/2015,17.68
6/23/2015,17.84
6/22/2015,17.32
6/19/2015,17.5
6/18/2015,17.46
6/17/2015,17.36
6/16/2015,16.87
6/15/2015,16.69
6/12/2015,16.71
6/11/2015,16.76
6/10/2015,16.71
6/9/2015,17.07
6/8/2015,17.09
6/5/2015,16.61
6/4/2015,16.39
6/3/2015,16.6
6/2/2015,16.56
6/1/2015,16.63
5/29/2015,16.72
5/28/2015,16.76
5/27/2015,16.5
5/26/2015,16.5
5/22/2015,16.52
5/21/2015,16.37
5/20/2015,16.29
5/19/2015,16.48
5/18/2015,16.58
5/15/2015,16.59
5/14/2015,16.27
5/13/2015,16.21
5/12/2015,16.32
5/11/2015,15.97
5/8/2015,15.77
5/7/2015,15.79
5/6/2015,15.36
5/5/2015,15.53
5/4/2015,15.37
5/1/2015,15.07
4/30/2015,15.07
4/29/2015,15.5
4/28/2015,15.37
4/27/2015,15.44
4/24/2015,14.56
4/23/2015,14.57
4/22/2015,14.63
4/21/2015,13.96
4/20/2015,13.68
4/17/2015,13.79
4/16/2015,13.78
4/15/2015,13.86
4/14/2015,13.83
4/13/2015,13.99
4/10/2015,14.06
4/9/2015,14.01
4/8/2015,13.84
4/7/2015,13.55
4/6/2015,13.54
4/2/2015,12.73
4/1/2015,12.51
3/31/2015,12.58
3/30/2015,12.7
3/27/2015,12.33
3/26/2015,12.69
3/25/2015,12.95
3/24/2015,13.45
3/23/2015,13.31
3/20/2015,13.21
3/19/2015,13.04
3/18/2015,13.38
3/17/2015,12.98
3/16/2015,13.05
3/13/2015,12.58
3/12/2015,12.74
3/11/2015,12.92
3/10/2015,12.69
3/9/2015,12.73
3/6/2015,12.93
3/5/2015,13.38
3/4/2015,13.5
3/3/2015,13.3
3/2/2015,13.15
2/27/2015,13.56
2/26/2015,13.81
2/25/2015,13.58
2/24/2015,13.61
2/23/2015,13.82
2/20/2015,14.47
2/19/2015,14.11
2/18/2015,13.63
2/17/2015,13.62
2/13/2015,13.58
2/12/2015,13.53
2/11/2015,14.19
2/10/2015,14.42
2/9/2015,14.5
2/6/2015,14.49
2/5/2015,14.73
2/4/2015,14.57
2/3/2015,14.56
2/2/2015,14.06
1/30/2015,13.57
1/29/2015,13.68
1/28/2015,13.29
1/27/2015,13.73
1/26/2015,13.77
1/23/2015,13.42
1/22/2015,13.44
1/21/2015,13.1
1/20/2015,12.8
1/16/2015,12.87
1/15/2015,12.79
1/14/2015,12.85
1/13/2015,13.62
1/12/2015,13.48
1/9/2015,13.78
1/8/2015,14.04
1/7/2015,14.06
1/6/2015,14.09
1/5/2015,14.01
1/2/2015,14.62
12/31/2014,14.83
12/30/2014,14.82
12/29/2014,15.05
12/26/2014,15.19
12/24/2014,14.82
12/23/2014,14.73
12/22/2014,14.84
12/19/2014,14.62
12/18/2014,14.55
12/17/2014,13.72
12/16/2014,13.19
12/15/2014,13.6
12/12/2014,13.8
12/11/2014,13.93
12/10/2014,13.99
12/9/2014,14.46
12/8/2014,14.29
12/5/2014,14.91
12/4/2014,15.22
12/3/2014,15.29
12/2/2014,15.43
12/1/2014,15.44
11/28/2014,16.3
11/26/2014,16.56
11/25/2014,16.54
11/24/2014,16.45
11/21/2014,16.19
11/20/2014,16.58
11/19/2014,16.52
11/18/2014,17.18
11/17/2014,16.93
11/14/2014,17.25
11/13/2014,16.78
11/12/2014,16.61
11/11/2014,16.74
11/10/2014,16.13
11/7/2014,16.01
11/6/2014,16.08
11/5/2014,15.4
11/4/2014,15.93
11/3/2014,16.17
10/31/2014,16.11
10/30/2014,15.91
10/29/2014,15.87
10/28/2014,16.18
10/27/2014,14.78
10/24/2014,15.68
10/23/2014,15.69
10/22/2014,15.41
10/21/2014,15.69
10/20/2014,15.36
10/17/2014,15.17
10/16/2014,15.09
10/15/2014,15.31
10/14/2014,15.14
10/13/2014,14.97
10/10/2014,15.79
10/9/2014,17.13
10/8/2014,17.29
10/7/2014,17.3
10/6/2014,17.37
10/3/2014,17.01
10/2/2014,16.76
10/1/2014,16.02
9/30/2014,16.18
9/29/2014,16.35
9/26/2014,16.44
9/25/2014,16.46
9/24/2014,16.81
9/23/2014,16.69
9/22/2014,16.67
9/19/2014,17.29
9/18/2014,17.59
9/17/2014,17.43
9/16/2014,17.38
9/15/2014,16.92
9/12/2014,18.61
9/11/2014,18.69
9/10/2014,18.74
9/9/2014,18.57
9/8/2014,18.81
9/5/2014,18.49
9/4/2014,19.07
9/3/2014,18.75
9/2/2014,18.94
8/29/2014,17.98
8/28/2014,17.59
8/27/2014,17.55
8/26/2014,17.45
8/25/2014,17.5
8/22/2014,17.12
8/21/2014,16.96
8/20/2014,17.05
8/19/2014,17.12
8/18/2014,17.33
8/15/2014,17.47
8/14/2014,17.43
8/13/2014,17.35
8/12/2014,17.33
8/11/2014,17.29
8/8/2014,16.54
8/7/2014,16.83
8/6/2014,16.6
8/5/2014,15.9
8/4/2014,15.9
8/1/2014,15.55
7/31/2014,14.89
7/30/2014,15.26
7/29/2014,15
7/28/2014,14.99
7/25/2014,14.9
7/24/2014,14.9
7/23/2014,14.83
7/22/2014,14.64
7/21/2014,14.7
7/18/2014,14.67
7/17/2014,14.36
7/16/2014,14.48
7/15/2014,14.64
7/14/2014,15.11
7/11/2014,14.54
7/10/2014,14.63
7/9/2014,14.87
7/8/2014,14.6
7/7/2014,14.84
7/3/2014,15.28
7/2/2014,15.29
7/1/2014,15.98
6/30/2014,16
6/27/2014,15.94
6/26/2014,15.71
6/25/2014,15.79
6/24/2014,15.5
6/23/2014,15.81
6/20/2014,15.31
6/19/2014,15.19
6/18/2014,15.14
6/17/2014,15.44
6/16/2014,14.97
6/13/2014,13.76
6/12/2014,13.57
6/11/2014,13.63
6/10/2014,13.49
6/9/2014,13.69
6/6/2014,13.88
6/5/2014,13.79
6/4/2014,13.6
6/3/2014,13.66
6/2/2014,13.65
5/30/2014,13.85
5/29/2014,14.02
5/28/2014,14.02
5/27/2014,14.1
5/23/2014,13.82
5/22/2014,13.66
5/21/2014,13.3
5/20/2014,13.02
5/19/2014,13.07
5/16/2014,12.77
5/15/2014,12.57
5/14/2014,12.71
5/13/2014,12.68
5/12/2014,12.31
5/9/2014,12.15
5/8/2014,11.91
5/7/2014,13.42
5/6/2014,13.82
5/5/2014,14.44
5/2/2014,14.06
5/1/2014,13.85
4/30/2014,13.86
4/29/2014,13.79
4/28/2014,13.23
4/25/2014,13.32
4/24/2014,13.86
4/23/2014,13.87
4/22/2014,14.58
4/21/2014,13.63
4/17/2014,13.21
4/16/2014,13.27
4/15/2014,12.93
4/14/2014,13.21
4/11/2014,13.59
4/10/2014,13.61
4/9/2014,14.46
4/8/2014,14.36
4/7/2014,13.83
4/4/2014,14.15
4/3/2014,15.03
4/2/2014,15.35
4/1/2014,14.46
3/31/2014,13.9
3/28/2014,14.16
3/27/2014,13.82
3/26/2014,14.2
3/25/2014,14.7
3/24/2014,14.68
3/21/2014,15.26
3/20/2014,15.66
3/19/2014,15.72
3/18/2014,16
3/17/2014,15.6
3/14/2014,15.4
3/13/2014,15.85
3/12/2014,16.1
3/11/2014,15.63
3/10/2014,15.92
3/7/2014,16.41
3/6/2014,16.86
3/5/2014,16.84
3/4/2014,16.99
3/3/2014,16.7
2/28/2014,16.32
2/27/2014,16.84
2/26/2014,16.87
2/25/2014,16.53
2/24/2014,14.51
2/21/2014,13.97
2/20/2014,14
2/19/2014,12.91
2/18/2014,13.58
2/14/2014,13.22
2/13/2014,13.31
2/12/2014,13.02
2/11/2014,13.11
2/10/2014,13.1
2/7/2014,12.44
2/6/2014,11.89
2/5/2014,11.63
2/4/2014,11.92
2/3/2014,11.81
1/31/2014,12.09
1/30/2014,12.19
1/29/2014,11.68
1/28/2014,11.89
1/27/2014,11.31
1/24/2014,11.64
1/23/2014,12.1
1/22/2014,11.9
1/21/2014,11.78
1/17/2014,11.33
1/16/2014,11.4
1/15/2014,10.94
1/14/2014,10.75
1/13/2014,9.29
1/10/2014,9.71
1/9/2014,9.84
1/8/2014,10.09
1/7/2014,9.96
1/6/2014,9.8
1/3/2014,9.97
1/2/2014,10.01
12/31/2013,10.03
12/30/2013,10.16
12/27/2013,10.07
12/26/2013,10.37
12/24/2013,10.09
12/23/2013,9.57
12/20/2013,9.55
12/19/2013,9.38
12/18/2013,9.87
12/17/2013,10.16
12/16/2013,9.86
12/13/2013,9.84
12/12/2013,9.83
12/11/2013,9.31
12/10/2013,9.48
12/9/2013,9.44
12/6/2013,9.16
12/5/2013,9.37
12/4/2013,9.26
12/3/2013,9.65
12/2/2013,8.28
11/29/2013,8.49
11/27/2013,8.46
11/26/2013,8.03
11/25/2013,8.06
11/22/2013,8.09
11/21/2013,8.14
11/20/2013,8.07
11/19/2013,8.41
11/18/2013,8.11
11/15/2013,9.03
11/14/2013,9.17
11/13/2013,9.25
11/12/2013,9.19
11/11/2013,9.65
11/8/2013,9.2
11/7/2013,9.32
11/6/2013,10.08
11/5/2013,11.79
11/4/2013,11.68
11/1/2013,10.81
10/31/2013,10.66
10/30/2013,10.61
10/29/2013,10.96
10/28/2013,10.86
10/25/2013,11.31
10/24/2013,11.54
10/23/2013,10.97
10/22/2013,11.44
10/21/2013,11.51
10/18/2013,12.23
10/17/2013,12.19
10/16/2013,12.24
10/15/2013,12.26
10/14/2013,11.98
10/11/2013,11.91
10/10/2013,11.53
10/9/2013,11.25
10/8/2013,11.65
10/7/2013,12.2
10/4/2013,12.07
10/3/2013,11.55
10/2/2013,12.06
10/1/2013,12.87
9/30/2013,12.89
9/27/2013,12.73
9/26/2013,12.58
9/25/2013,12.35
9/24/2013,12.16
9/23/2013,12.07
9/20/2013,12.23
9/19/2013,11.86
9/18/2013,11.08
9/17/2013,11.08
9/16/2013,11.11
9/13/2013,11.04
9/12/2013,11
9/11/2013,10.9
9/10/2013,11.09
9/9/2013,10.71
9/6/2013,11.13
9/5/2013,11.33
9/4/2013,11.37
9/3/2013,11.26
8/30/2013,11.27
8/29/2013,11.07
8/28/2013,11.1
8/27/2013,11.13
8/26/2013,10.95
8/23/2013,10.79
8/22/2013,10.47
8/21/2013,9.86
8/20/2013,9.97
8/19/2013,9.66
8/16/2013,9.47
8/15/2013,9.31
8/14/2013,9.29
8/13/2013,9.7
8/12/2013,9.83
8/9/2013,10.2
8/8/2013,10.23
8/7/2013,8.95
8/6/2013,9.48
8/5/2013,9.65
8/2/2013,9.2
8/1/2013,9.04
7/31/2013,8.95
7/30/2013,8.78
7/29/2013,8.97
7/26/2013,8.63
7/25/2013,8.27
7/24/2013,8.11
7/23/2013,8.18
7/22/2013,8.16
7/19/2013,7.98
7/18/2013,7.94
7/17/2013,8.02
7/16/2013,7.27
7/15/2013,8.48
7/12/2013,8.66
7/11/2013,8.37
7/10/2013,8.15
7/9/2013,8.23
7/8/2013,8.11
7/5/2013,8.01
7/3/2013,7.68
7/2/2013,7.85
7/1/2013,7.81
6/28/2013,7.16
6/27/2013,7.28
6/26/2013,7.05
6/25/2013,6.83
6/24/2013,6.77
6/21/2013,6.64
6/20/2013,6.71
6/19/2013,6.98
6/18/2013,6.89
6/17/2013,6.81
6/14/2013,6.69
6/13/2013,6.55
6/12/2013,6.52
6/11/2013,6.3
6/10/2013,6.67
6/7/2013,6.8
6/6/2013,6.49
6/5/2013,6.36
6/4/2013,6.32
6/3/2013,6.17
5/31/2013,6.52
5/30/2013,7
5/29/2013,6.98
5/28/2013,7.36
5/24/2013,6.47
5/23/2013,6.18
5/22/2013,5.82
5/21/2013,5.84
5/20/2013,6
5/17/2013,6.1
5/16/2013,6.15
5/15/2013,5.66
5/14/2013,5.55
5/13/2013,5.85
5/10/2013,5.12
5/9/2013,4.63
5/8/2013,3.72
5/7/2013,3.7
5/6/2013,3.97
5/3/2013,3.64
5/2/2013,3.61
5/1/2013,3.55
4/30/2013,3.6
4/29/2013,3.66
4/26/2013,3.41
4/25/2013,3.47
4/24/2013,3.36
4/23/2013,3.4
4/22/2013,3.35
4/19/2013,3.19
4/18/2013,3.13
4/17/2013,3.03
4/16/2013,3.04
4/15/2013,2.89
4/12/2013,2.92
4/11/2013,2.91
4/10/2013,2.79
4/9/2013,2.7
4/8/2013,2.79
4/5/2013,2.76
4/4/2013,2.8
4/3/2013,2.74
4/2/2013,2.96
4/1/2013,2.93
3/28/2013,2.53
3/27/2013,2.54
3/26/2013,2.52
3/25/2013,2.5
3/22/2013,2.44
3/21/2013,2.4
3/20/2013,2.4
3/19/2013,2.34
3/18/2013,2.34
3/15/2013,2.35
3/14/2013,2.46
3/13/2013,2.6
3/12/2013,2.61
3/11/2013,2.61
3/8/2013,2.56
3/7/2013,2.55
3/6/2013,2.51
3/5/2013,2.44
3/4/2013,2.37
3/1/2013,2.31
2/28/2013,2.32
2/27/2013,2.34
2/26/2013,2.3
2/25/2013,2.29
2/22/2013,2.41
2/21/2013,2.34
2/20/2013,2.57
2/19/2013,2.62
2/15/2013,2.47
2/14/2013,2.55
2/13/2013,2.56
2/12/2013,2.53
2/11/2013,2.56
2/8/2013,2.62
2/7/2013,2.63
2/6/2013,2.61
2/5/2013,2.54
2/4/2013,2.52
2/1/2013,2.55
1/31/2013,2.5
1/30/2013,2.5
1/29/2013,2.53
1/28/2013,2.54
1/25/2013,2.47
1/24/2013,2.47
1/23/2013,2.4
1/22/2013,2.35
1/18/2013,2.3
1/17/2013,2.29
1/16/2013,2.27
1/15/2013,2.26
1/14/2013,2.22
1/11/2013,2.19
1/10/2013,2.24
1/9/2013,2.24
1/8/2013,2.25
1/7/2013,2.29
1/4/2013,2.29
1/3/2013,2.32
1/2/2013,2.36
12/31/2012,2.26
12/28/2012,2.21
12/27/2012,2.25
12/26/2012,2.24
12/24/2012,2.29
12/21/2012,2.27
12/20/2012,2.3
12/19/2012,2.31
12/18/2012,2.31
12/17/2012,2.29
12/14/2012,2.25
12/13/2012,2.24
12/12/2012,2.35
12/11/2012,2.35
12/10/2012,2.3
12/7/2012,2.28
12/6/2012,2.26
12/5/2012,2.25
12/4/2012,2.26
12/3/2012,2.31
11/30/2012,2.25
11/29/2012,2.25
11/28/2012,2.22
11/27/2012,2.14
11/26/2012,2.15
11/23/2012,2.14
11/21/2012,2.16
11/20/2012,2.2
11/19/2012,2.19
11/16/2012,2.12
11/15/2012,2.05
11/14/2012,2.09
11/13/2012,2.11
11/12/2012,2.07
11/9/2012,2.02
11/8/2012,2.09
11/7/2012,2.1
11/6/2012,2.08
11/5/2012,2.1
11/2/2012,1.93
11/1/2012,1.95
10/31/2012,1.88
10/26/2012,1.83
10/25/2012,1.83
10/24/2012,1.83
10/23/2012,1.89
10/22/2012,1.86
10/19/2012,1.85
10/18/2012,1.87
10/17/2012,1.92
10/16/2012,1.87
10/15/2012,1.82
10/12/2012,1.84
10/11/2012,1.89
10/10/2012,1.89
10/9/2012,1.89
10/8/2012,1.95
10/5/2012,1.93
10/4/2012,1.96
10/3/2012,1.95
10/2/2012,1.99
10/1/2012,1.94
9/28/2012,1.95
9/27/2012,1.9
9/26/2012,1.84
9/25/2012,1.84
9/24/2012,2.04
9/21/2012,2
9/20/2012,2.06
9/19/2012,2.07
9/18/2012,2.09
9/17/2012,2.17
9/14/2012,2.03
9/13/2012,1.97
9/12/2012,1.89
9/11/2012,1.85
9/10/2012,1.82
9/7/2012,1.96
9/6/2012,1.9
9/5/2012,1.86
9/4/2012,1.88
8/31/2012,1.9
8/30/2012,1.89
8/29/2012,1.89
8/28/2012,1.91
8/27/2012,1.89
8/24/2012,1.97
8/23/2012,2.05
8/22/2012,2
8/21/2012,1.94
8/20/2012,1.97
8/17/2012,2
8/16/2012,2.02
8/15/2012,1.96
8/14/2012,1.96
8/13/2012,2.08
8/10/2012,2
8/9/2012,1.96
8/8/2012,1.94
8/7/2012,2.02
8/6/2012,1.88
8/3/2012,1.82
8/2/2012,1.74
8/1/2012,1.75
7/31/2012,1.83
7/30/2012,1.82
7/27/2012,1.97
7/26/2012,1.88
7/25/2012,1.93
7/24/2012,1.99
7/23/2012,2.04
7/20/2012,2.12
7/19/2012,2.15
7/18/2012,2.14
7/17/2012,2.22
7/16/2012,2.4
7/13/2012,2.28
7/12/2012,2.18
7/11/2012,2.1
7/10/2012,2.08
7/9/2012,2.1
7/6/2012,2.07
7/5/2012,2.08
7/3/2012,2.04
7/2/2012,2.03
6/29/2012,2.09
6/28/2012,2.09
6/27/2012,2.13
6/26/2012,2.11
6/25/2012,2.21
6/22/2012,2.25
6/21/2012,2.15
6/20/2012,2.25
6/19/2012,2.14
6/18/2012,2.12
6/15/2012,1.99
6/14/2012,1.96
6/13/2012,1.98
6/12/2012,1.98
6/11/2012,1.94
6/8/2012,2.01
6/7/2012,1.93
6/6/2012,1.95
6/5/2012,1.86
6/4/2012,1.86
6/1/2012,1.88
5/31/2012,1.97
5/30/2012,2.03
5/29/2012,2.11
5/25/2012,1.99
5/24/2012,2.02
5/23/2012,2.07
5/22/2012,2.05
5/21/2012,1.92
5/18/2012,1.84
5/17/2012,1.9
5/16/2012,1.95
5/15/2012,1.96
5/14/2012,2
5/11/2012,2.15
5/10/2012,2.2
5/9/2012,2
5/8/2012,2.01
5/7/2012,2.16
5/4/2012,2.12
5/3/2012,2.16
5/2/2012,2.26
5/1/2012,2.25
4/30/2012,2.21
4/27/2012,2.22
4/26/2012,2.23
4/25/2012,2.19
4/24/2012,2.12
4/23/2012,2.13
4/20/2012,2.21
4/19/2012,2.21
4/18/2012,2.18
4/17/2012,2.15
4/16/2012,2.15
4/13/2012,2.24
4/12/2012,2.23
4/11/2012,2.21
4/10/2012,2.16
4/9/2012,2.21
4/5/2012,2.3
4/4/2012,2.33
4/3/2012,2.53
4/2/2012,2.44
3/30/2012,2.48
3/29/2012,2.49
3/28/2012,2.52
3/27/2012,2.53
3/26/2012,2.49
3/23/2012,2.27
3/22/2012,2.29
3/21/2012,2.34
3/20/2012,2.33
3/19/2012,2.33
3/16/2012,2.35
3/15/2012,2.33
3/14/2012,2.35
3/13/2012,2.41
3/12/2012,2.4
3/9/2012,2.32
3/8/2012,2.2
3/7/2012,2.21
3/6/2012,2.21
3/5/2012,2.25
3/2/2012,2.27
3/1/2012,2.29
2/29/2012,2.23
2/28/2012,2.25
2/27/2012,2.24
2/24/2012,2.25
2/23/2012,2.3
2/22/2012,2.28
2/21/2012,2.3
2/17/2012,2.33
2/16/2012,2.28
2/15/2012,2.24
2/14/2012,2.21
2/13/2012,2.1
2/10/2012,2.07
2/9/2012,2.17
2/8/2012,2.13
2/7/2012,2.11
2/6/2012,2.12
2/3/2012,2.08
2/2/2012,2.02
2/1/2012,1.97
1/31/2012,1.94
1/30/2012,1.97
1/27/2012,1.96
1/26/2012,1.93
1/25/2012,1.86
1/24/2012,1.83
1/23/2012,1.78
1/20/2012,1.77
1/19/2012,1.78
1/18/2012,1.79
1/17/2012,1.77
1/13/2012,1.52
1/12/2012,1.88
1/11/2012,1.88
1/10/2012,1.84
1/9/2012,1.82
1/6/2012,1.79
1/5/2012,1.81
1/4/2012,1.85
1/3/2012,1.87
12/30/2011,1.9
12/29/2011,1.92
12/28/2011,1.9
12/27/2011,1.9
12/23/2011,1.86
12/22/2011,1.85
12/21/2011,1.84
12/20/2011,1.86
12/19/2011,1.85
12/16/2011,1.87
12/15/2011,1.91
12/14/2011,1.9
12/13/2011,1.96
12/12/2011,2.03
12/9/2011,2.07
12/8/2011,2.06
12/7/2011,2.28
12/6/2011,2.32
12/5/2011,2.29
12/2/2011,2.22
12/1/2011,2.17
11/30/2011,2.18
11/29/2011,2.12
11/28/2011,2.17
11/25/2011,2.11
11/23/2011,2.1
11/22/2011,2.14
11/21/2011,2.12
11/18/2011,2.17
11/17/2011,2.25
11/16/2011,2.33
11/15/2011,2.26
11/14/2011,2.21
11/11/2011,2.24
11/10/2011,2.09
11/9/2011,2.06
11/8/2011,2.12
11/7/2011,2.08
11/4/2011,2.15
11/3/2011,2.16
11/2/2011,1.91
11/1/2011,1.93
10/31/2011,1.96
10/28/2011,1.99
10/27/2011,1.92
10/26/2011,1.87
10/25/2011,1.88
10/24/2011,1.9
10/21/2011,1.87
10/20/2011,1.82
10/19/2011,1.84
10/18/2011,1.89
10/17/2011,1.83
10/14/2011,1.87
10/13/2011,1.86
10/12/2011,1.85
10/11/2011,1.84
10/10/2011,1.86
10/7/2011,1.8
10/6/2011,1.8
10/5/2011,1.69
10/4/2011,1.58
10/3/2011,1.58
9/30/2011,1.63
9/29/2011,1.61
9/28/2011,1.64
9/27/2011,1.75
9/26/2011,1.7
9/23/2011,1.76
9/22/2011,1.71
9/21/2011,1.72
9/20/2011,1.73
9/19/2011,1.72
9/16/2011,1.72
9/15/2011,1.65
9/14/2011,1.62
9/13/2011,1.61
9/12/2011,1.53
9/9/2011,1.53
9/8/2011,1.57
9/7/2011,1.59
9/6/2011,1.53
9/2/2011,1.54
9/1/2011,1.6
8/31/2011,1.65
8/30/2011,1.64
8/29/2011,1.65
8/26/2011,1.58
8/25/2011,1.54
8/24/2011,1.59
8/23/2011,1.53
8/22/2011,1.46
8/19/2011,1.49
8/18/2011,1.62
8/17/2011,1.72
8/16/2011,1.74
8/15/2011,1.75
8/12/2011,1.75
8/11/2011,1.69
8/10/2011,1.59
8/9/2011,1.67
8/8/2011,1.58
8/5/2011,1.62
8/4/2011,1.65
8/3/2011,1.81
8/2/2011,1.82
8/1/2011,1.92
7/29/2011,1.88
7/28/2011,1.88
7/27/2011,1.84
7/26/2011,1.87
7/25/2011,1.9
7/22/2011,1.95
7/21/2011,1.91
7/20/2011,1.91
7/19/2011,1.86
7/18/2011,1.82
7/15/2011,1.84
7/14/2011,1.84
7/13/2011,1.91
7/12/2011,1.88
7/11/2011,1.89
7/8/2011,1.92
7/7/2011,1.98
7/6/2011,1.93
7/5/2011,1.94
7/1/2011,1.93
6/30/2011,1.94
6/29/2011,1.89
6/28/2011,1.87
6/27/2011,1.83
6/24/2011,1.84
6/23/2011,1.85
6/22/2011,1.81
6/21/2011,1.84
6/20/2011,1.73
6/17/2011,1.77
6/16/2011,1.77
6/15/2011,1.82
6/14/2011,1.91
6/13/2011,1.9
6/10/2011,1.86
6/9/2011,1.84
6/8/2011,1.81
6/7/2011,1.89
6/6/2011,1.91
6/3/2011,2.01
6/2/2011,1.92
6/1/2011,1.9
5/31/2011,2.01
5/27/2011,1.97
5/26/2011,1.97
5/25/2011,1.93
5/24/2011,1.78
5/23/2011,1.79
5/20/2011,1.86
5/19/2011,1.88
5/18/2011,1.76
5/17/2011,1.73
5/16/2011,1.77
5/13/2011,1.84
5/12/2011,1.84
5/11/2011,1.8
5/10/2011,1.89
5/9/2011,1.86
5/6/2011,1.81
5/5/2011,1.76
5/4/2011,1.78
5/3/2011,1.79
5/2/2011,1.83
4/29/2011,1.84
4/28/2011,1.84
4/27/2011,1.81
4/26/2011,1.8
4/25/2011,1.76
4/21/2011,1.78
4/20/2011,1.72
4/19/2011,1.68
4/18/2011,1.67
4/15/2011,1.71
4/14/2011,1.68
4/13/2011,1.66
4/12/2011,1.64
4/11/2011,1.68
4/8/2011,1.77
4/7/2011,1.82
4/6/2011,1.77
4/5/2011,1.78
4/4/2011,1.72
4/1/2011,1.78
3/31/2011,1.85
3/30/2011,1.58
3/29/2011,1.59
3/28/2011,1.55
3/25/2011,1.52
3/24/2011,1.49
3/23/2011,1.48
3/22/2011,1.48
3/21/2011,1.52
3/18/2011,1.53
3/17/2011,1.52
3/16/2011,1.52
3/15/2011,1.53
3/14/2011,1.55
3/11/2011,1.6
3/10/2011,1.6
3/9/2011,1.65
3/8/2011,1.64
3/7/2011,1.66
3/4/2011,1.66
3/3/2011,1.62
3/2/2011,1.6
3/1/2011,1.6
2/28/2011,1.59
2/25/2011,1.57
2/24/2011,1.5
2/23/2011,1.46
2/22/2011,1.46
2/18/2011,1.55
2/17/2011,1.57
2/16/2011,1.65
2/15/2011,1.52
2/14/2011,1.54
2/11/2011,1.55
2/10/2011,1.55
2/9/2011,1.55
2/8/2011,1.63
2/7/2011,1.54
2/4/2011,1.56
2/3/2011,1.58
2/2/2011,1.6
2/1/2011,1.59
1/31/2011,1.61
1/28/2011,1.6
1/27/2011,1.66
1/26/2011,1.65
1/25/2011,1.65
1/24/2011,1.63
1/21/2011,1.54
1/20/2011,1.51
1/19/2011,1.6
1/18/2011,1.71
1/14/2011,1.72
1/13/2011,1.75
1/12/2011,1.8
1/11/2011,1.8
1/10/2011,1.9
1/7/2011,1.88
1/6/2011,1.86
1/5/2011,1.79
1/4/2011,1.78
1/3/2011,1.77
12/31/2010,1.78
12/30/2010,1.77
12/29/2010,1.85
12/28/2010,1.76
12/27/2010,1.7
12/23/2010,2.01
12/22/2010,2.18
12/21/2010,2.15
12/20/2010,2.11
12/17/2010,2.09
12/16/2010,2.05
12/15/2010,1.97
12/14/2010,1.9
12/13/2010,2.04
12/10/2010,2.1
12/9/2010,2.14
12/8/2010,2.16
12/7/2010,2.1
12/6/2010,2.02
12/3/2010,2.1
12/2/2010,2.16
12/1/2010,2.29
11/30/2010,2.36
11/29/2010,2.29
11/26/2010,2.35
11/24/2010,2.36
11/23/2010,2.3
11/22/2010,2.23
11/19/2010,2.07
11/18/2010,1.99
11/17/2010,1.97
11/16/2010,1.98
11/15/2010,2.05
11/12/2010,1.99
11/11/2010,1.87
11/10/2010,1.96
11/9/2010,1.64
11/8/2010,1.67
11/5/2010,1.63
11/4/2010,1.66
11/3/2010,1.45
11/2/2010,1.42
11/1/2010,1.43
10/29/2010,1.46
10/28/2010,1.41
10/27/2010,1.4
10/26/2010,1.42
10/25/2010,1.39
10/22/2010,1.38
10/21/2010,1.38
10/20/2010,1.38
10/19/2010,1.34
10/18/2010,1.35
10/15/2010,1.37
10/14/2010,1.38
10/13/2010,1.37
10/12/2010,1.35
10/11/2010,1.35
10/8/2010,1.36
10/7/2010,1.36
10/6/2010,1.36
10/5/2010,1.41
10/4/2010,1.4
10/1/2010,1.37
9/30/2010,1.36
9/29/2010,1.47
9/28/2010,1.43
9/27/2010,1.37
9/24/2010,1.34
9/23/2010,1.3
9/22/2010,1.32
9/21/2010,1.38
9/20/2010,1.4
9/17/2010,1.35
9/16/2010,1.4
9/15/2010,1.47
9/14/2010,1.41
9/13/2010,1.38
9/10/2010,1.34
9/9/2010,1.38
9/8/2010,1.39
9/7/2010,1.37
9/3/2010,1.4
9/2/2010,1.4
9/1/2010,1.36
8/31/2010,1.3
8/30/2010,1.32
8/27/2010,1.31
8/26/2010,1.32
8/25/2010,1.33
8/24/2010,1.28
8/23/2010,1.34
8/20/2010,1.27
8/19/2010,1.25
8/18/2010,1.25
8/17/2010,1.28
8/16/2010,1.25
8/13/2010,1.22
8/12/2010,1.17
8/11/2010,1.19
8/10/2010,1.27
8/9/2010,1.31
8/6/2010,1.31
8/5/2010,1.36
8/4/2010,1.42
8/3/2010,1.46
8/2/2010,1.39
7/30/2010,1.33
7/29/2010,1.36
7/28/2010,1.38
7/27/2010,1.37
7/26/2010,1.4
7/23/2010,1.42
7/22/2010,1.4
7/21/2010,1.35
7/20/2010,1.35
7/19/2010,1.46
7/16/2010,1.38
7/15/2010,1.33
7/14/2010,1.32
7/13/2010,1.21
7/12/2010,1.14
7/9/2010,1.16
7/8/2010,1.16
7/7/2010,1.05
7/6/2010,1.07
7/2/2010,1.28
7/1/2010,1.46
6/30/2010,1.59
